split_strategy,fold,epoch,training_rmse,held_out_rmse
random,1,1,1.0719517858217074,0.9895308639088615
random,1,2,0.9711789895584835,0.9445255831524129
random,1,3,0.9107348352865631,0.8673105553481834
random,1,4,0.8713008799863657,0.8651449993709639
random,1,5,0.833970594471386,0.8172757583363212
random,1,6,0.7958790230993849,0.8473296631738332
random,1,7,0.7788853225290596,0.9140111779153299
random,1,8,0.7527512647910721,0.8086191268546054
random,1,9,0.717454593505501,0.7922804307796493
random,1,10,0.7230860601298407,0.8120463886540801
random,1,11,0.7045663546369462,0.7847912829049495
random,1,12,0.6924889941908725,0.7794346279791953
random,1,13,0.6705696530946678,0.8331324522492233
random,1,14,0.6574094416377605,0.7786610157362149
random,1,15,0.6519385928959253,0.8377078474219266
random,1,16,0.6367032888017299,0.7607308059393806
random,1,17,0.6333035785758622,0.845517557205496
random,1,18,0.6161713958448016,0.7626454948500235
random,1,19,0.6081035473437703,0.8143844150597498
random,1,20,0.6062302622823481,0.78297229356431
random,1,21,0.5913311212611015,0.7510289694705744
random,1,22,0.5806334998493842,0.8006614990811428
random,1,23,0.5704304839190403,0.7902969917230704
random,1,24,0.5772602637089054,0.7573390900123304
random,1,25,0.5650595944112164,0.7824061117558357
random,1,26,0.5460655710049354,0.8111559457865032
random,1,27,0.549801627427565,0.7521031200072379
random,1,28,0.5457562614483367,0.7476106888544413
random,1,29,0.5483556587016307,0.7420799615011505
random,1,30,0.5234534462941416,0.7764967050511319
random,1,31,0.5311585109998941,0.7712007051410578
random,1,32,0.523120812690085,0.7697030212356158
random,1,33,0.5201523212110737,0.7561386689706301
random,1,34,0.5142765056241309,0.7794083754818815
random,1,35,0.5041359762993043,0.7585382431809782
random,1,36,0.5039968089961601,0.7705960916967558
random,1,37,0.4919536415388407,0.7878997890275252
random,1,38,0.49637426545949553,0.7506575077985574
random,1,39,0.49196019817852105,0.7719888431946196
random,2,1,1.0686230049102394,1.015478609435176
random,2,2,0.9642639781942505,0.9749130474360029
random,2,3,0.8978244775486711,0.9244142620639424
random,2,4,0.8510214654581683,0.9310770109789791
random,2,5,0.807118675135143,0.9317889917232121
random,2,6,0.7905237811355389,0.8895422280360482
random,2,7,0.7613982387401096,0.8721907678657163
random,2,8,0.7308309678153468,0.9182451937658005
random,2,9,0.7130449532163617,0.8819713835296288
random,2,10,0.6986412494336864,0.8708513397946027
random,2,11,0.6839416781489264,0.8880425042360626
random,2,12,0.6727938517085283,0.908680800904634
random,2,13,0.6377445068648272,0.9205139399750599
random,2,14,0.634071194761395,0.9026900270573008
random,2,15,0.6287668030299037,0.9172625209522053
random,2,16,0.6282986063287236,0.8355106728751621
random,2,17,0.6126468121006379,0.8564881063796659
random,2,18,0.5957531582432276,0.8235055519664788
random,2,19,0.5935338892996153,0.84415870773721
random,2,20,0.5726894286097428,0.9227865196078783
random,2,21,0.5597286788192426,0.8225725141904173
random,2,22,0.5727101915470344,0.8262673750133813
random,2,23,0.561646523501824,0.8551117755127751
random,2,24,0.535399019688904,0.8644341942152862
random,2,25,0.5476880791537413,0.8335021467895634
random,2,26,0.5356070851691613,0.8528737995018536
random,2,27,0.5274838637327826,0.8899609871969008
random,2,28,0.5229967244036687,0.8418172329749042
random,2,29,0.5083159106761103,0.8953077227624137
random,2,30,0.5120635727255118,0.9427024884163919
random,2,31,0.5085540447372598,0.8712986448161784
random,3,1,1.0760851136388125,0.992012462195519
random,3,2,0.9662121664569573,0.9814443886268838
random,3,3,0.9010142299781855,0.9327875580767595
random,3,4,0.847926283525227,0.8883031265094612
random,3,5,0.8083500207000175,0.9434547079788895
random,3,6,0.7880695360164864,0.8918223899074722
random,3,7,0.7502911524201272,0.8601010576189394
random,3,8,0.7432967413059465,0.8771336650519516
random,3,9,0.723068005538893,0.8477006747105679
random,3,10,0.6993282277542258,0.8574514898918498
random,3,11,0.6970053821696557,0.852380199450667
random,3,12,0.6696038323768858,0.8383529907903342
random,3,13,0.6577305692113796,0.8284279271618792
random,3,14,0.649792263415039,0.8538439988612172
random,3,15,0.6327046832135063,0.8631908395370803
random,3,16,0.6253302021394737,0.8250559962438869
random,3,17,0.6201010942526906,0.8622805077485441
random,3,18,0.5991117927632288,0.8104942760844199
random,3,19,0.5931162647586029,0.8326636668755878
random,3,20,0.5920237220334785,0.8218129581014998
random,3,21,0.5742042724244345,0.7950021923517723
random,3,22,0.5819423640478337,0.8376236854171671
random,3,23,0.5751273631069874,0.8132476612039693
random,3,24,0.559918922156391,0.8411085501385931
random,3,25,0.5569331043436844,0.8280182876324225
random,3,26,0.5614738530523307,0.7952501951403501
random,3,27,0.5490928220784416,0.8413334738584696
random,3,28,0.5354335277079492,0.8141686689914579
random,3,29,0.5238664144030959,0.8436324334425995
random,3,30,0.5288185556469794,0.7895056150693651
random,3,31,0.5126493609127486,0.8366961586585463
random,3,32,0.5129696594847784,0.8690352649716424
random,3,33,0.5135775704909077,0.8251583682648904
random,3,34,0.4995858653322721,0.8443666401768836
random,3,35,0.5016571734714308,0.8293690622094336
random,3,36,0.5043008520177621,0.8080247673442419
random,3,37,0.48201048828781085,0.804126557279106
random,3,38,0.4913623175112917,0.8394169735877062
random,3,39,0.4775890383485247,0.8489955082522317
random,3,40,0.48258564696545303,0.8237659638569425
random,4,1,1.0683476302709545,1.0217540074957132
random,4,2,0.9651285397871427,0.9537369084937883
random,4,3,0.9016633560635369,0.9072883521891162
random,4,4,0.8580499874213684,0.8686813815541301
random,4,5,0.8157146904285074,0.889064574120258
random,4,6,0.7786237713802896,0.837535088321024
random,4,7,0.7677717318794,0.8349144436947956
random,4,8,0.7348081710969282,0.8741449110217843
random,4,9,0.7168365992041652,0.8597169980047386
random,4,10,0.6874562983786443,0.8269608964504886
random,4,11,0.691008808127994,0.8184159217635836
random,4,12,0.675961291588274,0.8287204625648144
random,4,13,0.6698769237297675,0.8157321686248045
random,4,14,0.6324422100521683,0.807090934227932
random,4,15,0.6256906637176063,0.8098263232450604
random,4,16,0.6159626121241801,0.8196097338702086
random,4,17,0.6090092813309185,0.8212206180364646
random,4,18,0.6056685084321928,0.8075885649557872
random,4,19,0.5868281612628882,0.828753655317187
random,4,20,0.5811293087497192,0.8177834898369508
random,4,21,0.5683961039540482,0.8129480958781135
random,4,22,0.5740691923784528,0.8234778218245058
random,4,23,0.5596539689818409,0.8029447912418973
random,4,24,0.5478852865371031,0.8190323994848048
random,4,25,0.5474479945368305,0.8009097899836477
random,4,26,0.5452462897277242,0.8039837936005075
random,4,27,0.5365954899231395,0.7953242427787403
random,4,28,0.5297624837301061,0.8203936449384731
random,4,29,0.5130007696961545,0.8081683261438466
random,4,30,0.5094835241144318,0.8158668610788746
random,4,31,0.525871926347346,0.8027888776932661
random,4,32,0.5033126793254834,0.8103879769204126
random,4,33,0.5029030549072052,0.835448501600672
random,4,34,0.5089327572560951,0.8310038187896368
random,4,35,0.5026823478059245,0.817959223403703
random,4,36,0.4847518663906558,0.8047088292687847
random,4,37,0.5006788804743855,0.7954920413538036
random,5,1,1.0784745745292579,0.9826147462838055
random,5,2,0.9678364027298673,0.9462673847814732
random,5,3,0.9017016910176762,0.8980528057710422
random,5,4,0.8569634939457108,0.849437731165596
random,5,5,0.8216056064679504,0.8717969741458337
random,5,6,0.8017382214879706,0.8454488988718603
random,5,7,0.7648506053399924,0.8361035562151696
random,5,8,0.7472233704524858,0.8660660921444383
random,5,9,0.7236633996592375,0.8383086967054559
random,5,10,0.7112803562836405,0.8447582711281832
random,5,11,0.6882678260660893,0.8158298502521875
random,5,12,0.6711823838624474,0.8128009291744379
random,5,13,0.6645230024250491,0.7914201778767312
random,5,14,0.6561121867836438,0.7975451572633064
random,5,15,0.640448620147761,0.8089282780016874
random,5,16,0.6327632436477153,0.8347126026617492
random,5,17,0.6070282409148436,0.8309531115183755
random,5,18,0.6052272253642665,0.8219528130516945
random,5,19,0.5919580188984803,0.8367815843931922
random,5,20,0.5878331926117127,0.8443770555391018
random,5,21,0.5901728975007865,0.8055025258127976
random,5,22,0.5700260720747808,0.8142414189489774
random,5,23,0.5680932773826093,0.795820305523557
scaffold,1,1,1.0679422305280897,1.0393359757442255
scaffold,1,2,0.9559738540616675,1.0157429791861234
scaffold,1,3,0.8864857669898334,0.9982177576859785
scaffold,1,4,0.8339032743459315,0.9700846523825385
scaffold,1,5,0.7879152705866235,0.9550217296165714
scaffold,1,6,0.7593189682170282,0.9370217240324773
scaffold,1,7,0.7434771175347321,0.9428223444276731
scaffold,1,8,0.7205205397068931,0.9249906184713746
scaffold,1,9,0.693739407578477,0.9702140171163534
scaffold,1,10,0.6985651249469299,0.933453369641712
scaffold,1,11,0.6674302830673774,0.9135719303472127
scaffold,1,12,0.6555417674862578,0.9514603472715784
scaffold,1,13,0.646969251401075,0.9423698802458171
scaffold,1,14,0.6305204321723764,0.942568909770629
scaffold,1,15,0.6073553278848176,0.942261816229262
scaffold,1,16,0.621177755435456,0.9229090901496393
scaffold,1,17,0.5996701524253589,0.9348585013683332
scaffold,1,18,0.5887434118882382,0.9893401586844
scaffold,1,19,0.5868135364802861,0.9320054018722618
scaffold,1,20,0.5735529642972746,0.9162514521361483
scaffold,1,21,0.5640919042374994,0.9345308533135139
scaffold,2,1,1.0626735160463125,1.0975961450798883
scaffold,2,2,0.9394345087707761,1.12915343021785
scaffold,2,3,0.8833693478474619,1.1460853209732937
scaffold,2,4,0.8289074160542975,1.1434235945502402
scaffold,2,5,0.7875333298120423,1.0669459884012629
scaffold,2,6,0.7575659890044397,1.1020447550684949
scaffold,2,7,0.7319399187461928,1.0048251569770328
scaffold,2,8,0.7102589766217616,1.046990562115392
scaffold,2,9,0.6793984997847932,1.0804089807839274
scaffold,2,10,0.6831012034338124,1.0573287425113271
scaffold,2,11,0.6649054829499251,1.0168574308201868
scaffold,2,12,0.6393763175283451,1.0156273555273518
scaffold,2,13,0.6361742949948219,1.0000742507053348
scaffold,2,14,0.6198677538455176,1.0084104844468105
scaffold,2,15,0.610053585681564,1.0505598816088522
scaffold,2,16,0.5910820113753418,1.0310243202575062
scaffold,2,17,0.5976622952667595,1.025348750469945
scaffold,2,18,0.5861714765115282,1.0623882863912868
scaffold,2,19,0.5822404242468633,1.0375809479855838
scaffold,2,20,0.5704349872221595,1.0137420101347614
scaffold,2,21,0.5649349192111668,1.01417833336274
scaffold,2,22,0.5525904179858809,0.967915579397121
scaffold,2,23,0.5543969518642656,1.0042606055703027
scaffold,2,24,0.5379635507605975,1.0704044540028919
scaffold,2,25,0.5357584583809094,1.0117009747546075
scaffold,2,26,0.5269840114331643,0.9935867716412654
scaffold,2,27,0.5217262140291717,0.9831170078250291
scaffold,2,28,0.5212633296306783,1.0084000618640045
scaffold,2,29,0.5119507898649103,0.9958417137055741
scaffold,2,30,0.5042048064282427,0.9669575641516045
scaffold,2,31,0.5117741129566321,0.9847743797882
scaffold,2,32,0.4954373668733388,0.9632886650132304
scaffold,2,33,0.4993865586077747,0.9848414977783991
scaffold,2,34,0.4846643590608451,0.9853484183286456
scaffold,2,35,0.49812758585669026,0.9732972769511021
scaffold,2,36,0.4813292352134828,0.9579740745849464
scaffold,2,37,0.47781570397080086,0.9810207736872409
scaffold,2,38,0.4885582439376419,0.9724947241225776
scaffold,2,39,0.47006516140513543,0.9878408706032229
scaffold,2,40,0.46580870596445045,0.9751713381520034
scaffold,2,41,0.46757191366648987,0.9447297743948907
scaffold,2,42,0.46912401366254974,0.9650889603153562
scaffold,2,43,0.4531894024030254,0.9913343923827679
scaffold,2,44,0.4598565842727525,0.9884717527501508
scaffold,2,45,0.4458523221959596,0.9641113114334582
scaffold,2,46,0.44855295287446567,0.9833108209852431
scaffold,2,47,0.450445287822165,0.9572262706509507
scaffold,2,48,0.45637775959700044,0.9549850899765286
scaffold,2,49,0.4409334173293861,0.9548837544610821
scaffold,2,50,0.4419572970313981,0.9806735928930005
scaffold,3,1,1.085399462492381,0.9801909868720191
scaffold,3,2,0.9820898999604808,0.9640932364732706
scaffold,3,3,0.9067725294139954,0.9524065157652067
scaffold,3,4,0.8526491909503713,0.9434595581309583
scaffold,3,5,0.8016993841439591,0.9513954457568086
scaffold,3,6,0.78393204012234,0.9235671033259336
scaffold,3,7,0.7511892327304464,0.9612462407861051
scaffold,3,8,0.7237826296942261,0.9595770986006898
scaffold,3,9,0.7176300989366686,0.9253502314529279
scaffold,3,10,0.6975730155325869,0.9258783390777635
scaffold,3,11,0.6834845831251504,0.9196091085531305
scaffold,3,12,0.6522685061628997,0.9183486994740072
scaffold,3,13,0.6527974546480405,0.9314707054972712
scaffold,3,14,0.6465645668408864,0.9130265649066571
scaffold,3,15,0.6303266862345757,0.9284703945429537
scaffold,3,16,0.6245349245708797,0.9216920398443411
scaffold,3,17,0.6164888691152468,0.9281689658343303
scaffold,3,18,0.6031392018671473,0.9340289114271965
scaffold,3,19,0.6042990921645223,0.9502556818465794
scaffold,3,20,0.5858214111946973,0.9477464026903665
scaffold,3,21,0.5803005729625196,0.9451955869637411
scaffold,3,22,0.5800980703840116,0.9216321511593002
scaffold,3,23,0.5623296468097061,0.9359202707927986
scaffold,3,24,0.5644448591710121,0.9139329484323868
scaffold,4,1,1.0755664682878359,1.0048590244142086
scaffold,4,2,0.9702665772417411,0.9812285555592921
scaffold,4,3,0.8963164414565916,0.9604251869234643
scaffold,4,4,0.8471397971570283,0.9537552939222063
scaffold,4,5,0.8042003147581284,0.9431897656642582
scaffold,4,6,0.7832215746048771,0.9353643769998737
scaffold,4,7,0.7487721675235507,0.9409029971276879
scaffold,4,8,0.7199954771855474,0.9296643576849883
scaffold,4,9,0.7088112841798686,0.9258664124862463
scaffold,4,10,0.694522297194039,0.9019908559179151
scaffold,4,11,0.6667693014419345,0.9081751082822602
scaffold,4,12,0.6616062897788504,0.9020616532467968
scaffold,4,13,0.6418043531055649,0.9414799225971938
scaffold,4,14,0.6383143189565195,0.900234946413622
scaffold,4,15,0.6238508878538348,0.9026655093418088
scaffold,4,16,0.6123518146965141,0.9059759014098251
scaffold,4,17,0.6128615508441592,0.9122213859334289
scaffold,4,18,0.5856671613978826,0.9033264107809884
scaffold,4,19,0.5874799986435545,0.89800540129253
scaffold,4,20,0.5723580025515619,0.8920233305882456
scaffold,4,21,0.5779073559821782,0.9111060439042322
scaffold,4,22,0.5562228546667993,0.9159916899485888
scaffold,4,23,0.5661493982682563,0.9104999575596058
scaffold,4,24,0.5456498343375737,0.8942178363031883
scaffold,4,25,0.5518155779490251,0.893916597928566
scaffold,4,26,0.5343620049069268,0.91383404583382
scaffold,4,27,0.530434307024196,0.8954974610361169
scaffold,4,28,0.5282152683424107,0.9081401001962808
scaffold,4,29,0.5112816228554682,0.9169347276872654
scaffold,4,30,0.5155387515938579,0.9187365977518177
scaffold,5,1,1.074993647377033,1.057265854403632
scaffold,5,2,0.9729681734229723,0.994216014278359
scaffold,5,3,0.9059328155476226,0.9424539340780304
scaffold,5,4,0.8576269611401139,0.9354036042124567
scaffold,5,5,0.8066535641234479,0.8835522284387461
scaffold,5,6,0.7838395863910174,0.9290877124988051
scaffold,5,7,0.7500375418768619,0.8756262554041657
scaffold,5,8,0.7175927260730793,0.8951246888039425
scaffold,5,9,0.7147170037719205,0.8312877389038543
scaffold,5,10,0.7077342228554383,0.8372224714774744
scaffold,5,11,0.6810995041035223,0.8378288043384757
scaffold,5,12,0.6611207133551389,0.8301356145365614
scaffold,5,13,0.6509742544498133,0.8487170760385363
scaffold,5,14,0.6450311704368088,0.8327618964092588
scaffold,5,15,0.6322978075332235,0.8692047477207342
scaffold,5,16,0.6214117345401423,0.837897900979582
scaffold,5,17,0.597730679485732,0.8404329155990078
scaffold,5,18,0.5853651761121627,0.8241771008395832
scaffold,5,19,0.5857807127173751,0.8508390609967894
scaffold,5,20,0.5875337751639221,0.8406894954726433
scaffold,5,21,0.5724211530801316,0.8878511602977486
scaffold,5,22,0.5586048460362537,0.833920362550357
scaffold,5,23,0.549791862267516,0.8588443523396432
scaffold,5,24,0.5499270599066,0.8562193048298008
scaffold,5,25,0.5264850872230792,0.8631537068686899
scaffold,5,26,0.5342813157252885,0.8443763337798714
scaffold,5,27,0.5311778841463088,0.8595142516464518
scaffold,5,28,0.5280447471167546,0.8897151234006733
