split_strategy,subset,rdkit_smiles,observed_pki,predicted_pki
random,validation,Brc1ccc2c(c1)c(OCc1ccc3ccccc3c1)nn2CCN1CCCCC1,5.7447274948966935,6.150906559509911
random,validation,C#CCCCn1cc(C(=O)c2ccc3c(c2)CC(C)(C)C3)c2ccccc21,7.619788758288394,7.597332072818056
random,validation,C/C=C/C=C\CC/C=C/C=C/C(=O)NCC(C)C,5.043639446326678,6.060885689126976
random,validation,C/C=C\C=C/CC/C=C/C=C/C(=O)NCC(C)C,7.244125144327507,6.08216449929051
random,validation,C/C=C\C=C\CC/C=C/C=C/C(=O)NCC(C)C,5.343422708603886,6.0786938256381555
random,validation,C=C(C)[C@@H]1CCC(C)=C[C@H]1c1c(O)cc(C(C)(C)CCCCCC)cc1O,5.7447274948966935,7.8460126404414545
random,validation,C=C(C)[C@@H]1CCC(C)=C[C@H]1c1c(O)cc(CCC)cc1O,6.241088107602026,7.380288394907131
random,validation,C=C(C)[C@H]1CCC(C)=C[C@@H]1c1c(O)cc(C(C)(C)CCCCCC)cc1O,6.675717544702307,7.8460126404414545
random,validation,C=C(C)[C@H]1CCC(C)=C[C@@H]1c1c(O)cc(CCCCC)cc1O,6.692503962086787,7.652507003750203
random,validation,C=C(c1ccccc1F)c1cc(Cl)ccc1S(=O)(=O)c1ccc([C@H](C)NS(C)(=O)=O)cc1,6.607303046740334,6.888941144810718
random,validation,C=C1CC[C@@H]2[C@@H](C1)c1c(OC)cc(C(C)(C)CCCCCC)cc1OC2(C)C,7.928117992693874,7.991947204582285
random,validation,C=CCCCn1cc(C(=O)NC23CC4CC(CC(C4)C2)C3)c(=O)c2cc(Br)ccc21,8.0268721464003,7.30532667653601
random,validation,C=CCNC(=O)CCCCCCCOc1cc(OC)cc(C(C)(C)CCCCCC)c1,7.505845405981557,8.018668501927454
random,validation,C=CCc1ccc(O)c(-c2ccc(OCCCC)c(CC=C)c2)c1,6.987162775294828,6.24256563207018
random,validation,C=CCn1cc(C(=O)C(=O)NC23CC4CC(CC(C4)C2)C3)c2cc(-c3ccco3)ccc21,7.987162775294828,7.794187321769639
random,validation,C=CCn1cc(CC(=O)NC23CC4CC(CC(C4)C2)C3)c2cc(-c3ccco3)ccc21,7.301029995663981,7.648930828572513
random,validation,CC(=O)n1c2c(c3cc(C(=O)N4CCC(C)CC4)ccc31)CN(C1CCCC1)C2,7.055024091587952,7.02357862439543
random,validation,CC(C)(C(=O)OCCCC#N)c1cc(O)c2c(c1)OC(C)(C)[C@@H]1CC=C(CO)C[C@@H]21,9.0,8.808271966090974
random,validation,CC(C)(C)CNC(=O)c1ccc(Br)c(S(=O)(=O)N2CCCC2)c1,6.3979400086720375,6.715164657400573
random,validation,CC(C)(C)CO/C=N/CCCOc1ccc(C(F)(F)F)cc1C(=O)/N=c1\sc(C(C)(C)C)cn1C[C@H]1CCCO1,8.309803919971486,8.396983499359141
random,validation,CC(C)(C)NOc1ccc(C(F)(F)F)cc1C(=O)/N=c1\sc(C(C)(C)C)nn1CC1CCC1,8.55284196865778,7.918703068687318
random,validation,CC(C)(C)[C@@H](CO)NC(=O)c1nn(-c2c[n+]([O-])ccn2)c2c1C[C@H]1C[C@@H]21,7.010105436281227,7.2719606395861
random,validation,CC(C)(C)[C@@H](CO)NC(=O)n1c(=O)n(CCN2CCOCC2)c2ccccc21,7.823908740944319,6.75128024784518
random,validation,CC(C)(C)[C@@H](NC(=O)c1nn(-c2c[n+]([O-])ccn2)c2c1C[C@H]1C[C@@H]21)OCC(N)=O,5.920818753952375,7.155068459003822
random,validation,CC(C)(C)[C@H](NC(=O)n1c(=O)n(CC2CCCO2)c2ccccc21)C(N)=O,8.221848749616356,7.4713469839226745
random,validation,CC(C)(C)c1cc(-c2csc(C3(N)CCOCC3)n2)cc(C(C)(C)C)c1O,5.568636235841012,6.822378243408185
random,validation,CC(C)(C)c1cc(N2CCC(F)(F)C2)c2nnn(Cc3ccccc3SSc3ccccn3)c2n1,6.266802734893431,6.626769732215395
random,validation,CC(C)(C)c1cn(C[C@@H]2CCCO2)/c(=N/C(=O)c2cc(C(F)(F)F)ccc2OC[C@H](N)CO)s1,8.130768280269024,8.208584302407225
random,validation,CC(C)(C)c1cn(C[C@H]2CCCO2)/c(=N/C(=O)c2cc(C(F)(F)F)ccc2OC[C@@H]2CCCCN2)s1,9.154901959985745,7.941468693879109
random,validation,CC(C)(C)c1nc(N2CCC(F)(F)C2)c2nn(Cc3ccccc3CSC#N)nc2n1,6.675717544702307,6.365198850079801
random,validation,CC(C)(C)c1nc(N2CCC(F)(F)C2)c2nn(Cc3ccccc3F)nc2n1,6.442492798094342,6.70137490114627
random,validation,CC(C)(NC(=O)c1cc2c(n(CC3CCCCC3)c1=O)CCCCCC2)C(=O)NCC(=O)O,5.54928912185308,7.559237174646325
random,validation,CC(C)(NC(=O)c1cc2c(n(CC3CCCCC3)c1=O)CCCCCC2)C(=O)NCC(N)=O,8.221848749616356,8.587369473267318
random,validation,CC(C)(O)Cn1c(=O)n(C(=O)N[C@H](C(N)=O)C(C)(C)C)c2ccccc21,6.707743928643524,7.3871249066718665
random,validation,CC(C)CNC(=O)/C=C/C=C/CCCCCC/C=C/c1ccc2c(c1)OCO2,4.416801226031377,6.5637902212881105
random,validation,CC(C)CS(=O)(=O)N1CCN(c2ncnc3c2nc(-c2ccccc2Cl)n3-c2ccc(Cl)cc2)CC1,5.552841968657781,5.954915660906203
random,validation,CC(C)Cn1cc(C(C)(C)C)s/c1=N\C(=O)c1cc(C(F)(F)F)ccc1OC[C@@H]1CCN1C,7.431798275933005,7.516892489031035
random,validation,CC(C)Cn1cc(C(C)(C)C)s/c1=N\C(=O)c1ccccc1OC[C@@H]1CCCN1C,6.528708288941061,7.746214242885988
random,validation,CC(C)Cn1nc(C(C)(C)C)s/c1=N\C(=O)c1cc(C(F)(F)F)ccc1ONC(C)(C)C,7.537602002101044,7.683863434556961
random,validation,CC(C)NOc1ccc(C(F)(F)F)cc1C(=O)/N=c1\sc(C(C)(C)C)cn1C[C@H]1CCCO1,9.522878745280336,8.077442627366096
random,validation,CC(C)c1ccc(Cn2c(NCCc3c[nH]c4ccccc34)nc3c2c(=O)n(C)c(=O)n3C)cc1,6.823908740944319,6.362529963273511
random,validation,CC1(C)C(C(=O)c2cn(CC3CCOCC3)c3ccc(N)cc23)C1(C)C,8.030747892808849,7.697394984638333
random,validation,CC1(C)C(C(=O)c2cn(CC3CCOCC3)c3ccc(O)cc23)C1(C)C,8.720675709517767,7.891134970111182
random,validation,CC1(C)C(C(=O)c2cn(CCN3CCOCC3)c3ccc(O)cc23)C1(C)C,7.038108667163014,7.020384205262152
random,validation,CC1(C)C2CCC(CNC(=O)c3nn(-c4ccc(Cl)cc4Cl)c4c3CCCc3cc(Cl)ccc3-4)C1C2,7.709965388637482,7.167754093677833
random,validation,CC1(C)C2CC[C@@](C)(C2)C1NC(=O)c1nn(-c2ccc(Cl)cc2Cl)c2c1Cc1cc(C3CC3)ccc1-2,8.221848749616356,6.3603579254363085
random,validation,CC1(C)C2CC[C@](C)(C2)[C@@H]1NC(=O)c1c[nH]c2cc(F)ccc2c1=O,6.01904268377038,7.828028732530406
random,validation,CC1(C)Oc2cc(C(=O)N3C4CC5CC3CC(C4)O5)cc(O)c2[C@@H]2C[C@@H](O)CC[C@H]21,4.6020599913279625,5.049852691286344
random,validation,CC1(C)Oc2cc(C(=O)N3C4CC5CC3CC(C4)O5)cc(O)c2[C@@H]2C[C@H](O)CC[C@H]21,4.698970004336019,5.049852691286344
random,validation,CC1(C)Oc2cc(C3(CCCCCBr)CCCC3)cc(O)c2[C@@H]2CC(=O)CC[C@H]21,8.87942606879415,8.44878852945477
random,validation,CC1(C)Oc2cc(C3(CCCCCCN=C=S)CCCC3)cc(O)c2[C@@H]2C[C@H](CO)CC[C@H]21,8.886056647693163,8.784748939197398
random,validation,CC1(C)Oc2cc(C34CC5CC(CC(C5)C3)C4)cc(O)c2[C@@H]2CC(CO)=CC[C@H]21,7.853871964321762,7.246324397726413
random,validation,CC1(CNS(=O)(=O)C(F)(F)F)CCN(S(=O)(=O)c2ccc(Cl)cc2S(=O)(=O)c2ccccc2F)CC1,9.4089353929735,7.9637757267273415
random,validation,CC12CC3CC(C)(C1)CC(NC(=O)c1cn(Cc4ccccc4)c4ccccc4c1=O)(C3)C2,6.177831920631983,6.552589930675471
random,validation,CC1=CC[C@@H]2[C@@H](C1)c1c(O)cc(C(C)(C)C(=O)OCCCC#N)cc1OC2(C)C,8.853871964321762,9.28840837191539
random,validation,CC1=CC[C@@H]2[C@@H](C1)c1c(O)cc(C(C)(C)C(=O)OCCCCN3CCOCC3)cc1OC2(C)C,7.399027104313252,8.69254243372195
random,validation,CC1=CC[C@@H]2[C@@H](C1)c1c(O)cc(C(C)(C)c3ccccc3C)cc1OC2(C)C,7.972650392225243,8.798686905493541
random,validation,CC1CCC(NC(=O)c2c(O)c3cccnc3n(CCN3CCOCC3)c2=O)CC1,8.12842706445412,8.195526903719765
random,validation,CC1CCC(NC(=O)c2cc3cc(-c4ccc(F)cc4)cnc3n(Cc3ccc(F)cc3)c2=O)CC1,8.66354026615147,8.501837477451238
random,validation,CC1CCC(NC(=O)c2cc3cc(-c4cccs4)cnc3n(CCN3CCOCC3)c2=O)CC1,9.769551078621726,9.33867956535348
random,validation,CC1CCC(NC(=O)c2cc3cccnc3n(CCC(=O)O)c2=O)CC1,5.855737226238009,5.727104980572441
random,validation,CC1CCC(NC(=O)c2cc3cccnc3n(CCCCCCF)c2=O)CC1,8.835647144215564,9.349917654048282
random,validation,CC1CCC(NC(=O)c2cc3cccnc3n(CCCO)c2=O)CC1,6.889410289700751,7.201253380091874
random,validation,CC1CCC(NC(=O)c2cc3cccnc3n(Cc3ccc(F)cc3)c2=O)CC1,9.045757490560677,9.254636846710735
random,validation,CCC(=O)N1CC(C)(C)CS/C1=N\c1ccccc1C(C)C,5.679853713888946,6.996160755742043
random,validation,CCC(C)(C)C(=O)Nc1cc(C)c(C)c(S(=O)(=O)N2CCCCCC2)c1,8.045757490560675,7.8675816916060315
random,validation,CCC(C)(C)C(=O)Nc1cc(CN2CCOCC2)cc(C)n1,7.173925197299173,6.439244070510847
random,validation,CCC(C)(C)NC(=O)c1nn(-c2ccc(Cl)cc2Cl)c(-n2cccc2)c1C,8.244125144327509,6.861545464926164
random,validation,CCC(CC)(NC(=O)c1ccc(N2CC(OC)C2)c(OC[C@H]2C[C@@H]2CO)n1)C(=O)OCCF,9.522878745280336,7.930217008026345
random,validation,CCC(c1ccc([C@H](C)NS(C)(=O)=O)cc1)c1ccc(Cl)cc1S(=O)(=O)c1ccc(Cl)cc1,7.119186407719209,7.1964594944653575
random,validation,CCC1COc2cccc3c(=O)c(C(=O)Nc4ccncc4)cn1c23,6.818156412055227,6.650517111063335
random,validation,CCCC(C)O/N=C(/C)c1cc(O)c2c(c1)OC(C)(C)[C@H]1CC=C(C)C[C@H]21,8.214670164989233,7.508517395011511
random,validation,CCCCC(=O)NC1CCN(c2ncnc3c2nc(-c2ccccc2Cl)n3-c2ccc(C(F)(F)F)nc2)CC1,6.376750709602099,6.436956084246174
random,validation,CCCCC/C=C\C/C=C\C/C=C\C/C=C\CCCC(=O)N(O)CCO,5.721246399047171,6.290833325530247
random,validation,CCCCC/C=C\C/C=C\C/C=C\C/C=C\CCCC(=O)NCc1ccc(O)cc1,7.0,6.029297513909908
random,validation,CCCCC/C=C\C/C=C\C/C=C\C/C=C\CCCC(=O)N[C@H](C)CO,6.657577319177793,6.484022360978925
random,validation,CCCCC/C=C\C/C=C\C/C=C\C/C=C\CCCC(=O)ONCCO,5.619788758288394,6.514298260081678
random,validation,CCCCC/C=C\C/C=C\CCCCCCCC(=O)NCc1ccccc1,5.386158178123931,5.801566320454668
random,validation,CCCCC1(c2cc(O)c3cc(Cc4cccnc4)c(=O)oc3c2)CCCC1,6.509318832137387,7.039227671101505
random,validation,CCCCCC(C)(C)c1cc(Br)c2c(c1)OC(C)(C)[C@@H]1CC=C(C)C[C@@H]21,7.552841968657781,7.320969006404898
random,validation,CCCCCC1=NN(C(=O)NCc2ccccc2)CC1c1ccccc1,6.585026652029182,6.728173971972479
random,validation,CCCCCC1=NN(C(=O)c2cccc3ccccc23)CC1c1ccccc1,6.987162775294828,7.206359776688373
random,validation,CCCCCCC(C)(C)c1cc(O)c2c(c1)OC(C)(C)c1cn(CO)nc1-2,7.2262135550188065,7.585210669286504
random,validation,CCCCCCC(C)(C)c1cc(O)c2c(c1)OC(C)(C)c1cnn(-c3cccc(OC)c3)c1-2,6.250263684430939,6.2351453699141075
random,validation,CCCCCCC(C)(C)c1cc(O)cc(OCCCCCCCCCCOC(CO)CO)c1,6.42021640338319,6.217914903702955
random,validation,CCCCCCC(C)(C)c1cc(O)cc(OCCCCCCCCOC(CO)CO)c1,6.958607314841775,6.374872083365311
random,validation,CCCCCCC(C)(C)c1cc(OC)cc(OCCCCCCCCCCC(=O)NCCO)c1,6.981299501333757,6.749221354097915
random,validation,CCCCCCC(C)(C)c1cc(OCCCBr)c2c(c1)OC(C)(C)c1cn(C)nc1-2,7.111820506081675,7.181261320077386
random,validation,CCCCCCC(C)(C)c1cc(OCc2ccccc2)c2c(c1)OC(C)(C)c1cnn(CC)c1-2,6.528855034839367,6.375458348660231
random,validation,CCCCCCC(C)(C)c1ccc(-c2cc(C)ccc2C)c(O)c1,8.18045606445813,7.977479849754083
random,validation,CCCCCCC(C)(C)c1ccc(-c2cccc(C#N)c2)c(O)c1,7.346787486224656,6.994342263764283
random,validation,CCCCCCC(C)(C)c1ccc([C@@H]2C[C@H](O)CC[C@H]2CCCO)cc1,6.623423042943488,6.687361816895036
random,validation,CCCCCCC1(c2cc(O)c3c(c2)OC(C)(C)[C@@H]2CCC(=O)C[C@@H]32)CCC1,7.924453038607469,8.12723645577114
random,validation,CCCCCCC1(c2ccc(-c3cc(C)cc(C)c3)c(O)c2)CC1,7.259637310505756,6.9683516007132225
random,validation,CCCCCCC1(c2ccc(-c3cc(C)cc(C)c3)c(O)c2)CCCC1,8.259637310505756,7.375251887240507
random,validation,CCCCCCC1(c2ccc(-c3cc(C)cc(C)c3)c(O)c2)CCCCC1,8.769551078621726,7.409644111484498
random,validation,CCCCCCCC/C=C/C(=O)NCCc1ccc(OC)cc1,5.292429823902063,5.554846024452366
random,validation,CCCCCCCC/C=C\CCCCCCCC(=O)NOCCO,5.42021640338319,5.623090435811696
random,validation,CCCCCCCCCCCCCCCC(=O)N[C@H]1C[C@H]1O,5.787812395596042,5.716138582464296
random,validation,CCCCCCCN1C(=O)C2C3c4ccccc4C(C)(c4ccccc43)C2C1=O,6.008773924307505,5.898410117449346
random,validation,CCCCCCCN1C(=O)C2C3c4ccccc4C(Cl)(c4ccccc43)C2C1=O,5.600326278518962,5.898410117449346
random,validation,CCCCCCCNC(=O)c1nn(-c2ccc(Cl)cc2Cl)c(-n2cccc2)c1C,6.5932895413902095,6.5051958966877494
random,validation,CCCCCCCOCC12c3ccccc3C(c3ccccc31)C1C(=O)NC(=O)C12,6.638272163982407,5.897386321959401
random,validation,CCCCCCN1C(=O)C2C3c4ccccc4C(C)(c4ccccc43)C2C1=O,5.995678626217357,5.975217072489828
random,validation,CCCCCCNC(=O)c1nn(-c2ccc(F)cc2F)c(-n2c(C)ccc2C)c1C,6.312203588618706,6.33911124531578
random,validation,CCCCCC[Si](C)(C)c1cc(O)c(C2CCCCC2)c(OC)c1,6.782858362061719,6.632754443708502
random,validation,CCCCCC[Si](C)(C)c1cc(O)c(C2CCCCCC2)c(OC)c1,7.172630726946174,6.777239284789333
random,validation,CCCCCC[Si](C)(C)c1cc(O)c2c(c1)OC(C)(C)[C@@H]1CC=C(CO)C[C@@H]21,9.013228265733757,8.915660893640105
random,validation,CCCCCCc1ccc(O)cc1OCCCCCCCCCCC(=O)OC(CO)CO,5.7447274948966935,5.698849255726923
random,validation,CCCCCCc1nc(-c2ccc(Cl)cc2)n(-c2ccc(Cl)cc2Cl)n1,5.5111673656176,5.4447889581730635
random,validation,CCCCCCn1c2ccccc2c2cc(C(=O)N3CCCCC3)ccc21,7.017728766960431,6.5905431667776355
random,validation,CCCCCN1C(=O)/C(=N\NC(=O)CN(C)c2ccc([N+](=O)[O-])c3nonc23)c2ccc(OC)cc21,6.412289034981089,6.678208711749793
random,validation,CCCCCNc1ccc(-c2cccs2)cc1C(=O)NC12CC3CC(CC(C3)C1)C2,5.585026652029182,7.019645509330514
random,validation,CCCCCNc1ccc(C(=O)c2c(-c3ccc(OC)cc3)oc3ccccc23)cc1,7.154901959985743,6.865194840811939
random,validation,CCCCCOC(=O)c1cc(O)c(-c2cc(C)cc(C)c2)c(OC)c1,6.568636235841012,6.192701275743927
random,validation,CCCCCOC(=O)c1cc(O)c(-c2ccccc2)c(O)c1,5.3979400086720375,6.408309603648456
random,validation,CCCCCOc1c(OC)ccc2c1CN(CCc1ccc(O)cc1)C2=O,7.958804811209142,8.727935756823237
random,validation,CCCCCOc1c(OC)ccc2cc(C(=O)NCCc3ccc(F)cc3)c(=O)n(C)c12,10.67788413334184,8.707624223007844
random,validation,CCCCCOc1c(OC)ccc2cc(C(=O)NCCc3ccncc3)c(=O)n(C)c12,9.124967691504128,8.14445161219088
random,validation,CCCCCOc1ccccc1-c1cc(C(=O)NC2CCCCCC2)no1,7.216096420727265,7.6206791280627
random,validation,CCCCCc1cc(O)c2c(c1)OC(C)(C)C1=C2C(O)C(C)(OC)CC1,6.522878745280337,7.416955984647085
random,validation,CCCCCc1cc(O)c2c(c1)OC(C)(C)[C@@H]1CC=C(C)C[C@@H]21,7.761439372640169,7.3851927025090465
random,validation,CCCCCc1cc(O)c2c(c1)OC(C)(C)[C@@H]1C[C@@H](O)C(C)=C[C@@H]21,7.055517327849831,6.494867087254906
random,validation,CCCCCc1cc(O)cc(OCCCCCCCC(=O)NC2CC2)c1,7.4089353929735005,6.889916572079974
random,validation,CCCCCc1cc(O)cc(OCCCCCCCCCCCNCc2ccccc2)c1,6.080921907623926,6.109006669464386
random,validation,CCCCCc1cc(OC(C)=O)c2c(c1)OC(C)(C)C1=C2C2OC2(C)CC1,6.333482019445119,6.720914559418164
random,validation,CCCCCn1c(=O)c(C(=O)NC23CC4CC(CC(O)(C4)C2)C3)c(O)c2nn(CCO)cc21,7.243363891754152,8.14387014353224
random,validation,CCCCCn1c(=O)c(C(=O)NC2CCC(C)CC2)cc2cccnc21,8.549750891680638,7.653676651513755
random,validation,CCCCCn1c(=O)sc2cc(C(O)C34CC5CC(CC(C5)C3)C4)ccc21,6.565431095965801,6.802676141728748
random,validation,CCCCCn1c(=O)sc2ccc(C(=O)C34CC5CC(CC(C5)C3)C4)cc21,6.279179418229656,7.923047710979445
random,validation,CCCCCn1c(C)c(C(=O)Cc2ccc(F)cc2)c2ccccc21,6.1073489661227,6.038050876501663
random,validation,CCCCCn1c(C)c(C(=O)c2ccc(CC)c3ccccc23)c2ccccc21,9.37695756575362,8.690670355555028
random,validation,CCCCCn1c(C)c(C(=O)c2ccc(OC)c3ccccc23)c2ccccc21,8.721017883134557,8.020149200692527
random,validation,CCCCCn1c(C)c(C(=O)c2cccc3ccc(C)cc23)c2ccccc21,9.309981219211304,8.109353897234385
random,validation,CCCCCn1c(C)c(C(=O)c2cccc3ccc(OC)cc23)c2ccccc21,7.982966660701219,8.092105350557445
random,validation,CCCCCn1c(C)c(C)cc(Oc2nc3ccccc3o2)c1=S,6.669586226650809,6.654255443633855
random,validation,CCCCCn1c2ccccc2c2cc(C(=O)CN3CCCCC3)ccc21,5.961379838050297,6.898929135966277
random,validation,CCCCCn1c2ccccc2c2cc(C(=O)OCc3ccccn3)ccc21,5.715118285344547,6.237003335409943
random,validation,CCCCCn1c2ccccc2c2cc(C(=O)OCc3ccncc3)ccc21,5.856360764725457,6.1247970375170455
random,validation,CCCCCn1c2ccccc2c2cc(CN3CCCCC3)ccc21,6.431798275933005,5.935141624033479
random,validation,CCCCCn1cc(C(=O)NC23CC4CC(CC(C4)C2)C3)c(=O)c(I)c1C,7.681936665037238,7.278030815247702
random,validation,CCCCCn1cc(C(=O)NC23CC4CC(CC(C4)C2)C3)c(=O)c2c(C)noc21,7.67778070526608,8.584038463151126
random,validation,CCCCCn1cc(C(=O)NC23CC4CC(CC(C4)C2)C3)c(=O)c2cc(-c3ccco3)cc(OC)c21,8.070581074285707,7.712815425299478
random,validation,CCCCCn1cc(C(=O)NC23CC4CC(CC(C4)C2)C3)c(=O)c2cccc([N+](=O)[O-])c21,9.0,7.83517598478599
random,validation,CCCCCn1cc(C(=O)NC23CC4CC(CC(C4)C2)C3)c(=O)cc1-c1ccc(OC)cc1,7.040481623027002,7.939415062172535
random,validation,CCCCCn1cc(C(=O)NC23CC4CC(CC(C4)C2)C3)c(=O)cc1C(C)(C)C,7.537602002101044,7.851036330178373
random,validation,CCCCCn1cc(C(=O)NC23CC4CC(CC(C4)C2)C3)c(=O)n2nc(-c3ccc(C)cc3)nc12,8.167491087293763,7.846930320851911
random,validation,CCCCCn1cc(C(=O)NC23CC4CC(CC(C4)C2)C3)c(=O)n2nc(-c3ccc(OC)cc3)nc12,7.327902142064282,7.53131469781
random,validation,CCCCCn1cc(C(=O)NC23CC4CC(CC(C4)C2)C3)c(=O)n2nc(-c3ccoc3)cc12,7.995678626217357,8.161941382796327
random,validation,CCCCCn1cc(C(=O)NC23CC4CC(CC(C4)C2)C3)c(=O)n2nc(C)c(-c3ccc(OC)cc3)c12,6.455931955649724,7.24934443104448
random,validation,CCCCCn1cc(C(=O)NC23CC4CC(CC(C4)C2)C3)c(=O)n2nc(C)cc12,7.896196279044043,8.442547782733207
random,validation,CCCCCn1cc(C(=O)NC23CC4CC(CC(C4)C2)C3)c(=O)n2nc(C)nc12,6.416801226031377,7.784749628975781
random,validation,CCCCCn1cc(C(=O)NC2CCCCC2)c(=O)cc1-c1ccc(Cl)cc1,7.107905397309519,8.03497177982458
random,validation,CCCCCn1cc(C(=O)NC2CCCCC2)c(=O)n2nc(-c3ccc(C)cc3)nc12,7.508638306165727,6.798608467834362
random,validation,CCCCCn1cc(C(=O)NC2CCCCC2)c(=O)n2nc(-c3ccc(Cl)cc3)nc12,6.931814138253838,6.798608467834362
random,validation,CCCCCn1cc(C(=O)NC2CCCCC2)c(=O)n2nc(-c3ccccc3C)cc12,7.397940008672037,7.42792018639341
random,validation,CCCCCn1cc(C(=O)NC2CCCCC2)c(=O)n2nc(C(C)(C)C)cc12,7.910094888560602,7.725124849410002
random,validation,CCCCCn1cc(C(=O)NC2CCCCC2)c(=O)n2nc(C)nc12,6.17134010346468,6.675527032409985
random,validation,CCCCCn1cc(C(=O)NC2CCCCCC2)c(=O)c2c(C)nn(C)c21,7.950781977329818,7.148076242736776
random,validation,CCCCCn1cc(C(=O)NC2CCCCCC2)c(=O)n2nc(-c3ccc(Cl)cc3Cl)cc12,7.431798275933005,7.4149801587832425
random,validation,CCCCCn1cc(C(=O)NCC23CC4CC(CC(C4)C2)C3)c(=O)cc1C,7.818156412055227,8.19600464606389
random,validation,CCCCCn1cc(C(=O)NCC23CC4CC(CC(C4)C2)C3)c(=O)cc1C(C)(C)C,7.991399828238082,7.837059101724135
random,validation,CCCCCn1cc(C(=O)NOC)c(=O)c2ccc(Sc3ccccc3)cc21,6.468521082957745,7.27669566286058
random,validation,CCCCCn1cc(C(=O)N[C@@H](Cc2ccccc2)C(N)=O)c2cccnc21,6.100089266209717,6.039491613852369
random,validation,CCCCCn1cc(C(=O)N[C@@H]2CCCc3ccccc32)c(=O)cc1-c1ccccc1,7.995678626217357,6.533193447251809
random,validation,CCCCCn1cc(C(=O)Nc2cccc(C(F)(F)F)c2)c(=O)cc1-c1ccccc1,7.58838029403677,7.902725789517074
random,validation,CCCCCn1cc(C(=O)c2cccc3ccc(CC)cc23)c2ccccc21,8.419987887470576,7.875161561685805
random,validation,CCCCCn1cc(C(=O)c2cccc3ccc(OC)cc23)c2ccccc21,8.161025045044532,7.972698267609589
random,validation,CCCCCn1cc(C(=O)c2cccc3ccccc23)c2ccccc21,8.199970640755865,7.846692705058237
random,validation,CCCCCn1cc(NC(=O)C23CC4CC(CC(C4)C2)C3)c(=O)c2ccccc21,7.5934598195660445,6.773449655079237
random,validation,CCCCCn1cc(NC(=O)CCc2ccccc2)c(=O)c2ccccc21,5.94692155651658,6.206126939038477
random,validation,CCCCCn1cc2c(=O)n(CC34CC5CC(CC(C5)C3)C4)nc-2c2ccccc21,9.4089353929735,8.111641181228386
random,validation,CCCCCn1cc2c(=O)n(CC3CCCCC3)nc-2c2ccccc21,9.207608310501746,7.798195960644648
random,validation,CCCCCn1cc2c(=O)n(CCC34CC5CC(CC(C5)C3)C4)nc-2c2ccccc21,7.583359492661719,7.999377301014609
random,validation,CCCCN1C(=O)C(C(=O)NC23CC4CC(CC(C4)C2)C3)=C(O)C2C1C=NN2C,8.744727494896694,8.319281249148073
random,validation,CCCCOC(=O)Cc1cc(O)c2c(c1)OC(C)(C)[C@@H]1CCC(=O)C[C@@H]21,6.0,6.4310087156553255
random,validation,CCCCOc1c(OC)ccc2cc(C(=O)NCC(F)c3ccccc3)c(=O)[nH]c12,9.096910013008056,8.983924463977115
random,validation,CCCCOc1c(OC)ccc2cc(C(=O)NCc3cn(CCF)nn3)c(=O)[nH]c12,6.207608310501746,5.567838579929932
random,validation,CCCCOc1ccccc1-c1cc(C(=O)NC23CC4CC(CC(C4)C2)C3)no1,6.432973633840939,7.726621623863533
random,validation,CCCCS(=O)(=O)N1CCN(c2ncnc3c2nc(-c2ccccc2Cl)n3-c2ccc(Cl)cc2)CC1,6.301029995663981,6.02086920389536
random,validation,CCCCc1cc(-c2ccccc2)cc(C(=O)N[C@H]2CC[C@@H](C)CC2)c1OC,5.898940645091884,5.781034494727451
random,validation,CCCCc1nc2ccccc2n1C(=O)c1ccc(OC)cc1,5.795880017344075,5.8437862547203085
random,validation,CCCCn1/c(=N/C(=O)c2cc(C(F)(F)F)ccc2NNC(=O)c2ccncc2)cc(C(C)(C)C)n1C,9.154901959985745,8.435717689777572
random,validation,CCCCn1/c(=N/C(=O)c2cc(C(F)(F)F)ccc2ONC(C)(C)C)sc2ccncc21,7.207608310501746,7.339392261883646
random,validation,CCCCn1c(=O)c(C(=O)NC23CC4CC(CC(C4)C2)C3)c(O)c2nn(CCO)cc21,7.735182176990463,8.055009634380088
random,validation,CCCCn1c(=O)c(C(=O)NC2CCC(C)CC2)cc2cccnc21,8.4089353929735,7.375530754175433
random,validation,CCCCn1c2c(cc(C(=O)NC3(C(=O)O)CCCCC3)c1=O)CCCCCC2,7.251811972993799,7.225530566850991
random,validation,CCCCn1c2c(cc(C(=O)NCCc3ccccc3)c1=O)CCCCCC2,8.795880017344075,8.869951592407215
random,validation,CCCCn1c2c(cc(C(=O)NCc3ccccc3)c1=O)CCC2,7.795880017344075,7.4318167907970345
random,validation,CCCCn1cc(C(=O)N[C@H](C(N)=O)C(C)C)c2cccnc21,6.050061376551602,6.280592228145023
random,validation,CCCCn1cc(C(=O)c2cccc3ccccc23)c(=O)c2ccccc21,5.809668301829708,6.391093413180587
random,validation,CCCCn1nc(C(C)(C)C)s/c1=N\C(=O)c1cc(C(F)(F)F)ccc1NNc1ccccn1,7.494850021680094,7.301776742567199
random,validation,CCCCn1nc(C(C)(C)C)s/c1=N\C(=O)c1cc(C(F)(F)F)ccc1O/N=C(\N)c1cccnc1,7.060480747381382,7.5889060262566215
random,validation,CCCCn1nc(C(C)(C)C)s/c1=N\C(=O)c1cc(C(F)(F)F)ccc1ONC(C)=O,9.0,8.822555522739377
random,validation,CCCN(CCC)c1ccc(C(NC(=O)Cc2ccccc2)NC(=O)Cc2ccccc2)cc1,7.657577319177793,6.441805632015408
random,validation,CCCOc1ccccc1-c1cc(C(=O)NC23CC4CC(CC(C4)C2)C3)no1,7.099086932262331,7.556872682291578
random,validation,CCCSC(=O)C(C)(C)c1cc(O)c2c(c1)OC(C)(C)[C@@H]1CC=C(C)C[C@@H]21,9.154901959985745,8.886595459960425
random,validation,CCCc1ccc(C(=O)c2cn(CCC)c3ccccc23)c2ccccc12,8.018000285870121,7.2427623571024125
random,validation,CCCc1sc2ccccc2c1C(=O)c1ccc(OC)cc1,6.522878745280337,6.020254871031025
random,validation,CCCn1c(=O)c(C(=O)NC23CC4CC(CC(C4)C2)C3)c(O)c2nn(CCO)cc21,6.798602875679549,7.811584954304306
random,validation,CCCn1c(=O)c(C(=O)NC2CCC(C)CC2)cc2ccccc21,7.595166283380061,7.48752088198981
random,validation,CCCn1c(C)c(C(=O)c2ccc(Br)c3ccccc23)c2ccccc21,7.508638306165727,7.606296723798426
random,validation,CCCn1c(C)c(C(=O)c2ccc(F)c3ccccc23)c2ccccc21,7.42021640338319,7.534452342664309
random,validation,CCCn1c(C)c(C(=O)c2ccc(OC)c3ccccc23)c2ccccc21,7.013004460275619,7.16724015034317
random,validation,CCCn1cc(C(=O)N[C@@H]2C(C)(C)C3CC[C@]2(C)C3)c(=O)c2ccc(Sc3ccccc3)cc21,9.397940008672036,8.450392886515859
random,validation,CCCn1cc(C(=O)c2ccc(F)c3ccccc23)c2ccccc21,7.481486060122112,7.447179474743109
random,validation,CCCn1cc(C(=O)c2cccc3ccccc23)cc1-c1ccccc1,6.982966660701219,7.655404970564941
random,validation,CCCn1cc(CC(=O)NC23CC4CC(CC(C4)C2)C3)c2cc(-c3ccccc3)ccc21,7.928117992693874,7.270517552030211
random,validation,CCN(CC)C(=O)c1ccc2c(c1)nc(Cc1ccc(OC3CCC3)cc1)n2CCC(C)C,7.356547323513812,7.260337480699919
random,validation,CCN(CC)c1ccc(C(NC(=O)/C=C/c2ccccc2)NC(=O)/C=C/c2ccccc2)cc1,6.777283528852417,6.084892310371605
random,validation,CCN(CC)c1ccc(C(NC(=O)Cc2ccccc2)NC(=O)Cc2ccccc2)cc1,7.1938200260161125,6.384088785300933
random,validation,CCN(CC)c1ccc(CN(C(=O)C2CCCCC2)[C@]23C[C@H]4C[C@H](C[C@H](C4)C2)C3)cc1,7.455994006583409,7.374674037423162
random,validation,CCN(CC)c1ccc(CN(Cc2ccccc2)S(=O)(=O)c2ccccc2)cc1,6.769551078621726,7.092754599593716
random,validation,CCN(CC)c1ccc(CN(c2ccc(Cl)cc2)S(=O)(=O)c2ccccc2)cc1,7.798955324713951,8.368579657045345
random,validation,CCN(CC)c1ccc(CNS(=O)(=O)c2ccc(C)cc2)cc1,5.443697499232712,6.6427144400647515
random,validation,CCN(CC)c1ccc(CN[C@]23C[C@H]4C[C@H](C[C@H](C4)C2)C3)cc1,4.700028584267131,5.8605197620728315
random,validation,CCN1CCCC1Cn1c2c(cc(C(=O)NC3(C(=O)O)CCCCC3)c1=O)CCCCCC2,5.674895017028593,6.593377555490621
random,validation,CCN1CCN(c2nc(C)nc3[nH]c(-c4ccccc4Cl)nc23)CC1,7.292429823902063,7.203092689512976
random,validation,CCOC(=O)C(C)(C)c1cc(OC)c(-c2cc(Cl)cc(Cl)c2)c(OC)c1,6.0,6.100140535436895
random,validation,CCOC(=O)CCCn1c(=O)c(C(=O)NC2CCC(C)CC2)cc2cccnc21,7.20342566678957,6.667693835194941
random,validation,CCOCC(=O)NC1CCCOc2c1nn(-c1ccccc1Cl)c2-c1ccc(Cl)cc1,5.184422251675732,4.763276260573756
random,validation,CCOc1ccc(CN(Cc2ccccc2)S(=O)(=O)c2ccc(C)cc2)cc1,6.638272163982407,7.137879815986674
random,validation,CCOc1ccc(Cc2nc3cc(C(=O)N(CC)CC)ccc3n2CC23CC4CC(CC(C4)C2)C3)cc1,8.55284196865778,6.669247059799779
random,validation,CCOc1ccc(Cc2nc3cc(C(=O)N(CC)CC)ccc3n2CC2CC2)cc1,8.387216143280265,8.165016468146149
random,validation,CCOc1ccc(Cc2nc3cc(C(=O)N(CC)CCCCNc4c5c(nc6ccccc46)CCCC5)ccc3n2CCC(C)C)cc1,5.522878745280337,5.235918877469747
random,validation,CCOc1ccc(Cc2nc3cc(C(=O)NCCCNc4c5c(nc6ccccc46)CCCC5)ccc3n2CCC(C)C)cc1,5.301029995663981,4.961399355591003
random,validation,CCOc1ccc(Cc2nc3cc(N)ccc3n2CCC(C)C)cc1,4.6777807052660805,5.652819666747649
random,validation,CCOc1ccc(Cc2nc3cc(NC)ccc3n2CC2CC2)cc1,5.362310180881599,6.3136570521641975
random,validation,CCS(=O)(=O)n1c2c(c3cc(C(=O)N4CCC(C)CC4)ccc31)CN(C1CCCCO1)C2,7.75448733218585,7.357980558998376
random,validation,CCS(=O)(=O)n1c2c(c3cc(C(=O)N4CCC(C)CC4)ccc31)CN(Cc1ccccc1)C2,7.431798275933005,7.116159814897833
random,validation,CCSC(=O)N1CC(C)(C)CS/C1=N\c1ccccc1C(C)C,7.318758762624412,6.782600262129856
random,validation,CCc1c(C(=O)NC2CCCCC2)cc(C)n1-c1ccccc1,6.767486707313942,7.0589919579867475
random,validation,CCc1c(C(=O)N[C@H]2CCCC[C@@H]2O)nc(-c2ccccc2Cl)n1-c1ccc(Cl)cc1,5.638272163982407,5.747984045959314
random,validation,CN(C)c1ccc(C(NC(=O)Cc2ccccc2)NC(=O)Cc2ccccc2)cc1,6.1095789811990855,6.208438039940215
random,validation,CN(C)c1ccc2c(=O)c(C(=O)NC3CCCCC3)cn(CCN3CCOCC3)c2n1,7.026872146400302,6.325863742192385
random,validation,CN/C(=N\S(=O)(=O)N1CCCCC1)C1=NN(c2ccc(Cl)cc2)C(c2ccccc2)C1,5.9641701747471725,6.023452639922915
random,validation,CN/C(=N\S(=O)(=O)c1ccc(Cl)cc1)C1=NN(c2ccc(Cl)cc2Cl)C(c2ccccc2)C1,6.605548319173783,6.122542923678418
random,validation,CN/C(=N\S(=O)(=O)c1ccc(Cl)cc1)N1CCC(c2ccccc2)C(c2ccc(Cl)cc2)=N1,6.497572880015568,5.466150314303911
random,validation,CN1C(=N)NC(=O)/C1=C/c1cccc(OCc2ccc(Cl)cc2)c1,4.642065152999546,6.273479326052489
random,validation,CN1CCCC[C@@H]1COc1ccc(C(F)(F)F)cc1C(=O)/N=c1\sc(C(C)(C)C)cn1C[C@H]1CCCO1,7.481486060122112,8.284851188501056
random,validation,CN1CC[C@H](COc2ccc(C(F)(F)F)cc2C(=O)/N=c2\sc(C(C)(C)C)cn2C[C@H]2CCCO2)C1,7.036212172654444,6.750674125456755
random,validation,CN1N=CC2C1C(O)=C(C(=O)NC13CC4CC(CC(C4)C1)C3)C(=O)N2CCCCF,8.853871964321762,7.348425077775796
random,validation,CNC1(c2nc(-c3cc(C(C)(C)C)c(O)c(C(C)(C)C)c3)cs2)CCOCC1,6.84163750790475,7.210836350698382
random,validation,COC(=O)C(C)(C)NC(=O)c1cc2c(n(CC3CCCCC3)c1=O)CCCCCC2,9.522878745280336,7.782327493714732
random,validation,COC(=O)CCC(C)(C)c1ccc(-c2cc(C)cc(C)c2)c(O)c1,8.2518119729938,7.251326209564576
random,validation,COC(=O)CCCCn1c(=O)c(C(=O)NC2CCC(C)CC2)cc2cccnc21,7.567030709125595,6.79771017906868
random,validation,COC(=O)CCn1cc(C(=O)C2C(C)(C)C2(C)C)c2ccccc21,8.533816396300542,7.665590985411203
random,validation,COC(=O)c1c(NC(=O)C23CC4CC(CC(C4)C2)C3)sc2c1CCCC2,8.29413628771608,8.49700807741988
random,validation,COC(=O)c1ccc2c(/C=C3/C(=O)C4CCN3CC4)cn(Cc3ccccc3)c2c1,8.602059991327963,6.796872020238784
random,validation,COCCCn1c2ccccc2c2cc(C(=O)N3CCCCC3)ccc21,7.080921907623926,7.029937603811387
random,validation,COCCn1c(C)c(C(C)(C)C)s/c1=N\C(=O)c1ccc(C(F)(F)F)cc1,8.0,7.115499317310372
random,validation,COCCn1c(Cc2ccc(Cl)c(Cl)c2)nc2cc(C(F)(F)F)ccc21,5.0,6.7915275067876415
random,validation,COCCn1cc(C(=O)N[C@@H]2C(C)(C)C3CC[C@]2(C)C3)c(=O)c2ccc(F)cc21,8.259637310505756,8.93025514908055
random,validation,COC[C@@H](COC(C)=O)N(C)C(=O)CC/C=C/CCCCC(Cl)CCCCCC(Cl)Cl,6.065501548756432,6.088255445062589
random,validation,COc1cc(CNC(=O)c2nn(-c3ccc(F)cc3F)c(-n3cccc3)c2C)c(Br)c(OC)c1OC,6.131355561605174,6.237991366485222
random,validation,COc1ccc(-c2sc3ccccc3c2C(=O)c2cccc3ccccc23)cc1,6.522878745280337,5.544454323029135
random,validation,COc1ccc(C(=O)n2c(C(C)C)nc3ccccc32)cc1,6.096910013008056,5.925628051647953
random,validation,COc1ccc(CCNC(=O)c2nn(-c3ccc(Cl)cc3Cl)c(-n3c(C)ccc3C)c2C)cc1Cl,5.458046525541764,5.775749933692286
random,validation,COc1ccc(COc2n[nH]c3ccccc23)cc1,5.346787486224656,5.737994786385428
random,validation,COc1ccc(Cc2cc3c(OC)cc(C)cc3oc2=O)c(OC)c1,5.555955204081924,5.743505707536052
random,validation,COc1ccc(S(=O)(=O)c2cc(OC)ccc2S(=O)(=O)c2ccc(C(C)(C)NS(C)(=O)=O)cc2)cc1,8.221848749616356,7.989889906943374
random,validation,COc1ccc(S(=O)(=O)c2ccc([C@H](C)NS(C)(=O)=O)cc2)c(S(=O)(=O)c2ccc(Cl)cc2)c1,9.045757490560677,8.841345201132999
random,validation,COc1ccc(S(=O)(=O)c2ccc([C@H](C)NS(C)(=O)=O)cc2)c(S(=O)(=O)c2ccccc2)c1,9.221848749616356,9.131714247762844
random,validation,COc1ccc2cc(C(=O)NCC(F)c3ccccc3)c(=O)[nH]c2c1OC,7.657577319177793,7.481198924299054
random,validation,COc1cccc(Cc2cc3c(OC)cc(CBr)cc3oc2=O)c1,4.876148359032914,5.779933849609571
random,validation,COc1cccc2c(=O)c(C(=O)NC(C)(C)C)cn(CCCF)c12,6.1249387366083,7.409132393613098
random,validation,COc1ccccc1-c1cc(C(=O)NC23CC4CC(CC(C4)C2)C3)no1,7.154281982033341,7.128138730808677
random,validation,COc1ccccc1CNC(=O)c1nn(CCN2CCOCC2)c2c(OC)cccc12,7.113509274827518,6.8643528068648045
random,validation,COc1ccccc1Cc1cc2c(OC)cccc2oc1=O,5.45717457304082,5.58982811807048
random,validation,CSC(=S)N1CC(C)(C)CS/C1=N\c1ccccc1Br,6.430626090384954,6.7644472880526125
random,validation,CSC(=S)N1CC2(CCCCC2)CO/C1=N\c1ccc(Cl)c2c1CCCC2,8.236572006437063,8.8076275833653
random,validation,CSC(=S)N1CC2(CCCCC2)CO/C1=N\c1cccc2ccccc12,9.045757490560677,8.39642329829785
random,validation,CSC(=S)N1CC2(CCCCC2)CO/C1=N\c1cccc2nonc12,8.167491087293763,8.91712096257999
random,validation,CSC(=S)N1CC2(CCCCC2)CS/C1=N\c1ccc(C(F)(F)F)cc1,7.744727494896693,8.758012009559316
random,validation,CSC(=S)N1CC2(CCCCC2)CS/C1=N\c1ccc(OC(F)(F)F)cc1,8.221848749616356,8.392121510448003
random,validation,CSCCCCn1cc(C(=O)C2C(C)(C)C2(C)C)c2ccccc21,9.39897391554397,9.295726597196783
random,validation,C[C@H](NS(C)(=O)=O)c1ccc(S(=O)(=O)c2ccc(Cl)cc2S(=O)(=O)c2ccc(Cl)cc2)cc1,8.0,8.137009531028276
random,validation,C[C@H](NS(C)(=O)=O)c1ccc(S(=O)(=O)c2ccccc2S(=O)(=O)c2ccc(Cl)cc2)cc1,7.236572006437063,8.119437764996576
random,validation,C[C@H]1CC[C@@H](NC(=O)c2cc3cc(-c4cccs4)cnc3n(Cc3ccc(F)cc3)c2=O)CC1,9.017728766960431,8.752604250458786
random,validation,Cc1c(C(=O)NC2CCCCC2)nc(-c2ccc(Cl)cc2Cl)n1-c1ccc(Cl)cc1,6.795880017344075,6.730649996663821
random,validation,Cc1c(C(=O)NC2CCCCCC2)nn(-c2ccc(F)cc2F)c1-n1cccc1,6.698970004336019,7.431876927241283
random,validation,Cc1c(C(=O)NCCCCCCCCCCCN(C)CCCCCCCCCCCN)nn(-c2ccc(Cl)cc2Cl)c1-c1ccc(Cl)cc1,6.370590400897282,6.734754053838508
random,validation,Cc1c(C(=O)NCCCCCN(C)CCCCCNC(=O)c2nn(-c3ccc(Cl)cc3Cl)c(-c3ccc(Cl)cc3)c2C)nn(-c2ccc(Cl)cc2Cl)c1-c1ccc(Cl)cc1,5.984221243610959,5.972037089428639
random,validation,Cc1c(C(=O)NCCCCCO)nn(-c2ccc(Cl)cc2Cl)c1-n1c(C)ccc1C,5.494782168468191,6.001813177000488
random,validation,Cc1c(C(=O)NCc2ccc(Cl)c(Cl)c2)nn(-c2ccc(F)cc2F)c1-n1c(C)ccc1C,5.404503778174426,6.260211378153569
random,validation,Cc1c(C(=O)NN2CCCCC2)nc(-c2ccc(Cl)cc2)n1-c1ccc(Cl)cc1Cl,6.681936665037238,6.054978673925329
random,validation,Cc1c(C(=O)NN2CCOCC2)nn(-c2ccc(Cl)cc2Cl)c1-c1ccc(I)cc1,5.376750709602099,6.523648570323347
random,validation,Cc1c(C(=O)NOC(C)(C)C)nc(-c2ccc(Cl)cc2Cl)n1-c1ccc(Cl)cc1,6.616184634019569,6.2809450914681335
random,validation,Cc1c(C(=O)N[C@H](C)C2CCCCC2)nn(-c2ccc(Cl)c(Cl)c2)c1-n1cccc1,8.795880017344075,8.519751530826168
random,validation,Cc1c(C(=O)Nc2ccncc2)nn(-c2ccc(Cl)cc2Cl)c1-c1ccc(Cl)cc1,5.7594507517174005,6.065563228146618
random,validation,Cc1c(C(C)(C)C)s/c(=N\C(=O)c2ccc(Br)cc2)n1CC1CC1,8.920818753952375,7.605188442870444
random,validation,Cc1c(O)c(C)c2cc(Cc3ccccc3)c(=O)oc2c1C,5.465973893943865,5.588197798836742
random,validation,Cc1cc(-c2cc(C(=O)N[C@H]3CC[C@@H](C)CC3)c(=O)n(Cc3ccc(F)cc3)n2)ccc1Cl,8.698970004336019,7.945321234502824
random,validation,Cc1cc(=O)c(C(=O)NC23CC4CC(CC(C4)C2)C3)cn1CCC1CCOCC1,6.708187312532881,8.118342318470484
random,validation,Cc1cc(C)cc(-c2ccc(C(C)(C)CO)cc2O)c1,6.221848749616356,6.628951026152785
random,validation,Cc1cc(F)c(NC(=O)C2CCCCC2C)cc1CN1CCOCC1,7.431798275933005,7.099126215220814
random,validation,Cc1ccc(-c2cc(CC(C)(C)C)[nH]n2)cc1S(=O)(=O)N1CCOCC1,7.1249387366083,7.070211900249918
random,validation,Cc1ccc(-c2cnc(C(C)(C)C)[nH]2)cc1S(=O)(=O)N1CCOCC1,7.091514981121351,6.916592383950902
random,validation,Cc1ccc(-c2noc(CC(C)(C)C)n2)cc1S(=O)(=O)N1CCOCC1,7.229147988357855,7.205597694102292
random,validation,Cc1ccc(-c2noc(CC3CCCCC3)n2)cc1S(=O)(=O)N1CCOCC1,6.886056647693163,7.177291412058655
random,validation,Cc1ccc(C(=O)NC(C(C)(C)C)C(C)(C)C)cc1S(=O)(=O)N1CCOCC1,7.468521082957745,7.703642034980314
random,validation,Cc1ccc(C(=O)NC(C)C23CC4CC(CC(C4)C2)C3)cc1S(=O)(=O)N1CCOCC1,8.200659450546418,7.676749195270055
random,validation,Cc1ccc(C(=O)NCC23CC4CC(CC(C4)C2)C3)cc1S(=O)(=O)N1CCOCC1,8.0,7.675244274615368
random,validation,Cc1ccc(CC2CN(C(=O)NC3C4(C)CCC(C4)C3(C)C)N=C2c2ccc(Cl)c(C)c2)cc1,6.600326278518962,6.319315036396197
random,validation,Cc1ccc(Cn2cc(C(=O)N[C@@H]3C(C)(C)C4CC[C@@]3(C)C4)c3c2-c2ccc(Cl)c(C)c2C3)cc1,6.464705879957229,7.4996490110967695
random,validation,Cc1ccc(Cn2cc(C(=O)N[C@@H]3CC4CC[C@@]3(C)C4(C)C)cc2-c2ccc(Cl)c(C)c2)cc1,6.785156151952302,7.424610612890426
random,validation,Cc1ccc([C@@H](c2ccc(Cl)cc2Cl)N2CCN(C(=O)NC3CCCCC3)CC2)cc1,6.644356949779131,6.582831002506185
random,validation,Cc1cccc(C(=O)c2cc(O)c(-c3cc(Cl)cc(Cl)c3)c(O)c2)c1,5.582030357785262,5.687894604641623
random,validation,Cc1nc(-c2ccccc2)c(-c2ccccc2)n1CCCCCCNC(=O)Oc1ccccc1F,4.552841968657781,5.324089525724229
random,validation,Cc1nonc1Cn1nnc2c(N3CC[C@H](S)C3)nc(C(C)(C)C)nc21,6.815308569182401,6.293881488403867
random,validation,Cn1cc(C(=O)N[C@@H]2C(C)(C)C3CC[C@]2(C)C3)c(=O)c2ccc(F)cc21,7.027334407733889,8.068668055755161
random,validation,N#Cc1c(Oc2cccc(OS(=O)(=O)CCCC(F)(F)F)c2)cccc1C(F)(F)F,7.341988603342887,6.8245986404692545
random,validation,N#Cc1ccccc1CSc1nnc2c3ccccc3n(C(=O)c3ccco3)c2n1,6.309803919971486,6.182003254333106
random,validation,NCCSSCCc1ccccc1Cn1nnc2c(N3CCC(F)(F)C3)nc(C(F)(F)c3ccccc3)nc21,6.752026733638194,6.6689947954433695
random,validation,O=C(C1CCCCC1)N1CCN(C(c2ccccc2)c2ccc(Cl)cc2Cl)CC1,5.533428927613645,5.928178021161532
random,validation,O=C(CCc1nc(-c2ccc(F)cc2Br)no1)Nc1ccc2c(c1)c1ccccc1n2CCCF,5.7447274948966935,7.034604301589375
random,validation,O=C(CCc1nnc(-c2ccc(Br)cc2F)o1)Nc1ccc2c(c1)c1ccccc1n2CCF,6.497572880015568,7.2908260161373315
random,validation,O=C(Cc1ccc(Cl)cc1)NC(NC(=O)Cc1ccc(Cl)cc1)c1ccccc1F,4.964570061679838,6.583570093602644
random,validation,O=C(Cc1ccccc1)NC(NC(=O)Cc1ccccc1)c1ccccc1,5.003050970182716,4.826099540627557
random,validation,O=C(NC12CC3CC(CC(C3)C1)C2)c1ccc(O)cc1,5.97469413473523,6.749284172018971
random,validation,O=C(NC12CC3CC(CC(C3)C1)C2)c1cn(CCN2CCOCC2)c2ccccc2c1=O,6.818156412055227,8.676468967566525
random,validation,O=C(NC1CC1)c1cnn(-c2ccc(Cl)cc2Cl)c1-c1ccc(Cl)cc1,4.6777807052660805,5.492365887823269
random,validation,O=C(NC1CCCCC1)N1CCN(C(c2ccc(Cl)cc2)c2ccc(Cl)cc2Cl)CC1,7.585026652029182,6.641662725812253
random,validation,O=C(NC1CCCCC1)N1CCN(C(c2ccccc2)c2ccc(Cl)cc2F)CC1,6.279014255846261,6.331686033135691
random,validation,O=C(NC1CCCCC1)c1cccn(CCN2CCOCC2)c1=O,5.102372908709558,5.777694471756683
random,validation,O=C(NC1CCCCCC1)c1cc2cccnc2n(Cc2ccc(F)cc2)c1=O,9.154901959985745,9.137360613974238
random,validation,O=C(NC1CCCCCC1)c1cn2c3c(cccc3c1=O)OCC2C1CC1,8.505845405981557,8.283083821830642
random,validation,O=C(NC1CCN(c2ncnc3c2nc(-c2ccccc2Cl)n3-c2ccc(C(F)(F)F)nc2)CC1)c1ccccc1,6.130768280269024,5.952139785519387
random,validation,O=C(NC1CCN(c2ncnc3c2nc(-c2ccccc2Cl)n3-c2ccc(Cl)cc2)CC1)c1ccc(F)cc1,5.0,5.0925919306410865
random,validation,O=C(NCCO)C1CCN(Cc2nc(-c3cn(CC4CCOCC4)c4c(Cl)cccc34)no2)CC1,7.700057099977233,7.056960231627221
random,validation,O=C(NCCO)[C@H]1CCCN(Cc2nc(-c3cn(CC4CCS(=O)(=O)CC4)c4c(Cl)cccc34)ns2)C1,7.700057099977233,7.735527451940238
random,validation,O=C(NN1CCCC1)c1nn(-c2ccc(Cl)cc2Cl)c2c1Cc1cc(C3CC3)ccc1-2,6.818156412055227,6.745349915966216
random,validation,O=C(NN1CCCC1)c1nn(-c2ccc(Cl)cc2Cl)c2c1Cc1cc(C3CCCCC3)ccc1-2,6.288192770958808,6.804728431636507
random,validation,O=C(NN1CCCCC1)N1CCN(C(c2ccccc2)c2ccc(Cl)cc2Cl)CC1,5.981715691573469,6.1204900140465135
random,validation,O=C(NN1CCCCC1)c1cn(-c2ccc(Cl)cc2)c(-c2ccc(Cl)cc2Cl)n1,6.266000713461613,5.579644056266293
random,validation,O=C(NN1CCCCC1)c1nc(-c2ccc(Cl)cc2Cl)n(-c2ccc(Cl)cc2)n1,5.448306084872775,5.629104227168181
random,validation,O=C(NN1CCCCC1)c1nn(-c2ccc(Cl)cc2Cl)c2c1Cc1cc(C3CCCCC3)ccc1-2,6.293282217663242,7.031399911113367
random,validation,O=C(N[C@@H]1CCCC[C@H]1O)c1cnc(OCC2CC2)c(-c2ccc(Cl)cc2)n1,6.096367483915762,5.409814336731947
random,validation,O=C(N[C@H](C(=O)O)C1CCCCC1)c1cc2c(n(CC3CCCCC3)c1=O)CCCCCC2,6.954677021213342,8.463421228554
random,validation,O=C(N[C@H]1CCC[C@@H]1O)c1cn(-c2ccc(Cl)cc2)c(-c2ccccc2Cl)n1,5.200659450546418,5.229218209827577
random,validation,O=C(N[C@H]1c2ccccc2C[C@H]1O)c1cn(-c2ccc(Cl)cc2)c(-c2ccccc2Cl)n1,5.920818753952375,5.39257046194433
random,validation,O=C(Nc1ccc(Cl)cc1)Nc1cccc(Nc2cccc(N3CCCC3)n2)c1,4.279014255846261,4.218803668878694
random,validation,O=C(Nc1ccc(F)cc1)N1CCN(c2ncnc3c2nc(-c2ccccc2Cl)n3-c2ccc(Cl)cc2)CC1,5.698970004336019,5.3588916699957485
random,validation,O=C(Nc1cccc2ccccc12)c1cccn1Cc1ccc(F)cc1,7.221848749616356,6.73024255864423
random,validation,O=C(O)CCc1csc(NC(=O)c2cc3c(n(CC4CCCCC4)c2=O)CCCCCC3)n1,7.744727494896693,7.448891554847459
random,validation,O=C(O)Cc1ccc(NC(=O)c2cc3c(n(CC4CCCCC4)c2=O)CCCCCC3)cc1,7.130768280269024,6.864639824803781
random,validation,O=C(O)c1ccccc1NC(=O)c1cc2c(n(CC3CCCCC3)c1=O)CCCCCC2,6.742321425130816,7.301377806391052
random,validation,O=C(c1ccc2c(c1)c1ccccc1n2CC1CCOCC1)N1CCCCC1,7.698970004336019,6.666236250488799
random,validation,O=C(c1ccccc1)c1cc(O)c(-c2cc(Cl)ccc2Cl)c(O)c1,6.632644078973981,6.960256522256
random,validation,O=C(c1cn(CC2CCOCC2)c2ccccc12)[C@@H]1CC12CCCCC2,8.587546764348943,8.048491218302633
random,validation,O=C1/C(=C/c2cccc(OCc3ccc(Cl)cc3Cl)c2)N=C2SCCCCN12,5.782516055786093,5.998015467107941
random,validation,O=C1/C(=C/c2cn(Cc3ccccc3Br)c3ccccc23)N2CCC1CC2,6.47755576649368,7.199932958018223
random,validation,O=S(=O)(NC1CCN(c2ncnc3c2nc(-c2ccccc2Cl)n3-c2ccc(C(F)(F)F)nc2)CC1)c1ccccc1F,6.3979400086720375,6.361324474485437
random,validation,O=S(=O)(c1ccccc1F)c1cc(Cl)ccc1S(=O)(=O)N1CCC(CNS(=O)(=O)C(F)(F)F)CC1,8.259637310505756,7.07119114773027
random,validation,O=[N+]([O-])c1ccccc1CSc1nnc2c(n1)[nH]c1ccccc12,6.809668301829708,6.059080605262833
random,validation,OCCSSCCc1ccccc1Cn1nnc2c(N3CCC(F)(F)C3)nc(C(F)(F)c3ccccc3)nc21,6.860120913598763,6.773553274553927
random,validation,c1ccc2c(COc3n[nH]c4ccccc34)cccc2c1,6.356547323513812,5.205564278466294
random,validation,c1ccc2cc(COc3nn(CCN4CCCCC4)c4ccccc34)ccc2c1,5.698970004336019,6.270808961700144
scaffold,validation,C#Cc1cccc(S(=O)(=O)F)c1Cn1nc2nc(C(C)(C)C)nc(N3CCC(F)(F)C3)c2n1,6.375717904164332,7.963500198466856
scaffold,validation,C/N=C(\NS(=O)(=O)N1CCSCC1)N1CC(c2ccccc2)C(c2ccc(Cl)cc2)=N1,5.452717692036696,5.667772938075183
scaffold,validation,C=CCN(CC=C)c1nc2n(CCCCC)cc(C(=O)NC34CC5CC(CC(C5)C3)C4)c(=O)n2n1,6.801342913045577,7.05318884228728
scaffold,validation,C=CCNC(=O)CCCCCCCCCCOc1cc(CCCCC)cc(OC)c1,8.167491087293763,6.51680935426611
scaffold,validation,C=CCNC(=O)CCCCCCCCCCOc1cc(O)cc(CCCCC)c1,7.785156151952302,6.114381879707977
scaffold,validation,C=CCNC(=O)CCCCCCCOc1cc(O)cc(C(C)(C)CCCCCC)c1,8.1331221856625,6.907746392138707
scaffold,validation,C=CCNC(=O)CCCCCCCOc1cc(OC)cc(C(C)(C)CCCCCC)c1,7.505845405981557,6.865249728529497
scaffold,validation,C=CCNCCCCCCCCCCCOc1cc(O)cc(CCCCC)c1,5.732828271596986,5.906221796647434
scaffold,validation,C=CCOc1cc(CCCCC)cc(OCCCCCCCCCCC(=O)NC2CC2)c1,8.327902142064282,7.502600519752214
scaffold,validation,C=CCn1cc(C(=O)NC23CC4CC(CC(C4)C2)C3)c2cc(-c3ccc(O)cc3)ccc21,7.653647025549361,7.24254978275712
scaffold,validation,C=CCn1cc(C(=O)NC23CC4CC(CC(C4)C2)C3)c2cc(-c3ccccc3)ccc21,8.739928612014925,7.8678286553779895
scaffold,validation,C=CCn1cc(CC(=O)NC2CCCCC2)c2cc(OCc3cccc(OC)c3)ccc21,6.3979400086720375,6.648017931327699
scaffold,validation,CC(=O)Cn1nnc(Cc2ccc(-c3ccccc3)cc2)n1,5.2839966563652006,5.545154096073523
scaffold,validation,CC(=O)Oc1cccc(Cn2cccc2C(=O)c2ccccc2Cl)c1,5.806875401645538,5.993106729392606
scaffold,validation,CC(C(=O)NC1CCN(c2ncnc3c2nc(-c2ccccc2Cl)n3-c2ccc(Cl)cc2)CC1)c1ccccc1,6.823908740944319,5.906477028561481
scaffold,validation,CC(C)(C)[C@H](NC(=O)n1c(=O)n(CC2(O)CCOCC2)c2ccccc21)C(N)=O,7.036212172654444,7.3406861440826825
scaffold,validation,CC(C)(C)c1cn(C[C@H]2CCCO2)/c(=N/C(=O)c2cc(C(F)(F)F)ccc2OCCC/N=C/OC2CCCCO2)s1,7.602059991327962,8.503552399997332
scaffold,validation,CC(C)(C)c1cn(C[C@H]2CCCO2)/c(=N/C(=O)c2cc(C(F)(F)F)ccc2OC[C@@H]2CCN2)s1,7.823908740944319,8.061752013191892
scaffold,validation,CC(C)(C)c1cn(C[C@H]2CCCO2)/c(=N/C(=O)c2cc(C(F)(F)F)ccc2OC[C@H]2CCN2)s1,6.939302159646388,8.061752013191892
scaffold,validation,CC(C)(C)c1cn(C[C@H]2CCCO2)/c(=N/C(=O)c2cc(C(F)(F)F)ccc2OCc2cnco2)s1,7.585026652029182,8.214036137090474
scaffold,validation,CC(C)(C)c1nc(N2CCC(F)(F)C2)c2nn(Cc3ccccc3CS(=O)(=O)F)nc2n1,6.195860567664649,7.36441852129537
scaffold,validation,CC(C)(C)c1nc(N2CCC(F)(F)C2)c2nn(Cc3ccccc3CSC#N)nc2n1,6.675717544702307,6.773506784546121
scaffold,validation,CC(C)(C)c1nc(N2CCC(F)(F)C2)c2nn(Cc3ccccc3F)nc2n1,6.442492798094342,6.8720897457403884
scaffold,validation,CC(C)(C)c1nc(N2CCC(F)(F)C2)c2nn(Cc3ccccc3SC#N)nc2n1,6.343901797987169,6.614393785726418
scaffold,validation,CC(C)(C)c1nc(N2CC[C@H](O)C2)c2nn(Cc3ccccc3CSC#N)nc2n1,6.276544327964814,6.416634458463892
scaffold,validation,CC(C)(C)c1nc(N2CC[C@H](O)C2)c2nn(Cc3ccccc3F)nc2n1,5.933674074637962,6.541625753482832
scaffold,validation,CC(C)(C)c1nc2ccccc2n1C(=O)c1cccc2ccccc12,7.096910013008056,6.137964709030716
scaffold,validation,CC(C)CCOc1cc(O)cc(OCCCCCCCCCCC(=O)NC2CC2)c1,6.893032707074239,7.377754098945754
scaffold,validation,CC(C)CCOc1cc(O)cc(OCCCCCCCCCCC(=O)NCCO)c1,6.22206165825477,5.917952388762243
scaffold,validation,CC(C)Cc1nc2ccccc2n1C(=O)c1cccc2ccccc12,7.0,6.044054145086199
scaffold,validation,CC(C)Cn1cc(C(C)(C)C)s/c1=N\C(=O)c1cc(C(F)(F)F)ccc1O[C@H]1CCN(C)C1,6.954677021213342,7.271682014453372
scaffold,validation,CC(C)Cn1nnc(Cc2ccc(-c3ccccc3)cc2)n1,5.327902142064282,5.6474406954713645
scaffold,validation,CC(C)c1ccc(Cn2c(NCCc3c[nH]c4ccccc34)nc3c2c(=O)n(C)c(=O)n3C)cc1,6.823908740944319,7.660862858084969
scaffold,validation,CC(C)c1nc2ccccc2n1C(=O)c1cccc2ccccc12,6.301029995663981,5.9872594699756165
scaffold,validation,CC(NS(C)(=O)=O)c1ccc(C(=O)c2ccc(Cl)cc2S(=O)(=O)c2ccc(Cl)cc2)cc1,6.3872161432802645,7.507053300454273
scaffold,validation,CC(NS(C)(=O)=O)c1ccc(C(=O)c2ccc(OC(F)(F)F)cc2S(=O)(=O)c2ccccc2F)cc1,6.747146969020107,8.233264702245174
scaffold,validation,CC/C=C\C/C=C\C/C=C\CCCCCCCC(=O)NCc1ccccc1,4.356942316248547,6.276462067028416
scaffold,validation,CC1(C)C(C(=O)c2cn(CC3CCOCC3)c3cccc(OCc4ccccc4)c23)C1(C)C,8.030747892808849,8.419593597041965
scaffold,validation,CC1(C)C(C(=O)c2cn(CCC3CCOCC3)c3ccccc23)C1(C)C,8.556439016368438,8.606155049092411
scaffold,validation,CC1(C)C(C(=O)c2cn(CCN3CCCCC3)c3ccccc23)C1(C)C,8.644109035201687,8.187241881552897
scaffold,validation,CC1(C)C(C(=O)c2cn(CCN3CCCCCC3)c3ccccc23)C1(C)C,7.587546764348944,8.353567534540437
scaffold,validation,CC1(C)C(C(=O)c2cn(CCN3CCOC3=O)c3ccccc23)C1(C)C,9.74232805345581,7.4345533551279095
scaffold,validation,CC1(C)C(C(=O)c2cn(CCc3nsc(Cl)n3)c3ccccc23)C1(C)C,8.080451495797504,7.537349391957953
scaffold,validation,CC1(C)C2CCC(CNC(=O)c3nn(-c4ccc(Cl)cc4Cl)c4c3CCCc3cc(Cl)ccc3-4)C1C2,7.709965388637482,7.29459175903601
scaffold,validation,CC1(C)C2CCC(CNC(=O)c3nn(-c4ccc(Cl)cc4Cl)c4c3CCCc3ccc(Cl)cc3-4)C1C2,7.866461091629782,7.225697056928694
scaffold,validation,CC1(C)Oc2cc(C34CC5CC(CC(C#N)(C5)O3)C4)cc(O)c2[C@@H]2C[C@H](O)CC[C@H]21,7.498940737782249,7.786419282941682
scaffold,validation,CC1(C)Oc2cc(C34CC5CC(CC(C(N)=O)(C5)O3)C4)cc(O)c2[C@@H]2C[C@H](CO)CC[C@H]21,7.037157318798758,7.230722257872652
scaffold,validation,CC1(C)Oc2cc(C34CC5CC(CC(C(N)=O)(C5)O3)C4)cc(O)c2[C@@H]2C[C@H](O)CC[C@H]21,6.432973633840939,6.894017746577116
scaffold,validation,CC1(C)Oc2cc(C34CC5CC(CC(C5)O3)C4)cc(O)c2[C@@H]2C[C@@H](O)CC[C@H]21,5.886056647693163,6.251745133897779
scaffold,validation,CC1(C)Oc2cc(C34CC5CC(CC(C5)O3)C4)cc(O)c2[C@@H]2C[C@H](O)CC[C@H]21,7.721246399047171,6.251745133897779
scaffold,validation,CC1(C)Oc2cc(C34CC5CC(CC(CN=C=S)(C5)O3)C4)cc(O)c2[C@@H]2C[C@H](CO)CC[C@H]21,8.327902142064282,7.8028945934022165
scaffold,validation,CC1(C)Oc2cc(C34CC5CC(CC(CN=C=S)(C5)O3)C4)cc(O)c2[C@@H]2C[C@H](O)CC[C@H]21,8.443697499232712,7.455623286176075
scaffold,validation,CC1(C)Oc2cc(C34CC5CC(CC(CN=[N+]=[N-])(C5)O3)C4)cc(O)c2[C@@H]2C[C@H](CO)CC[C@H]21,8.657577319177793,7.808592130387574
scaffold,validation,CC1(C)Oc2cc(C34CC5CC(CC(CN=[N+]=[N-])(C5)O3)C4)cc(O)c2[C@@H]2C[C@H](O)CC[C@H]21,8.508638306165727,7.540315185543373
scaffold,validation,CC1(C)Oc2cc(N3C4CC5CC3CC(C4)O5)cc(O)c2[C@@H]2C[C@@H](O)CC[C@H]21,4.826813731587726,5.12569794846227
scaffold,validation,CC1(C)Oc2cc(N3C4CC5CC3CC(C4)O5)cc(O)c2[C@@H]2C[C@H](O)CC[C@H]21,5.7447274948966935,5.12569794846227
scaffold,validation,CC12CC3CC(C)(C1)CC(NC(=O)c1cn(CCN4CCOCC4)c4ccccc4c1=O)(C3)C2,6.655607726314889,7.176084342976139
scaffold,validation,CC1=C(C(=O)c2cccc3ccccc23)C2C=CC=C3OC[C@@H](CN4CCOCC4)N1C32,8.602059991327963,6.981880034903157
scaffold,validation,CC1CC(C)CN(S(=O)(=O)c2ccc(F)c(C(=O)NC(c3ccccc3)c3ccccc3)c2)C1,5.0,6.226722502159673
scaffold,validation,CC1CCC(NC(=O)c2c(O)c3cccnc3n(CCCO)c2=O)CC1,6.667561540084394,7.5887374003459716
scaffold,validation,CC1CCC(NC(=O)c2c(O)c3cccnc3n(CCN3CCOCC3)c2=O)CC1,8.12842706445412,8.20005584742061
scaffold,validation,CC1CCC(NC(=O)c2c(O)c3cccnc3n(Cc3ccc(F)cc3)c2=O)CC1,9.1249387366083,8.53553061919376
scaffold,validation,CC1CCC(NC(=O)c2cc3cc(-c4cccs4)cnc3n(Cc3ccc(F)cc3)c2=O)CC1,8.732828271596986,9.167290234526657
scaffold,validation,CC1CCC(NC(=O)c2cc3cc(Br)cnc3n(CCN3CCOCC3)c2=O)CC1,8.899629454882437,8.56336094481747
scaffold,validation,CC1CCC(NC(=O)c2cc3cc(Br)cnc3n(Cc3ccc(F)cc3)c2=O)CC1,9.744727494896694,8.728122232837915
scaffold,validation,CC1CCC(NC(=O)c2cc3cccnc3n(CCC(=O)O)c2=O)CC1,5.855737226238009,5.86600417554144
scaffold,validation,CC1CCC(NC(=O)c2cc3cccnc3n(CCCC(=O)O)c2=O)CC1,5.608006927740288,5.775633438376652
scaffold,validation,CC1CCC(NC(=O)c2cc3cccnc3n(CCCCC(=O)O)c2=O)CC1,5.872571222148402,5.89376783091424
scaffold,validation,CC1CCC(NC(=O)c2cc3cccnc3n(CCCCCCF)c2=O)CC1,8.835647144215564,8.976226416636583
scaffold,validation,CC1CCC(NC(=O)c2cc3cccnc3n(CCCCCCO)c2=O)CC1,7.744727494896693,8.502669238371908
scaffold,validation,CC1CCC(NC(=O)c2cc3cccnc3n(CCCCCF)c2=O)CC1,9.2518119729938,8.628543805594521
scaffold,validation,CC1CCC(NC(=O)c2cc3cccnc3n(CCCCCO)c2=O)CC1,8.443697499232712,8.279830206053951
scaffold,validation,CC1CCC(NC(=O)c2cc3cccnc3n(CCCCF)c2=O)CC1,8.866461091629782,8.271350204141902
scaffold,validation,CC1CCC(NC(=O)c2cc3cccnc3n(CCCCO)c2=O)CC1,7.273272790973428,8.038014530568457
scaffold,validation,CC1CCC(NC(=O)c2cc3cccnc3n(CCCO)c2=O)CC1,6.889410289700751,7.831627118725399
scaffold,validation,CC1CCC(NC(=O)c2cc3cccnc3n(CCN3CCOCC3)c2=O)CC1,8.721246399047171,8.478854849653873
scaffold,validation,CC1CCC(NC(=O)c2cc3cccnc3n(CCO)c2=O)CC1,5.678608721688311,7.906193308333194
scaffold,validation,CC1CCC(NC(=O)c2cc3cccnc3n(Cc3ccc(F)cc3)c2=O)CC1,9.045757490560677,8.867045259383596
scaffold,validation,CC1CCC(NC(=O)c2cc3cccnc3n(Cc3ccccc3)c2=O)CC1,8.10790539730952,8.309931939166875
scaffold,validation,CCC(C)(C)C(=O)Cc1cc(C)c(C)c(S(=O)(=O)N2CCCCCC2)c1,8.045757490560675,8.12859808685786
scaffold,validation,CCC(C)(C)C(=O)Nc1cc(C)c(C)c(S(=O)(=O)N2CCCCCC2)c1,8.045757490560675,7.944061136840469
scaffold,validation,CCC(C)(C)C(=O)Nc1ccc(C)c(CN2CCOCC2)n1,5.7447274948966935,7.454263267044895
scaffold,validation,CCC(CC)(NC(=O)c1ccc(N2CC(OC)C2)c(OCC2CC2)n1)C(=O)N1CC(F)C1,7.73754891026957,6.6192432456624815
scaffold,validation,CCCCC(=O)NC(NC(=O)CCCC)c1ccc(N(CC)CC)cc1,6.739928612014925,6.268736118607806
scaffold,validation,CCCCC/C=C\C/C=C\C/C=C\C/C=C\CCCC(=O)NCCc1ccc(OC)cc1OC,5.3979400086720375,6.172986749571044
scaffold,validation,CCCCC/C=C\C/C=C\C/C=C\C/C=C\CCCC(=O)NCc1cc(OC)ccc1OC,5.3872161432802645,6.088015069291435
scaffold,validation,CCCCC/C=C\C/C=C\C/C=C\C/C=C\CCCC(=O)NCc1ccc(O)cc1,7.0,6.431756401815266
scaffold,validation,CCCCC/C=C\C/C=C\C/C=C\C/C=C\CCCC(=O)NCc1ccc(OC)cc1,5.346787486224656,6.247059049774331
scaffold,validation,CCCCC/C=C\C/C=C\C/C=C\C/C=C\CCCC(=O)NCc1ccc(OC)cc1OC,5.3979400086720375,6.085320850959456
scaffold,validation,CCCCC/C=C\C/C=C\C/C=C\C/C=C\CCCC(=O)Nc1ccc(O)c(OC)c1,6.0,6.063900021784842
scaffold,validation,CCCCC/C=C\C/C=C\C/C=C\C/C=C\CCCC(=O)Nc1ccc(O)cc1,5.886056647693163,6.408808648420014
scaffold,validation,CCCCC/C=C\C/C=C\C/C=C\C/C=C\CCCC(=O)Nc1ccc(OC)cc1,5.3979400086720375,6.270981153526176
scaffold,validation,CCCCC/C=C\C/C=C\CCCCCCCC(=O)NCc1ccccc1,5.386158178123931,6.16927001804327
scaffold,validation,CCCCC/C=C\[C@H](C)/C=C\C/C=C\C/C=C\CCCC(=O)NC1CCCC1,6.856985199745905,7.780473043875385
scaffold,validation,CCCCCC(=O)NC(NC(=O)CCCCC)c1ccc(N(CC)CC)cc1,7.602059991327962,6.132572187277031
scaffold,validation,CCCCCC1=CC(=O)C2=C(OC(C)(C)[C@@H]3CC[C@](C)(OCC)C=C23)C1=O,5.6916490514132745,6.703695967373627
scaffold,validation,CCCCCCC(C)(C)c1cc(O)cc(OCCCCCCCC(=O)NC(CO)CO)c1,6.088948979671874,6.364297441327979
scaffold,validation,CCCCCCC(C)(C)c1cc(O)cc(OCCCCCCCC(=O)NCC(F)(F)F)c1,7.554395796726403,7.37199989377363
scaffold,validation,CCCCCCC(C)(C)c1cc(O)cc(OCCCCCCCC(=O)NCCO)c1,6.797939075968737,6.531986451998326
scaffold,validation,CCCCCCC(C)(C)c1cc(O)cc(OCCCCCCCC(=O)N[C@H](C)CO)c1,7.29929628285498,6.850268943907689
scaffold,validation,CCCCCCC(C)(C)c1cc(O)cc(OCCCCCCCC(=O)OC(CO)CO)c1,6.102372908709558,6.485652770395295
scaffold,validation,CCCCCCC(C)(C)c1cc(O)cc(OCCCCCCCCCCC(=O)NC(CO)CO)c1,6.638272163982407,5.9526470332241095
scaffold,validation,CCCCCCC(C)(C)c1cc(O)cc(OCCCCCCCCCCC(=O)NC2CC2)c1,8.101194173080083,7.0382931949260055
scaffold,validation,CCCCCCC(C)(C)c1cc(O)cc(OCCCCCCCCCCC(=O)NCCO)c1,7.511458439842073,6.254620842297695
scaffold,validation,CCCCCCC(C)(C)c1cc(O)cc(OCCCCCCCCCCC(=O)N[C@H](C)CO)c1,7.673664139071248,6.441494628577852
scaffold,validation,CCCCCCC(C)(C)c1cc(O)cc(OCCCCCCCCCCC(=O)OC(CO)CO)c1,6.102372908709558,6.1176044089273045
scaffold,validation,CCCCCCC(C)(C)c1cc(O)cc(OCCCCCCCCCCC(=O)OCC(O)CO)c1,6.508638306165727,6.13074138400656
scaffold,validation,CCCCCCC(C)(C)c1cc(O)cc(OCCCCCCCCCCCC(=O)NCCO)c1,7.098462725229332,6.164369952661621
scaffold,validation,CCCCCCC(C)(C)c1cc(O)cc(OCCCCCCCCCCCC(=O)OC(CO)CO)c1,6.096910013008056,6.053859316566829
scaffold,validation,CCCCCCC(C)(C)c1cc(O)cc(OCCCCCCCCCCCCOC(CO)CO)c1,5.777283528852417,6.101817986037295
scaffold,validation,CCCCCCC(C)(C)c1cc(O)cc(OCCCCCCCCCCOC(CO)CO)c1,6.42021640338319,6.290803808779077
scaffold,validation,CCCCCCC(C)(C)c1cc(O)cc(OCCCCCCCCOC(CO)CO)c1,6.958607314841775,6.404297587143866
scaffold,validation,CCCCCCC(C)(C)c1cc(O)cc(OCCCCCCOC(CO)CO)c1,6.721246399047171,6.545310872090016
scaffold,validation,CCCCCCC(C)(C)c1cc(OC)cc(OCCCCCCCC(=O)NCC(F)(F)F)c1,7.032452023781138,7.292582970778129
scaffold,validation,CCCCCCC(C)(C)c1cc(OC)cc(OCCCCCCCC(=O)NCCO)c1,6.888065723667319,6.706725296052654
scaffold,validation,CCCCCCC(C)(C)c1cc(OC)cc(OCCCCCCCCCCC(=O)NC(CO)CO)c1,5.8628991954208765,6.144119058828965
scaffold,validation,CCCCCCC(C)(C)c1cc(OC)cc(OCCCCCCCCCCC(=O)NC2CC2)c1,7.583359492661719,7.294120593551367
scaffold,validation,CCCCCCC(C)(C)c1cc(OC)cc(OCCCCCCCCCCC(=O)NCCO)c1,6.981299501333757,6.316365450796286
scaffold,validation,CCCCCCC(C)(C)c1cc(OCc2ccccc2)c2c(c1)OC(C)(C)c1cnn(-c3ccc(Cl)c(Cl)c3)c1-2,5.427128397799519,6.102371932297933
scaffold,validation,CCCCCCC(C)(C)c1ccc(OCC/C=C\C/C=C\CCCC(=O)N[C@H](C)CO)cc1,7.106682188383888,6.206479729815143
scaffold,validation,CCCCCCC(C)(C)c1cccc(OCC/C=C\C/C=C\C/C=C\CCCC(=O)N[C@H](C)CO)c1,6.723538195826755,6.28111536820425
scaffold,validation,CCCCCCC(C)(C)c1cccc(OCC/C=C\C/C=C\CCCC(=O)N[C@H](C)CO)c1,7.667965722972482,6.216960761462267
scaffold,validation,CCCCCCC(C)(C)c1ccccc1/C=C\C/C=C\C/C=C\CCCC(=O)N[C@H](C)CO,6.589509579996552,6.680735559254805
scaffold,validation,CCCCCCC1(c2ccc(-c3cc(C)cc(C)c3)c(O)c2)CCCCC1,8.769551078621726,7.058603359395646
scaffold,validation,CCCCCCCC(=O)NC(NC(=O)CCCCCCC)c1ccc(N(CC)CC)cc1,6.835647144215563,5.732623996457653
scaffold,validation,CCCCCCCC/C=C/C(=O)NCCc1cc(OC)cc(OC)c1,5.2839966563652006,6.548589847487263
scaffold,validation,CCCCCCCC/C=C/C(=O)NCCc1ccc(OC)cc1,5.292429823902063,6.007255456009496
scaffold,validation,CCCCCCCC/C=C/C(=O)Nc1ccc(OC)cc1,5.6020599913279625,5.575040741848026
scaffold,validation,CCCCCCCCCC(=O)NC(NC(=O)CCCCCCCCC)c1ccc(N(CC)CC)cc1,6.795880017344075,5.620607320750948
scaffold,validation,CCCCCCCN(Cc1ccc(N(CC)CC)cc1)C(=O)c1ccc(N(C)C)cc1,5.892895236528646,5.419015880570244
scaffold,validation,CCCCCCCN(Cc1ccc(N(CC)CC)cc1)S(=O)(=O)CCCC,6.1622444570541095,5.5601729213594435
scaffold,validation,CCCCCCCOc1cc(O)cc(OCCCCCCCCCCC(=O)NC2CC2)c1,6.688886251356134,6.687479044440055
scaffold,validation,CCCCCCCOc1cc(O)cc(OCCCCCCCCCCC(=O)NCCO)c1,5.608092008521595,5.799619314091042
scaffold,validation,CCCCCC[Si](C)(C)c1cc(O)c(C2CCCCCC2)c(O)c1,8.185086818724926,7.691193994555185
scaffold,validation,CCCCCC[Si](C)(C)c1cc(O)c(C2CCCCCC2)c(OC)c1,7.172630726946174,7.252007112996271
scaffold,validation,CCCCCCc1c(O)cccc1OCCCCCCCC(=O)NCCO,5.404503778174426,5.880154005499983
scaffold,validation,CCCCCCc1c(O)cccc1OCCCCCCCCCCCC(=O)NCCO,5.847711655616943,5.819328125285649
scaffold,validation,CCCCCCc1ccc(O)cc1OCCCCCC(=O)NC1CC1,5.447331783887806,6.224852959382166
scaffold,validation,CCCCCCc1ccc(O)cc1OCCCCCCCC(=O)OC(CO)CO,5.7447274948966935,5.802757274614533
scaffold,validation,CCCCCCc1ccc(O)cc1OCCCCCCCCCCC(=O)NC(CO)CO,5.625251653989896,5.649875851878514
scaffold,validation,CCCCCCc1ccc(O)cc1OCCCCCCCCCCC(=O)NC1CC1,7.522878745280337,6.106455039681255
scaffold,validation,CCCCCCc1ccc(O)cc1OCCCCCCCCCCC(=O)NCCO,6.376750709602099,5.8426186508022875
scaffold,validation,CCCCCCc1ccc(O)cc1OCCCCCCCCCCC(=O)OC(CO)CO,5.7447274948966935,5.678562039113628
scaffold,validation,CCCCCCc1ccc(O)cc1OCCCCCCCCCCC(=O)OCC(O)CO,5.31695296176115,5.687725852516457
scaffold,validation,CCCCCCc1ccc(OCCCCCC(=O)NC2CC2)cc1O,6.267606240177031,6.907868820167679
scaffold,validation,CCCCCCc1ccc(OCCCCCC(=O)NCCO)cc1O,5.191789027075778,5.900975663840152
scaffold,validation,CCCCCCc1ccc(OCCCCCCCC(=O)NCCO)cc1O,5.619788758288394,5.692843580900851
scaffold,validation,CCCCCCc1ccc(OCCCCCCCC(=O)OC(CO)CO)cc1O,5.104025267640935,5.714854502367454
scaffold,validation,CCCCCCc1ccc(OCCCCCCCCCCC(=O)NC2CC2)cc1O,6.455931955649724,5.981474517519652
scaffold,validation,CCCCCCc1ccc(OCCCCCCCCCCC(=O)NCCO)cc1O,5.568636235841012,5.623279661051126
scaffold,validation,CCCCCCc1ccc(OCCCCCCCCCCC(=O)OC(CO)CO)cc1O,5.104025267640935,5.539723028403469
scaffold,validation,CCCCCCc1ccc(OCCCCCCCCCCC(=O)OCC(O)CO)cc1O,4.981299501333757,5.5966644641469
scaffold,validation,CCCCCCc1ccc(OCCCCCCCCCCOC(CO)CO)cc1O,5.621602099051863,5.700621041028078
scaffold,validation,CCCCCCc1ccc(OCCCCCCOC(CO)CO)cc1O,5.94692155651658,5.8786462220557265
scaffold,validation,CCCCCN1C(=O)C(C(=O)NC23CC4CC(CC(C4)C2)C3)=C(O)C2C1C=NN2C,9.045757490560677,7.817678950515536
scaffold,validation,CCCCCOc1c(OC)ccc2c(=O)n(CCc3ccc(O)cc3)ccc12,8.431915684554927,8.012725971008798
scaffold,validation,CCCCCOc1c(OC)ccc2cc(C(=O)N3CCCC(C(=O)OCC)C3)c(=O)[nH]c12,7.0,7.269197299883845
scaffold,validation,CCCCCOc1c(OC)ccc2cc(C(=O)NCCc3ccc(O)cc3)c(O)nc12,9.318894522079258,7.969103955705102
scaffold,validation,CCCCCOc1cc(/C=C/C(=O)NCCc2ccncc2)ccc1OC,7.356794222052011,8.028746499489827
scaffold,validation,CCCCCc1cc(-c2ccc(Cl)cc2)n(-c2ccc(Cl)cc2Cl)n1,6.338944915146621,5.3737579884913185
scaffold,validation,CCCCCc1cc(-c2ccccc2)n(-c2ccccc2)n1,5.531209737900389,5.604856649257415
scaffold,validation,CCCCCc1cc(O)c(C/C=C(\C)CC/C=C(\C)CCC=C(C)C)c(O)c1,6.7447274948966935,6.64789803593954
scaffold,validation,CCCCCc1cc(O)c2c(c1)OC(C)(C)[C@@H]1CC[C@@]3(C)O[C@H]3[C@@H]21,6.474955192963154,6.996840523073446
scaffold,validation,CCCCCc1cc(O)cc(OCCCCCC(=O)NC2CC2)c1,6.017728766960431,7.8915500592644765
scaffold,validation,CCCCCc1cc(O)cc(OCCCCCCCC(=O)NCCO)c1,6.4089353929735005,6.097090406750573
scaffold,validation,CCCCCc1cc(O)cc(OCCCCCCCC(=O)N[C@H](C)CO)c1,6.9233595563296575,6.501188936527439
scaffold,validation,CCCCCc1cc(O)cc(OCCCCCCCC(=O)OC(CO)CO)c1,5.104025267640935,5.9434432968941495
scaffold,validation,CCCCCc1cc(O)cc(OCCCCCCCCCCC(=O)NC(CO)CO)c1,6.267606240177031,5.6631725433291
scaffold,validation,CCCCCc1cc(O)cc(OCCCCCCCCCCC(=O)NC2CC2)c1,7.886056647693163,7.0242110511081846
scaffold,validation,CCCCCc1cc(O)cc(OCCCCCCCCCCC(=O)NCC(F)(F)F)c1,7.016373712875465,6.700277943201125
scaffold,validation,CCCCCc1cc(O)cc(OCCCCCCCCCCC(=O)NCCO)c1,6.795880017344075,5.949086625696125
scaffold,validation,CCCCCc1cc(O)cc(OCCCCCCCCCCC(=O)NN(C)C)c1,6.73849922680172,6.674036443826983
scaffold,validation,CCCCCc1cc(O)cc(OCCCCCCCCCCC(=O)N[C@H](C)CO)c1,7.012333735073725,6.139903619864535
scaffold,validation,CCCCCc1cc(O)cc(OCCCCCCCCCCC(=O)OC(CO)CO)c1,6.060480747381382,5.737167567601833
scaffold,validation,CCCCCc1cc(O)cc(OCCCCCCCCCCC(=O)OCC(O)CO)c1,5.101823516502323,5.767454676022491
scaffold,validation,CCCCCc1cc(O)cc(OCCCCCCCCCCCC(=O)NCCO)c1,7.4089353929735005,5.845252574219284
scaffold,validation,CCCCCc1cc(O)cc(OCCCCCCCCCN[C@H](C)CO)c1,5.818156412055227,6.018784836954532
scaffold,validation,CCCCCc1cc(O)cc(OCCCCCCCCOC(CO)CO)c1,5.935542010773082,6.015005409003883
scaffold,validation,CCCCCc1cc(O)cc(OCCCCCCOC(CO)CO)c1,6.040958607678906,6.046223644445529
scaffold,validation,CCCCCc1cc(OC)cc(OCCCCCCCC(=O)NCCO)c1,7.377785977033705,6.846071631778053
scaffold,validation,CCCCCc1cc(OC)cc(OCCCCCCCCCCC(=O)NC(CO)CO)c1,6.223589411192657,6.127685038254571
scaffold,validation,CCCCCc1cc(OC)cc(OCCCCCCCCCCC(=O)NC2CC2)c1,8.920818753952375,7.815230719234529
scaffold,validation,CCCCCc1cc(OC)cc(OCCCCCCCCCCC(=O)NCC(F)(F)F)c1,7.640164517660112,7.092563451640696
scaffold,validation,CCCCCc1cc(OC)cc(OCCCCCCCCCCC(=O)NCCO)c1,7.478861916295964,6.454869098979978
scaffold,validation,CCCCCc1cc(OCC)cc(OCCCCCCCCCCC(=O)NC2CC2)c1,8.173925197299173,7.609832527712857
scaffold,validation,CCCCCc1cc(OCCCC)cc(OCCCCCCCCCCC(=O)NC2CC2)c1,7.667561540084394,7.135247236053708
scaffold,validation,CCCCCc1cc(OCCCCCCCCCCC(=O)NC2CC2)cc(OC(C)C)c1,8.568636235841012,7.773088153881022
scaffold,validation,CCCCCc1ccc(OCCCCCCCCCCC(=O)NC2CC2)cc1O,7.886056647693163,6.294094899645532
scaffold,validation,CCCCCc1cccc(OCCCCCCCCCCC(=O)NC2CC2)c1,8.455931955649724,6.9348421708095085
scaffold,validation,CCCCCc1sc2ccccc2c1C(=O)c1ccc(OC)cc1,6.522878745280337,6.296661323326217
scaffold,validation,CCCCCn1c(=O)c(C(=O)NC2CCC(C)CC2)cc2cccnc21,8.549750891680638,8.348657053270818
scaffold,validation,CCCCCn1c(=O)sc2cc(/C(=N\O)C34CC5CC(CC(C5)C3)C4)ccc21,6.600326278518962,6.683282960898489
scaffold,validation,CCCCCn1c(=O)sc2cc(/C(=N\OC)C34CC5CC(CC(C5)C3)C4)ccc21,6.358525889495901,7.0292039877409005
scaffold,validation,CCCCCn1c(C)c(C(=O)c2c(OC)ccc3ccccc23)c2ccccc21,7.397940008672037,8.103857227673847
scaffold,validation,CCCCCn1c(C)c(C(=O)c2ccc(Br)c3ccccc23)c2ccccc21,8.55284196865778,7.9310543844347885
scaffold,validation,CCCCCn1c(C)c(C(=O)c2ccc(C)c3ccccc23)c2ccccc21,9.13697470377053,7.893604314522142
scaffold,validation,CCCCCn1c(C)c(C(=O)c2ccc(CC)c3ccccc23)c2ccccc21,9.37695756575362,7.986761919700724
scaffold,validation,CCCCCn1c(C)c(C(=O)c2ccc(CCC)c3ccccc23)c2ccccc21,9.208028798979232,7.975644467562425
scaffold,validation,CCCCCn1c(C)c(C(=O)c2ccc(CCCC)c3ccc(C)cc23)c2ccccc21,8.187086643357144,7.65103663303881
scaffold,validation,CCCCCn1c(C)c(C(=O)c2ccc(CCCC)c3ccccc23)c2ccccc21,8.18701983396052,7.774209260553878
scaffold,validation,CCCCCn1c(C)c(C(=O)c2ccc(Cl)c3ccccc23)c2ccccc21,8.638272163982407,7.893604314522142
scaffold,validation,CCCCCn1c(C)c(C(=O)c2ccc(F)c3ccccc23)c2ccccc21,8.657577319177793,7.921623153693907
scaffold,validation,CCCCCn1c(C)c(C(=O)c2ccc(I)c3ccccc23)c2ccccc21,8.67778070526608,8.065807540384426
scaffold,validation,CCCCCn1c(C)c(C(=O)c2ccc(OC)c3ccccc23)c2ccccc21,8.721017883134557,7.912011668382159
scaffold,validation,CCCCCn1c(C)c(C(=O)c2ccc(OCC)c3ccccc23)c2ccccc21,7.602059991327962,7.956467399388872
scaffold,validation,CCCCCn1c(C)c(C(=O)c2cccc3cc(OC)ccc23)c2ccccc21,7.95900230757651,7.7485176166769865
scaffold,validation,CCCCCn1c(C)c(C(=O)c2cccc3ccc(C)cc23)c2ccccc21,9.309981219211304,7.617163957072667
scaffold,validation,CCCCCn1c(C)c(C(=O)c2cccc3ccc(CC)cc23)c2ccccc21,8.251967105869856,7.8207858642840025
scaffold,validation,CCCCCn1c(C)c(C(=O)c2cccc3ccc(OC)cc23)c2ccccc21,7.982966660701219,7.893485829187128
scaffold,validation,CCCCCn1c(C)c(C(=O)c2cccc3cccc(Br)c23)c2ccccc21,8.0,7.739817447209809
scaffold,validation,CCCCCn1c(C)c(C(=O)c2cccc3cccc(Cl)c23)c2ccccc21,7.721246399047171,7.700563754739736
scaffold,validation,CCCCCn1c(C)c(C(=O)c2cccc3cccc(I)c23)c2ccccc21,7.886056647693163,7.790591160899224
scaffold,validation,CCCCCn1c(C)c(C(=O)c2cccc3ccccc23)c2ccccc21,8.538051504796238,7.774055319435126
scaffold,validation,CCCCCn1c2ccccc2c2cc(C(=O)N3CCOCC3)ccc21,7.073143291050307,6.806623436164743
scaffold,validation,CCCCCn1cc(C(=O)NC23CC4CC(C)(CC(C)(C4)C2)C3)c(=O)n2ncnc12,7.602059991327962,7.631453520014768
scaffold,validation,CCCCCn1cc(C(=O)NC23CC4CC(C)(CC(C)(C4)C2)C3)c(=S)c2ccccc21,7.739928612014925,6.994836488600265
scaffold,validation,CCCCCn1cc(C(=O)NC23CC4CC(CC(C4)C2)C3)c(=O)c2cc(C#Cc3ccccc3)ccc21,6.464705879957229,8.095392611221506
scaffold,validation,CCCCCn1cc(C(=O)NC23CC4CC(CC(C4)C2)C3)c(=O)c2cc(Cc3ccc(Cl)cc3Cl)ccc21,5.4110563572599855,7.351046892427757
scaffold,validation,CCCCCn1cc(C(=O)NC23CC4CC(CC(C4)C2)C3)c(=O)c2cc(S(=O)(=O)c3ccccc3)ccc21,7.18111458540599,8.480167656403726
scaffold,validation,CCCCCn1cc(C(=O)NC23CC4CC(CC(C4)C2)C3)c(=O)c2ccc(Sc3ccccc3)cc21,8.795880017344075,8.269923720840769
scaffold,validation,CCCCCn1cc(C(=O)NC23CC4CC(CC(C4)C2)C3)c(=O)c2ccc([S+]([O-])c3ccccc3)cc21,8.455931955649724,7.5701761851938425
scaffold,validation,CCCCCn1cc(C(=O)NC23CC4CC(CC(C4)C2)C3)c(=O)n2nc(-c3c(Cl)cccc3Cl)cc12,7.008773924307505,7.743946054302748
scaffold,validation,CCCCCn1cc(C(=O)NC23CC4CC(CC(C4)C2)C3)c(=O)n2nc(-c3ccc(C)cc3)cc12,8.467245621007502,8.203066659695267
scaffold,validation,CCCCCn1cc(C(=O)NC23CC4CC(CC(C4)C2)C3)c(=O)n2nc(-c3ccc(Cl)cc3)cc12,8.411168274405792,8.203066659695267
scaffold,validation,CCCCCn1cc(C(=O)NC23CC4CC(CC(C4)C2)C3)c(=O)n2nc(-c3ccc(Cl)cc3Cl)cc12,7.522878745280337,7.912556826137076
scaffold,validation,CCCCCn1cc(C(=O)NC23CC4CC(CC(C4)C2)C3)c(=O)n2nc(-c3ccccc3)cc12,8.59176003468815,8.465027360186303
scaffold,validation,CCCCCn1cc(C(=O)NC23CC4CC(CC(C4)C2)C3)c(=O)n2nc(-c3ccccc3C)cc12,8.543633966870956,8.413629440046135
scaffold,validation,CCCCCn1cc(C(=O)NC23CC4CC(CC(C4)C2)C3)c(=O)n2nc(-c3ccccc3Cl)cc12,8.20690839982342,8.413629440046135
scaffold,validation,CCCCCn1cc(C(=O)NC23CC4CC(CC(C4)C2)C3)c(=O)n2nc(-c3cccnc3)nc12,6.642065152999546,7.841320959975097
scaffold,validation,CCCCCn1cc(C(=O)NC23CC4CC(CC(C4)C2)C3)c(=O)n2nc(C)nc12,6.416801226031377,7.709525051848469
scaffold,validation,CCCCCn1cc(C(=O)NC23CC4CC(CC(C4)C2)C3)c(=O)n2nc(SC)nc12,7.327902142064282,7.333526710155619
scaffold,validation,CCCCCn1cc(C(=O)NC23CC4CC(CC(C4)C2)C3)c(=O)n2ncnc12,7.698970004336019,7.648288547506434
scaffold,validation,CCCCCn1cc(C(=O)NC23CC4CC(CC(C4)C2)C3)c2cc(-c3ccccc3)ccc21,7.935542010773082,7.911296984562348
scaffold,validation,CCCCCn1cc(C(=O)NCCc2ccc3c(c2)OCO3)c(=O)c2ccccc21,6.370590400897282,8.039042748773959
scaffold,validation,CCCCCn1cc(C(=O)c2c(OC)ccc3ccccc23)c2ccccc21,8.143029566517507,7.97123850435681
scaffold,validation,CCCCCn1cc(C(=O)c2ccc(Br)c3ccccc23)c2ccccc21,8.958607314841775,7.948981581594953
scaffold,validation,CCCCCn1cc(C(=O)c2ccc(C)c3ccccc23)c2ccccc21,8.92118081690115,7.910833239749094
scaffold,validation,CCCCCn1cc(C(=O)c2ccc(CC)c3ccccc23)c2ccccc21,9.161025045044532,7.994663373139142
scaffold,validation,CCCCCn1cc(C(=O)c2ccc(CCC)c3ccccc23)c2ccccc21,8.95900230757651,7.75912259199266
scaffold,validation,CCCCCn1cc(C(=O)c2ccc(CCCC)c3ccccc23)c2ccccc21,8.143029566517507,7.6274778589598755
scaffold,validation,CCCCCn1cc(C(=O)c2ccc(Cl)c3ccccc23)c2ccccc21,8.55284196865778,7.910833239749094
scaffold,validation,CCCCCn1cc(C(=O)c2ccc(F)c3ccccc23)c2ccccc21,8.494850021680094,7.90255498860566
scaffold,validation,CCCCCn1cc(C(=O)c2ccc(I)c3ccccc23)c2ccccc21,8.886056647693163,7.932376589297004
scaffold,validation,CCCCCn1cc(C(=O)c2ccc(OC)c3ccccc23)c2ccccc21,7.906928693623937,7.919605669766405
scaffold,validation,CCCCCn1cc(C(=O)c2ccc(OCC)c3ccccc23)c2ccccc21,7.978810700930062,7.860243832150105
scaffold,validation,CCCCCn1cc(C(=O)c2cccc3c2CC(C)(C)C3)c2ccccc21,8.866461091629782,8.282391104826461
scaffold,validation,CCCCCn1cc(C(=O)c2cccc3cc(OC)ccc23)c2ccccc21,8.721017883134557,7.537672411205646
scaffold,validation,CCCCCn1cc(C(=O)c2cccc3ccc(CC)cc23)c2ccccc21,8.419987887470576,7.483351072405394
scaffold,validation,CCCCCn1cc(C(=O)c2cccc3ccc(OC)cc23)c2ccccc21,8.161025045044532,7.634860834228434
scaffold,validation,CCCCCn1cc(C(=O)c2cccc3cccc(Br)c23)c2ccccc21,8.267606240177031,7.652620131754778
scaffold,validation,CCCCCn1cc(C(=O)c2cccc3cccc(Cl)c23)c2ccccc21,8.0,7.536501686605617
scaffold,validation,CCCCCn1cc(C(=O)c2cccc3cccc(I)c23)c2ccccc21,8.481486060122112,7.535639885312174
scaffold,validation,CCCCCn1cc(C(=O)c2cccc3ccccc23)c2c(F)cccc21,7.448550002027124,7.475200628700555
scaffold,validation,CCCCCn1cc(C(=O)c2cccc3ccccc23)c2cc(F)ccc21,7.187086643357144,7.3911340402548875
scaffold,validation,CCCCCn1cc(C(=O)c2cccc3ccccc23)c2ccc(F)cc21,7.785156151952302,7.6653522927420035
scaffold,validation,CCCCCn1cc(C(=O)c2cccc3ccccc23)c2cccc(F)c21,8.568636235841012,7.6759793613471174
scaffold,validation,CCCCCn1cc(C(=O)c2cccc3ccccc23)c2ccccc21,8.199970640755865,7.652177811099978
scaffold,validation,CCCCCn1cc2c(=O)n(-c3cccc(C(F)(F)F)c3)nc-2c2ccccc21,7.534617148551582,7.891071094024249
scaffold,validation,CCCCCn1cc2c(=O)n(-c3ccccc3)nc-2c2ccccc21,5.864867348623225,7.05991323186325
scaffold,validation,CCCCN1C(=O)C(C(=O)NC23CC4CC(CC(C4)C2)C3)=C(O)C2C1C=NN2C,8.744727494896694,7.590430709470645
scaffold,validation,CCCCN1C(=O)C(C(=O)NC23CC4CC(CC(O)(C4)C2)C3)=C(O)C2C1C=NN2C,7.714442690992226,7.591900776832503
scaffold,validation,CCCCNC(=O)c1ccc2c(c1)N=C(c1ccc(F)c(Cl)c1)c1ccccc1S2,6.0,7.30065012661672
scaffold,validation,CCCCNC(=O)c1ccc2c(c1)N=C(c1ccccc1Cl)c1ccccc1S2,5.300000202445418,7.1095792487317215
scaffold,validation,CCCCOc1cc(O)cc(OCCCCCCCCCCC(=O)NC2CC2)c1,6.910413760203845,7.46082966334412
scaffold,validation,CCCCOc1cc(O)cc(OCCCCCCCCCCC(=O)NCCO)c1,5.795242930130286,6.09877557190201
scaffold,validation,CCCC[Si](C)(C)c1cc(O)c(C2CCCCCC2)c(O)c1,7.196952789508871,7.428595007512271
scaffold,validation,CCCC[Si](C)(C)c1cc(O)c(C2CCCCCC2)c(OC)c1,6.210694334081714,7.0730137597962015
scaffold,validation,CCCCc1ccc(C(=O)c2c(C)n(CCC)c3ccccc23)c2ccccc12,7.309981219211305,7.6566965260385285
scaffold,validation,CCCCc1ccc(C(=O)c2cn(CCC)c3ccccc23)c2ccccc12,7.2839966563652,7.30161160787469
scaffold,validation,CCCCc1nc2ccccc2n1C(=O)c1cccc2ccccc12,6.3979400086720375,6.203351898872754
scaffold,validation,CCCCn1c(=O)c(C(=O)NC2CCC(C)CC2)c(O)c2cccnc21,7.950781977329818,7.570591065099029
scaffold,validation,CCCCn1c(=O)c(C(=O)NC2CCC(C)CC2)cc2cccnc21,8.4089353929735,7.846540773504959
scaffold,validation,CCCCn1c(=O)c(C(=O)NC2CCCCC2)cc2cccnc21,7.154901959985743,7.762160726457957
scaffold,validation,CCCCn1c(CC)c(C)cc(C(=O)NC2(C(=O)O)CCCCC2)c1=O,6.458420756053419,6.383354229620105
scaffold,validation,CCCCn1c(CCC)c(Br)cc(C(=O)NC2(C(=O)O)CCCCC2)c1=O,6.417936637088291,6.227097440938895
scaffold,validation,CCCCn1c2c(cc(C(=O)NC3(C(=O)O)CCCCC3)c1=O)CCCCCC2,7.251811972993799,6.7585594726826725
scaffold,validation,CCCCn1c2c(cc(C(=O)NC3CCCCC3)c1=O)CCCCCC2,9.69897000433602,7.910052951919914
scaffold,validation,CCCCn1c2c(cc(C(=O)NCCc3ccccc3)c1=O)CCCCCC2,8.795880017344075,8.670439612051752
scaffold,validation,CCCCn1c2c(cc(C(=O)NCc3ccccc3)c1=O)CCC2,7.795880017344075,7.602608803996841
scaffold,validation,CCCCn1cc(C(=O)N[C@H](C(N)=O)C(C)(C)C)c2ccccc21,8.879755329268079,8.33308982528897
scaffold,validation,CCCCn1cc(C(=O)N[C@H](C(N)=O)C(C)C)c2ccccc21,7.110082320168908,7.673990229746324
scaffold,validation,CCCCn1cccc(C(=O)NC2CCC(C)CC2)c1=O,6.982966660701219,7.3067189172192215
scaffold,validation,CCCCn1nc(C(C)(C)C)s/c1=N\C(=O)c1cc(C(F)(F)F)ccc1NNCc1ccccc1,7.366531544420413,8.07275751905248
scaffold,validation,CCCCn1nc(C(C)(C)C)s/c1=N\C(=O)c1cc(C(F)(F)F)ccc1O/N=C(\N)c1ccccn1,7.744727494896693,7.455358844513138
scaffold,validation,CCCc1ccc(C(=O)c2c(C)n(CCC)c3ccccc23)c2ccccc12,7.921180816901151,7.572235615998082
scaffold,validation,CCCc1ccc(C(=O)c2cn(CCC)c3ccccc23)c2ccccc12,8.018000285870121,7.091761897985238
scaffold,validation,CCCc1sc2ccccc2c1C(=O)c1ccc(OC)cc1,6.522878745280337,6.161870434372312
scaffold,validation,CCCn1c(C)c(C(=O)c2cc(N)cc3ccccc23)c2ccccc21,6.718966632752272,7.514246987782114
scaffold,validation,CCCn1c(C)c(C(=O)c2cc([N+](=O)[O-])cc3ccccc23)c2ccccc21,6.844663962534938,7.602406253058007
scaffold,validation,CCCn1c(C)c(C(=O)c2ccc(Br)c3ccccc23)c2ccccc21,7.508638306165727,7.8751838029135195
scaffold,validation,CCCn1c(C)c(C(=O)c2ccc(C)c3ccccc23)c2ccccc21,7.853871964321762,7.824027796269093
scaffold,validation,CCCn1c(C)c(C(=O)c2ccc(CC)c3ccccc23)c2ccccc21,7.921180816901151,7.914829574074713
scaffold,validation,CCCn1c(C)c(C(=O)c2ccc(Cl)c3ccccc23)c2ccccc21,7.657577319177793,7.824027796269093
scaffold,validation,CCCn1c(C)c(C(=O)c2ccc(F)c3ccccc23)c2ccccc21,7.42021640338319,7.77576953531799
scaffold,validation,CCCn1c(C)c(C(=O)c2ccc(I)c3ccccc23)c2ccccc21,7.698970004336019,7.884731915816737
scaffold,validation,CCCn1c(C)c(C(=O)c2ccc(OC)c3ccccc23)c2ccccc21,7.013004460275619,7.846135025659691
scaffold,validation,CCCn1c(C)c(C(=O)c2ccc(OCC)c3ccccc23)c2ccccc21,6.656000930942838,7.8149100456705805
scaffold,validation,CCCn1c(C)c(C(=O)c2cccc3cc(OC)ccc23)c2ccccc21,7.522878745280337,7.600491116618521
scaffold,validation,CCCn1c(C)c(C(=O)c2cccc3ccc(C)cc23)c2ccccc21,7.795880017344075,7.535492796216455
scaffold,validation,CCCn1c(C)c(C(=O)c2cccc3ccc(CC)cc23)c2ccccc21,6.620005959834258,7.7063669506551555
scaffold,validation,CCCn1c(C)c(C(=O)c2cccc3ccc(OC)cc23)c2ccccc21,6.356004794421518,7.781168492747487
scaffold,validation,CCCn1c(C)c(C(=O)c2cccc3cccc(Br)c23)c2ccccc21,6.555955204081924,7.738896183244831
scaffold,validation,CCCn1c(C)c(C(=O)c2cccc3cccc(Cl)c23)c2ccccc21,6.7594507517174005,7.6959868675047165
scaffold,validation,CCCn1c(C)c(C(=O)c2cccc3cccc(I)c23)c2ccccc21,6.270835210307229,7.607042114645059
scaffold,validation,CCCn1c(C)c(C(=O)c2cccc3ccccc23)c2ccccc21,7.651909206415738,7.980800332136834
scaffold,validation,CCCn1cc(C(=O)c2c(OC)ccc3ccccc23)c2ccccc21,7.097018600202497,7.789029792367966
scaffold,validation,CCCn1cc(C(=O)c2ccc(Br)c3ccccc23)c2ccccc21,7.568636235841012,7.551091013896324
scaffold,validation,CCCn1cc(C(=O)c2ccc(C)c3ccccc23)c2ccccc21,8.214670164989233,7.542756803650159
scaffold,validation,CCCn1cc(C(=O)c2ccc(CC)c3ccccc23)c2ccccc21,8.0,7.609657193862675
scaffold,validation,CCCn1cc(C(=O)c2ccc(Cl)c3ccccc23)c2ccccc21,7.356547323513812,7.542756803650159
scaffold,validation,CCCn1cc(C(=O)c2ccc(F)c3ccccc23)c2ccccc21,7.481486060122112,7.423309572088822
scaffold,validation,CCCn1cc(C(=O)c2ccc(I)c3ccccc23)c2ccccc21,8.18045606445813,7.447629211552041
scaffold,validation,CCCn1cc(C(=O)c2ccc(OC)c3ccccc23)c2ccccc21,7.494985759915893,7.508503960022109
scaffold,validation,CCCn1cc(C(=O)c2ccc(OCC)c3ccccc23)c2ccccc21,7.131003097512865,7.571161490163308
scaffold,validation,CCCn1cc(C(=O)c2cccc3cc(OC)ccc23)c2ccccc21,6.859995049380551,7.208106028804665
scaffold,validation,CCCn1cc(C(=O)c2cccc3ccc(C)cc23)c2ccccc21,6.974981027717241,7.196763809211727
scaffold,validation,CCCn1cc(C(=O)c2cccc3ccc(CC)cc23)c2ccccc21,6.909988975992853,7.202030146139841
scaffold,validation,CCCn1cc(C(=O)c2cccc3ccc(OC)cc23)c2ccccc21,7.14898639317633,7.260651778606447
scaffold,validation,CCCn1cc(C(=O)c2cccc3cccc(Br)c23)c2ccccc21,6.71669877129645,7.370038203695248
scaffold,validation,CCCn1cc(C(=O)c2cccc3cccc(Cl)c23)c2ccccc21,6.872895201635192,7.2408160296697766
scaffold,validation,CCCn1cc(C(=O)c2cccc3cccc(I)c23)c2ccccc21,6.818156412055227,7.298255656250282
scaffold,validation,CCCn1cc(C(=O)c2cccc3ccccc23)c2ccccc21,6.770011163455189,7.468299055301635
scaffold,validation,CCCn1cccc(C(=O)NC2CCC(C)CC2)c1=O,6.234331445240986,7.2244711462614895
scaffold,validation,CCN(CC)c1ccc(C(NC(=O)C(C)(C)C)NC(=O)C(C)(C)C)cc1,5.449404792510672,6.969527253566944
scaffold,validation,CCN(CC)c1ccc(C(NC(=O)C(C)C)NC(=O)C(C)C)cc1,5.579054594078028,6.557552115613067
scaffold,validation,CCOC(=O)CCCn1c(=O)c(C(=O)NC2CCC(C)CC2)cc2cccnc21,7.20342566678957,7.079325021205359
scaffold,validation,CCOC(=O)CCn1c(=O)c(C(=O)NC2CCC(C)CC2)cc2cccnc21,6.75448733218585,6.964418966418464
scaffold,validation,CCOc1ccc(Cc2nc3cc(C(=O)N(CC)CC)ccc3n2CC2CC2)cn1,6.876148359032914,8.09116026301738
scaffold,validation,CCOc1ccc(Cc2nc3cc(C(=O)N(CC)CC)ccc3n2CC2CCC2)cc1,8.795880017344075,8.09446411952025
scaffold,validation,CCOc1ccc(Cc2nc3cc(C(=O)N(CC)CCCCNc4c5c(nc6ccccc46)CCCC5)ccc3n2CCC(C)C)cc1,5.522878745280337,5.340611255093812
scaffold,validation,CCOc1ccc(Cc2nc3cc(C(=O)N4CCCC4)ccc3n2CC2CC2)cc1,7.853871964321762,7.832346160089727
scaffold,validation,CCOc1ccc(Cc2nc3cc(C(=O)NCCCCNc4c5c(nc6ccccc46)CCCC5)ccc3n2CCC(C)C)cc1,5.619788758288394,5.07934938257708
scaffold,validation,CCS(=O)(=O)n1c2c(c3cc(C(=O)N4CCC(C)CC4)ccc31)CN(C1CCOCC1)C2,6.665546248849069,7.4694138580662885
scaffold,validation,CCS(=O)(=O)n1c2c(c3cc(C(=O)N4CCC(C)CC4)ccc31)CN(CC1CC1)C2,8.200659450546418,7.464170258854408
scaffold,validation,CCS(=O)(=O)n1c2c(c3cc(C(=O)N4CCC(C)CC4)ccc31)CN(Cc1ccccc1)C2,7.431798275933005,6.839466882784364
scaffold,validation,CCc1c(C(=O)NC2C(C)(C)[C@@H]3CC[C@@]2(C)C3)c2cccc(OC)c2n1CCN1CCOCC1,6.958607314841775,7.930627516962218
scaffold,validation,CCc1sc2ccccc2c1C(=O)c1ccc(OC)cc1,5.795880017344075,6.2587016144585075
scaffold,validation,CN(CCCCCCCOc1ccc(-c2oc3ccccc3c2C(=O)c2ccc(-c3ccccc3)cc2)cc1)Cc1ccccc1,5.747146969020107,6.5641453878209415
scaffold,validation,CN1C(=N)NC(=O)/C1=C/c1cccc(OCc2ccc(Cl)cc2)c1,4.642065152999546,6.59606264902395
scaffold,validation,CN1CCN(C)[C@@H](COc2ccc(C(F)(F)F)cc2C(=O)/N=c2\sc(C(C)(C)C)cn2C[C@H]2CCCO2)C1,7.602059991327962,6.906550591949006
scaffold,validation,CN1CC[C@@H]1COc1ccc(C(F)(F)F)cc1C(=O)/N=c1\sc(C(C)(C)C)cn1C[C@H]1CCCO1,7.327902142064282,7.745362129420609
scaffold,validation,CN1CC[C@H]1COc1ccc(C(F)(F)F)cc1C(=O)/N=c1\sc(C(C)(C)C)cn1C[C@H]1CCCO1,8.130768280269024,7.745362129420609
scaffold,validation,CN1N=CC2C1C(O)=C(C(=O)NC13CC4CC(CC(C4)C1)C3)C(=O)N2CCCCF,8.853871964321762,7.103381238936009
scaffold,validation,CN1N=CC2C1C(O)=C(C(=O)NC13CC4CC(CC(O)(C4)C1)C3)C(=O)N2CCCCF,7.723538195826756,7.299207658834622
scaffold,validation,COC(=O)CCCCn1c(=O)c(C(=O)NC2CCC(C)CC2)cc2cccnc21,7.567030709125595,7.02497547659377
scaffold,validation,COC(=O)Cn1nnc(Cc2ccc(-c3ccccc3)cc2)n1,5.091514981121351,5.5915815714212
scaffold,validation,COC1CN(c2ccc(C(=O)N[C@H](COCCF)CC(C)C)nc2OCC2COC2)C1,6.480172006224281,6.833865978383518
scaffold,validation,COCCn1c2c(cc(C(=O)NC3(C(=O)O)CCCCC3)c1=O)CCCCCC2,6.531652669587842,6.447757476025355
scaffold,validation,COCCn1cc(C(C)(C)C)s/c1=N\C(=O)c1cc(C(F)(F)F)ccc1OCc1cnccn1,7.346787486224656,8.089612415348533
scaffold,validation,COc1ccc(-c2c(C)c3c(n2-c2ccccc2Cl)CCN(N2CCCCC2)C3=O)cc1,6.070581074285707,6.418110788608846
scaffold,validation,COc1ccc(-c2nc3ccccc3n2C(=O)c2cccc3ccccc23)cc1,5.721246399047171,5.917132089067545
scaffold,validation,COc1ccc(-c2oc3ccccc3c2C(=O)c2ccc(NCC3CC3)cc2)cc1,6.958607314841775,6.375953455440056
scaffold,validation,COc1ccc(-c2oc3ccccc3c2C(=O)c2ccc(NCc3ccccn3)cc2)cc1,5.872895201635192,6.696425421757281
scaffold,validation,COc1ccc(C(=O)c2c(CC(C)C)sc3ccccc23)cc1,7.0,6.700007958138103
scaffold,validation,COc1ccc(Cn2c(-c3ccc(OC)cc3)nc3ccccc32)cc1,6.154901959985743,5.689001758149876
scaffold,validation,COc1ccc(S(=O)(=O)c2cc(OC)ccc2C(=O)c2ccc([C@H](C)NS(C)(=O)=O)cc2)cc1,7.356547323513812,8.454020818927658
scaffold,validation,COc1ccc2c(c1)N(C)C(C)(C)[C@@H]1CC[C@@H](C)C[C@@H]21,7.267606240177031,7.04638672823092
scaffold,validation,COc1cccc(CNC(=O)c2ccc(Br)c(S(=O)(=O)N3CCCCC3)c2)c1,6.698970004336019,6.859908239064751
scaffold,validation,COc1cccc2c(C(=O)NC3C(C)(C)[C@@H]4CC[C@@]3(C)C4)c(C)n(CCN3CCOCC3)c12,7.537602002101044,8.632523178213075
scaffold,validation,COc1cccc2c(C(=O)NC3C(C)(C)[C@@H]4CC[C@@]3(C)C4)cn(CCN3CCOCC3)c12,7.958607314841775,8.277080951977162
scaffold,validation,COc1cccc2c(C(=O)N[C@@H]3C(C)(C)[C@@H]4CC[C@@]3(C)C4)cn(CCN3CCOCC3)c12,7.958607314841775,8.277080951977162
scaffold,validation,COc1cccc2c(C(=O)c3ccc(Br)c4ccccc34)c(C)n(CCN3CCOCC3)c12,8.744727494896694,8.283061248130254
scaffold,validation,COc1cccc2c3c(=O)n([C@@H]4C(C)(C)[C@@H]5CC[C@@]4(C)C5)ccc3n(CCN3CCOCC3)c12,9.0,8.488859728635902
scaffold,validation,CSC(=O)N1CC2(CCCCC2)CS/C1=N\c1cccc2ccccc12,8.823908740944319,8.158807263734335
scaffold,validation,CSC(=S)N1CC2(CCCCC2)CO/C1=N\c1cc(C(C)(C)C)on1,8.327902142064282,7.967606251825665
scaffold,validation,CSC(=S)N1CC2(CCCCC2)CS/C1=N\c1cccc2ccccc12,8.221848749616356,8.445848345575222
scaffold,validation,CSSC1CCN(c2nc(C(F)(F)c3ccccc3)nc3c2nnn3Cc2ccccc2Cl)C1,5.862645888629267,6.9602679061249
scaffold,validation,CSc1c(C(=O)NN2CCCCCC2)nn(-c2ccc(Cl)cc2Cl)c1-c1ccc(Cl)cc1,6.430626090384954,6.173537181581732
scaffold,validation,C[C@H](/C=C\C/C=C\C/C=C\CCCC(=O)N[C@H](C)CO)/C=C\CCCOc1ccccc1,6.543633966870956,6.336897982546757
scaffold,validation,C[C@H](CO)NC(=O)CCC/C=C\C/C=C\C/C=C\C/C=C\CCOC(=O)c1cc(I)ccc1N=[N+]=[N-],6.657577319177793,6.168403003393534
scaffold,validation,C[C@H](CO)NC(=O)CCC/C=C\C/C=C\CCOc1cccc(C(C)(C)CCCC#N)c1,8.504455662453552,6.29167907063553
scaffold,validation,C[C@H](CO)NC(=O)CCC/C=C\C/C=C\CCOc1cccc(C(C)(C)CCCCBr)c1,8.127261172527332,6.027593768651342
scaffold,validation,C[C@H](CO)NC(=O)CCC/C=C\C/C=C\CCOc1cccc(C(C)(C)CCCCN=[N+]=[N-])c1,8.598599459218455,6.395678442268556
scaffold,validation,C[C@H](CO)NC(=O)CCC/C=C\C/C=C\CCOc1cccc(C(C)(C)CCCCO)c1,7.962573502059376,6.060846112485278
scaffold,validation,C[C@H](NC(=O)C(C)(C)Oc1ccc(C(F)(F)F)cn1)[C@@H](Cc1ccc(Cl)cc1)c1cccc(C#N)c1,6.537602002101044,6.702210438099684
scaffold,validation,C[C@H](NS(C)(=O)=O)c1ccc(S(=O)(=O)c2ccc(Cl)cc2C(=O)c2ccc(Cl)cc2)cc1,6.71669877129645,7.30086354610083
scaffold,validation,C[C@H](NS(C)(=O)=O)c1ccc(S(=O)(=O)c2ccc(Cl)cc2Oc2ccc(Cl)cc2)cc1,6.007446482167865,6.913416121731143
scaffold,validation,C[C@H]1CC[C@@H](NC(=O)c2cc3cc(-c4cccs4)cnc3n(Cc3ccc(F)cc3)c2=O)CC1,9.017728766960431,9.167290234526657
scaffold,validation,C[C@H]1CC[C@@H](NC(=O)c2cc3cc(Br)cnc3n(Cc3ccc(F)cc3)c2=O)CC1,9.920818753952377,8.728122232837915
scaffold,validation,C[C@H]1CC[C@@H](NC(=O)c2cc3cccnc3n(Cc3ccc(F)cc3)c2=O)CC1,9.154901959985745,8.867045259383596
scaffold,validation,C[C@H]1CC[C@@H](NC(=O)c2cc3cccnc3n(Cc3ccccc3)c2=O)CC1,8.236572006437063,8.309931939166875
scaffold,validation,C[C@H]1CC[C@H](NC(=O)c2cc3cc(-c4cccs4)cnc3n(Cc3ccc(F)cc3)c2=O)CC1,7.18309616062434,9.167290234526657
scaffold,validation,C[C@H]1CC[C@H](NC(=O)c2cc3cc(Br)cnc3n(Cc3ccc(F)cc3)c2=O)CC1,8.950781977329818,8.728122232837915
scaffold,validation,C[C@H]1CC[C@H](NC(=O)c2cc3cccnc3n(Cc3ccc(F)cc3)c2=O)CC1,8.045757490560675,8.867045259383596
scaffold,validation,C[C@H]1CC[C@H](NC(=O)c2cc3cccnc3n(Cc3ccccc3)c2=O)CC1,7.400116927926312,8.309931939166875
scaffold,validation,Cc1c(C(=O)N2CCCCCC2)oc2ccc(S(=O)(=O)N3CC(C)CC(C)C3)cc12,5.309803919971486,5.192062485740116
scaffold,validation,Cc1c(C(=O)NC2CCCC2)nn(-c2ccc(Cl)c(Cl)c2)c1-n1c(C)ccc1C,7.920818753952375,8.11482599452075
scaffold,validation,Cc1c(C(=O)NC2CCCC2)nn(-c2ccc(Cl)c(Cl)c2)c1-n1cccc1,7.920818753952375,8.226283888110316
scaffold,validation,Cc1c(C(=O)NC2CCCC2)nn(-c2ccc(Cl)cc2Cl)c1-n1c(C)ccc1C,6.508638306165727,6.866808202552156
scaffold,validation,Cc1c(C(=O)NC2CCCC2)nn(-c2ccc(Cl)cc2Cl)c1-n1cccc1,6.769551078621726,7.081127150613701
scaffold,validation,Cc1c(C(=O)NC2CCCC2)nn(-c2ccc(F)cc2F)c1-n1c(C)ccc1C,6.045757490560675,6.161859615914512
scaffold,validation,Cc1c(C(=O)NC2CCCC2)nn(-c2ccc(F)cc2F)c1-n1cccc1,5.958607314841775,6.56376511252286
scaffold,validation,Cc1c(C(=O)NCCCCCCCCCCCN(C)CCCCCCCCCCCN)nn(-c2ccc(Cl)cc2Cl)c1-c1ccc(Cl)cc1,6.370590400897282,5.439951299488046
scaffold,validation,Cc1c(C(=O)NCCCCCCCCCCCNCCCCCCCCCCCN)nn(-c2ccc(Cl)cc2Cl)c1-c1ccc(Cl)cc1,6.515700160653214,5.064357483857298
scaffold,validation,Cc1c(C(=O)NCCCCCCCCCN(C)CCCCCCCCCN)nn(-c2ccc(Cl)cc2Cl)c1-c1ccc(Cl)cc1,6.576754126063192,4.967559293261794
scaffold,validation,Cc1c(C(=O)NCCCCCCCCCNCCCCCCCCCN)nn(-c2ccc(Cl)cc2Cl)c1-c1ccc(Cl)cc1,6.377785977033705,4.834619288922449
scaffold,validation,Cc1c(C(=O)NCCCCCCCN(C)CCCCCCCN)nn(-c2ccc(Cl)cc2Cl)c1-c1ccc(Cl)cc1,5.713543530253017,5.09726293141529
scaffold,validation,Cc1c(C(=O)NCCCCCCCNCCCCCCCN)nn(-c2ccc(Cl)cc2Cl)c1-c1ccc(Cl)cc1,6.206209615309181,4.784763485935624
scaffold,validation,Cc1c(C(=O)NCCCCCCCNS(C)(=O)=O)nn(-c2ccc(Cl)cc2Cl)c1-c1ccc(Cl)cc1,6.107905397309519,5.692199323150434
scaffold,validation,Cc1c(C(=O)NCCCCCCCNS(N)(=O)=O)nn(-c2ccc(Cl)cc2Cl)c1-c1ccc(Cl)cc1,5.995678626217357,5.65057916036401
scaffold,validation,Cc1c(C(=O)NCCNCCNC(=O)c2nn(-c3ccc(Cl)cc3Cl)c(-c3ccc(Cl)cc3)c2C)nn(-c2ccc(Cl)cc2Cl)c1-c1ccc(Cl)cc1,5.891096872332687,5.718472678102954
scaffold,validation,Cc1c2c(n(-c3ccc(Cl)cc3Cl)c1-c1ccc(Cl)cc1)CCN(N1CCCCC1)C2=O,5.886056647693163,5.209235032628952
scaffold,validation,Cc1c2c(n(-c3ccccc3Cl)c1-c1ccc(Cl)cc1)CCN(N1CCCCC1)C2=O,5.958607314841775,5.180802144496782
scaffold,validation,Cc1cc(-c2cc(C(=O)NC3CCCCCC3)c(=O)n(Cc3ccc(F)cc3)n2)ccc1Cl,8.309803919971486,8.576683096098
scaffold,validation,Cc1cc(=O)c(C(=O)NC23CC4CC(CC(C4)C2)C3)cn1CC1CCOCC1,7.617982957425132,6.922866736262785
scaffold,validation,Cc1cc(NC(=O)C2C(C)(C)C2(C)C)cc(S(=O)(=O)N2CCOCC2)c1C,7.795880017344075,7.572250756920328
scaffold,validation,Cc1ccc(-c2cnc(C(C)(C)C)[nH]2)cc1S(=O)(=O)N1CCOCC1,7.091514981121351,7.106017956261264
scaffold,validation,Cc1ccc(-c2noc(C(C)(C)C)n2)cc1S(=O)(=O)N1CCOCC1,7.1249387366083,7.342133283233322
scaffold,validation,Cc1ccc(-c2noc(CC(C)(C)C)n2)cc1S(=O)(=O)N1CCOCC1,7.229147988357855,7.250813533564735
scaffold,validation,Cc1ccc(C(=O)Oc2cccc3cccnc23)cc1S(=O)(=O)N1CCCCC1,8.397940008672037,7.174199179595129
scaffold,validation,Cc1ccc(Cn2c(NCCc3c[nH]c4ccccc34)nc3c2c(=O)n(C)c(=O)n3C)cc1,6.082494490447454,7.4393995797726316
scaffold,validation,Cc1ccc(Cn2nc(-c3ccc(C)cc3)cc(S(=O)(=O)NC3CCCCCC3)c2=O)cc1,5.593800576336687,7.584049716193709
scaffold,validation,Cc1ccc(NC(=O)C2C(C)(C)C2(C)C)cc1S(=O)(=O)N1CCOCC1,7.638272163982407,7.490742374298822
scaffold,validation,Cc1nonc1Cn1nnc2c(N3CCC4(C3)N=N4)nc(C(C)(C)C)nc21,7.79317412396815,7.560791056902949
scaffold,validation,Cn1c(=O)c2c(nc(NCCc3c[nH]c4ccccc34)n2Cc2ccc(Cl)cc2)n(C)c1=O,6.317854923626168,7.3710090914269335
scaffold,validation,Cn1c(=O)c2c(nc(NCCc3c[nH]c4ccccc34)n2Cc2cccc(Br)c2)n(C)c1=O,6.46344155742847,7.29104814210285
scaffold,validation,Cn1c(=O)c2c(nc(NCCc3c[nH]c4ccccc34)n2Cc2cccc(Cl)c2)n(C)c1=O,6.047691990337874,7.315217911130027
scaffold,validation,Cn1c(=O)c2c(nc(NCCc3c[nH]c4ccccc34)n2Cc2ccccc2Br)n(C)c1=O,5.772113295386326,7.1727458826996555
scaffold,validation,FC(F)(c1ccccc1)c1nc(N2CCC(N=C=S)C2)c2nnn(Cc3ccccc3Cl)c2n1,5.906928693623937,6.2704312710073165
scaffold,validation,N#CC1(C(=O)NC2CCCOc3c2nn(-c2ccccc2Cl)c3-c2ccc(Cl)cc2)CC1,4.673664139071248,5.927204689775653
scaffold,validation,N#CCn1nnc(Cc2ccc(-c3ccccc3)cc2)n1,5.207608310501746,5.673101965504823
scaffold,validation,NCCSSCCc1ccccc1Cn1nnc2c(N3CCC(F)(F)C3)nc(C(F)(F)c3ccccc3)nc21,6.752026733638194,7.03633975565636
scaffold,validation,O=C(C1CCC1)N1CCN(C(c2ccccc2)c2ccc(Cl)cc2Cl)CC1,5.674484336636851,6.0097503405166695
scaffold,validation,O=C(CC1CCCC1)NC1CCN(c2ncnc3c2nc(-c2ccccc2Cl)n3-c2ccc(Cl)cc2)CC1,6.244887733604928,5.882084446283289
scaffold,validation,O=C(CCCCCCCCCCOc1cc(O)cc(O)c1)NC1CC1,5.0,5.238113348830217
scaffold,validation,O=C(CCCCCCCCCCOc1cc(O)cc(O)c1)NCCO,5.0,5.133908275322144
scaffold,validation,O=C(CCCCCCCCCCOc1cccc(O)c1)NC1CC1,5.267606240177031,5.254016104677352
scaffold,validation,O=C(Cc1ccccc1)NC(CCc1ccccc1)NC(=O)Cc1ccccc1,5.030630921282201,5.341919687777919
scaffold,validation,O=C(N/N=C1\C(=O)N(CCC2CCCCC2)c2ccccc21)c1ccccc1,7.230622673923861,7.759157213332612
scaffold,validation,O=C(NC1(C(F)(F)F)CCCC1)N1CCN(c2ncnc3c2nc(-c2ccccc2Cl)n3-c2ccc(Cl)cc2)CC1,5.886056647693163,6.639527380238525
scaffold,validation,O=C(NC12CC3CC(CC(C3)C1)C2)c1ccccc1OCC1CCCCC1,7.696803942579511,7.592709886666152
scaffold,validation,O=C(NC12CC3CC(CC(C3)C1)C2)c1cn(CCN2CCOCC2)c2ccccc2c1=O,6.818156412055227,8.116252695197415
scaffold,validation,O=C(NC12CC3CC(CC(C3)C1)C2)c1nn(CCN2CCOCC2)c2ccccc12,9.82390874094432,7.860264280569151
scaffold,validation,O=C(NC1CCCC1)N1CCN(c2ncnc3c2nc(-c2ccccc2Cl)n3-c2ccc(Cl)cc2)CC1,6.130768280269024,5.8074605311048435
scaffold,validation,O=C(NC1CCCCC1)c1c(O)c2cccnc2n(CCN2CCOCC2)c1=O,8.619788758288394,7.9338196719131835
scaffold,validation,O=C(NC1CCCCC1)c1c(O)c2cccnc2n(Cc2ccccc2)c1=O,7.102372908709558,7.7772879835585345
scaffold,validation,O=C(NC1CCCCC1)c1cc2ccccc2nc1OCc1ccc(F)cc1,6.886056647693163,7.4470390568616525
scaffold,validation,O=C(NC1CCCCC1)c1cc2cccnc2n(CCN2CCOCC2)c1=O,8.102372908709558,7.810051873048071
scaffold,validation,O=C(NC1CCCCC1)c1cc2cccnc2n(Cc2ccc(F)cc2)c1=O,8.657577319177793,8.48940454173888
scaffold,validation,O=C(NC1CCCCC1)c1cc2cccnc2n(Cc2ccccc2)c1=O,7.508638306165727,8.000011009098007
scaffold,validation,O=C(NC1CCCCC1)c1nn(-c2ccc(Cl)cc2Cl)c2c1CCCc1cc(Cl)ccc1-2,7.747146969020107,6.9879187277884
scaffold,validation,O=C(NC1CCCCCC1)c1cc(-c2ccccc2)nn(Cc2ccc(F)cc2)c1=O,7.795880017344075,7.999299412345745
scaffold,validation,O=C(NC[C@H]1CCCO1)c1nn(-c2ccc(Cl)cc2Cl)c2c1CCCc1cc(Cl)ccc1-2,7.283162276700476,6.788357369903408
scaffold,validation,O=C(NCc1ccccc1)c1cc2c(n(CCCN3CCOCC3)c1=O)CCCCCC2,6.679853713888946,8.251430821343519
scaffold,validation,O=C(NCc1ccccc1)c1ccc(Br)c(S(=O)(=O)N2CCCCC2)c1,6.443697499232712,6.300077283765745
scaffold,validation,O=C(NN1CCCCC1)c1nn(-c2ccc(Cl)cc2Cl)c2c1ccc1cc(C3CC3)ccc12,6.0835460514500745,6.938385059581078
scaffold,validation,O=C(Nc1ccc(Cl)cc1)Nc1cccc(Nc2cccc(N3CCCC3)n2)c1,4.279014255846261,4.549925478059688
scaffold,validation,O=C(Nc1cccc2ccccc12)c1cccn1Cc1ccc(F)cc1,7.221848749616356,6.44421681794928
scaffold,validation,O=C(c1ccc2ccccc2c1)c1cn2c3c(cccc13)OCC2CN1CCOCC1,8.481486060122112,6.620647703888291
scaffold,validation,O=C(c1cccc2ccccc12)c1cn(CCN2CCOCC2)c2ccc(O)cc12,6.772113295386326,6.349034689528864
scaffold,validation,O=C(c1cn(CC2CCOCC2)c2ccccc12)C12CC3CC(CC(C3)O1)C2,8.229590093514206,8.292599053618423
scaffold,validation,O=C(c1cn2c3c(cccc13)OC[C@H]2C1CCCCC1)N1CCN2CCCC[C@H]2C1,9.4000078224159,7.429971498097794
scaffold,validation,O=C1CCCN1C1CCCOc2c1nn(-c1ccccc1Cl)c2-c1ccc(Cl)cc1,4.121478204498794,4.717033104946099
scaffold,validation,O=S(=O)(F)c1ccccc1Cn1nnc2c(N3CCC(F)(F)C3)nc(C(F)(F)c3ccccc3)nc21,6.200659450546418,7.944587005929913
scaffold,validation,O=S(=O)(F)c1ccccc1Cn1nnc2c(N3CC[C@H](O)C3)nc(C(F)(F)c3ccccc3)nc21,5.948076083953893,7.605713968514735
scaffold,validation,O=S(=O)(NC1CCCCC1)NC1CCN(c2ncnc3c2nc(-c2ccccc2Cl)n3-c2ccc(Cl)cc2)CC1,6.481486060122112,6.439337015575494
scaffold,validation,O=S(=O)(NCCCCNS(=O)(=O)C(F)(F)F)c1ccc(Cl)cc1S(=O)(=O)c1ccccc1F,6.7447274948966935,6.596741077724475
scaffold,validation,O=S(=O)(c1ccccc1F)c1cc(Cl)ccc1S(=O)(=O)N1CCC(CNS(=O)(=O)C(F)(F)F)(c2ccccc2)CC1,6.455931955649724,7.706898735700576
scaffold,validation,OCCSSCCc1ccccc1Cn1nnc2c(N3CCC(F)(F)C3)nc(C(F)(F)c3ccccc3)nc21,6.860120913598763,7.149195100730983
scaffold,validation,[N-]=[N+]=NC1CCN(c2nc(C(F)(F)c3ccccc3)nc3c2nnn3Cc2ccccc2Cl)C1,6.137272471682025,6.7009180786336415
scaffold,validation,c1ccc2c(COc3nn(CCN4CCCCC4)c4ccccc34)cccc2c1,6.619788758288394,6.749808857406622
