fingerprint_group_id,rdkit_smiles,pki_target,scaffold,n_measurements,activity_ids,assay_ids,document_ids,molecule_ids,potential_unspecified_stereo
007a09b2d0e2206656a773fc37809d05fd7b748f73486e7bc0a16564bf0c5642,CCCCCCC(C)(C)c1cc(O)cc(OCCCCCCCC(=O)NCCO)c1,6.797939075968737,c1ccccc1,2,2422631;2422692,CHEMBL961829,CHEMBL1153817,CHEMBL491862,False
007a09b2d0e2206656a773fc37809d05fd7b748f73486e7bc0a16564bf0c5642,CCCCCCC(C)(C)c1cc(O)cc(OCCCCCCCCCCC(=O)NCCO)c1,7.511458439842073,c1ccccc1,2,2422632;2422694,CHEMBL961829,CHEMBL1153817,CHEMBL491658,False
007a09b2d0e2206656a773fc37809d05fd7b748f73486e7bc0a16564bf0c5642,CCCCCCC(C)(C)c1cc(O)cc(OCCCCCCCCCCCC(=O)NCCO)c1,7.098462725229332,c1ccccc1,2,2422633;2422696,CHEMBL961829,CHEMBL1153817,CHEMBL490035,False
041b6e6f668524e6ce71f825ec4731a3145cd9d6795eca2babab82f9e179dc6c,COc1ccc2c(c1)c(CCN1CCOCC1)c(C)n2C(=O)c1cccc(Cl)c1Cl,8.161150909262744,O=C(c1ccccc1)n1cc(CCN2CCOCC2)c2ccccc21,3,14573977;25462082;6160286,CHEMBL1763798;CHEMBL3239864;CHEMBL5321836,CHEMBL1759910;CHEMBL3232786;CHEMBL5321210,CHEMBL73711,False
041b6e6f668524e6ce71f825ec4731a3145cd9d6795eca2babab82f9e179dc6c,Cc1c(CCN2CCOCC2)c2cc(O[11CH3])ccc2n1C(=O)c1cccc(Cl)c1Cl,7.455931955649724,O=C(c1ccccc1)n1cc(CCN2CCOCC2)c2ccccc21,1,13850296,CHEMBL3097436,CHEMBL3091446,CHEMBL1807842,False
04c272c4e1e8b2be72bc2bf5e9329bf577cdf7d16ad54c969425ecc0d797dd83,CCCCCCC(C)(C)c1cc(O)cc(OCCCCCCCCCCCCOC(CO)CO)c1,5.777283528852417,c1ccccc1,1,7944832,CHEMBL1926463,CHEMBL1921750,CHEMBL1923774,False
04c272c4e1e8b2be72bc2bf5e9329bf577cdf7d16ad54c969425ecc0d797dd83,CCCCCCC(C)(C)c1cc(O)cc(OCCCCCCCCCCOC(CO)CO)c1,6.42021640338319,c1ccccc1,1,7944831,CHEMBL1926463,CHEMBL1921750,CHEMBL1923773,False
04c272c4e1e8b2be72bc2bf5e9329bf577cdf7d16ad54c969425ecc0d797dd83,CCCCCCC(C)(C)c1cc(O)cc(OCCCCCCCCOC(CO)CO)c1,6.958607314841775,c1ccccc1,1,7944830,CHEMBL1926463,CHEMBL1921750,CHEMBL1923772,False
04c272c4e1e8b2be72bc2bf5e9329bf577cdf7d16ad54c969425ecc0d797dd83,CCCCCCC(C)(C)c1cc(O)cc(OCCCCCCOC(CO)CO)c1,6.721246399047171,c1ccccc1,1,7944829,CHEMBL1926463,CHEMBL1921750,CHEMBL1923771,False
0678f56a5cf3504537a02c5d00e2377d5d2bfc6bd8a475bdb3c7016fa04950dd,CCCCCn1cc(C(=O)NC2CCCCC2)c(=O)n2nc(-c3ccccc3Cl)cc12,7.327902142064282,O=C(NC1CCCCC1)c1c[nH]c2cc(-c3ccccc3)nn2c1=O,1,13299828,CHEMBL2383561,CHEMBL2380310,CHEMBL2381792,False
0678f56a5cf3504537a02c5d00e2377d5d2bfc6bd8a475bdb3c7016fa04950dd,CCCCCn1cc(C(=O)NC2CCCCCC2)c(=O)n2nc(-c3ccccc3Cl)cc12,7.987162775294828,O=C(NC1CCCCCC1)c1c[nH]c2cc(-c3ccccc3)nn2c1=O,1,13299827,CHEMBL2383561,CHEMBL2380310,CHEMBL2381793,False
07f90ac4fc878aa6cca12ccfdbe683483662e433f5d4e95a16a20a1f946aaf63,CCCCCCCn1cc(C(=O)c2cccc3ccccc23)cc1-c1ccccc1,7.207608310501746,O=C(c1c[nH]c(-c2ccccc2)c1)c1cccc2ccccc12,1,1793649,CHEMBL907004,CHEMBL1137285,CHEMBL219970,False
07f90ac4fc878aa6cca12ccfdbe683483662e433f5d4e95a16a20a1f946aaf63,CCCCCCn1cc(C(=O)c2cccc3ccccc23)cc1-c1ccccc1,8.148741651280925,O=C(c1c[nH]c(-c2ccccc2)c1)c1cccc2ccccc12,1,1793650,CHEMBL907004,CHEMBL1137285,CHEMBL374982,False
08b57a92f819ea700fa8f244a84539645efb424904f854ae01c5633f41d2a7e5,CC1CCC(NC(=O)c2cc3cccnc3n(CCCCCCO)c2=O)CC1,7.744727494896693,O=C(NC1CCCCC1)c1cc2cccnc2[nH]c1=O,1,15077997,CHEMBL3383059,CHEMBL3352718,CHEMBL3353429,True
08b57a92f819ea700fa8f244a84539645efb424904f854ae01c5633f41d2a7e5,CC1CCC(NC(=O)c2cc3cccnc3n(CCCCCO)c2=O)CC1,8.443697499232712,O=C(NC1CCCCC1)c1cc2cccnc2[nH]c1=O,1,15077966,CHEMBL3383059,CHEMBL3352718,CHEMBL3353428,True
0d0b4a2783c31f6aad5200854a626bb7502e324cdc0965ace4bb6f1c4900e27b,CCCCc1cc(-c2ccc(F)cc2)cc(C(=O)N[C@H]2CC[C@@H](C)CC2)c1OC,5.849857838151442,O=C(NC1CCCCC1)c1cccc(-c2ccccc2)c1,1,16576927,CHEMBL3802220,CHEMBL3797038,CHEMBL3798087,False
0d0b4a2783c31f6aad5200854a626bb7502e324cdc0965ace4bb6f1c4900e27b,CCCCc1cc(-c2ccc(F)cc2)cc(C(=O)N[C@H]2CC[C@H](C)CC2)c1OC,5.7537476877006775,O=C(NC1CCCCC1)c1cccc(-c2ccccc2)c1,1,16576928,CHEMBL3802220,CHEMBL3797038,CHEMBL3798374,False
0e40ea964e42038d6c8782dc69be9def8425e499c35be7d7bd7678ccc3e97deb,CCCCCCc1ccc(O)cc1OCCCCCC(=O)NC1CC1,5.447331783887806,O=C(CCCCCOc1ccccc1)NC1CC1,1,1846067,CHEMBL914887,CHEMBL1139484,CHEMBL224772,False
0e40ea964e42038d6c8782dc69be9def8425e499c35be7d7bd7678ccc3e97deb,CCCCCCc1ccc(O)cc1OCCCCCCCCCCC(=O)NC1CC1,7.522878745280337,O=C(CCCCCCCCCCOc1ccccc1)NC1CC1,1,1846065,CHEMBL914887,CHEMBL1139484,CHEMBL426923,False
0e40ea964e42038d6c8782dc69be9def8425e499c35be7d7bd7678ccc3e97deb,CCCCCCc1ccc(O)cc1OCCCCCCCCCCCCCCCC(=O)NC1CC1,5.603800652904264,O=C(CCCCCCCCCCCCCCCOc1ccccc1)NC1CC1,1,1846063,CHEMBL914887,CHEMBL1139484,CHEMBL375290,False
1077708bae0ecf891f7a6271b34556fe377f97495a2a8afabd1509e1f6a1876e,CCCCCn1cc(C(=O)NC2CCCCC2)c(=O)n2nc(-c3ccccc3)cc12,7.376750709602099,O=C(NC1CCCCC1)c1c[nH]c2cc(-c3ccccc3)nn2c1=O,1,13299837,CHEMBL2383561,CHEMBL2380310,CHEMBL2381784,False
1077708bae0ecf891f7a6271b34556fe377f97495a2a8afabd1509e1f6a1876e,CCCCCn1cc(C(=O)NC2CCCCCC2)c(=O)n2nc(-c3ccccc3)cc12,7.508638306165727,O=C(NC1CCCCCC1)c1c[nH]c2cc(-c3ccccc3)nn2c1=O,1,13299836,CHEMBL2383561,CHEMBL2380310,CHEMBL2381785,False
123d4f857e7c0f3d1106ab23ea4839e344df1bfd42604762b1f4924ae762ca59,CCCCCn1cc(C(=O)NC2CCCCC2)c(=O)n2nc(-c3ccc(Cl)cc3Cl)cc12,7.2839966563652,O=C(NC1CCCCC1)c1c[nH]c2cc(-c3ccccc3)nn2c1=O,1,13299822,CHEMBL2383561,CHEMBL2380310,CHEMBL2381798,False
123d4f857e7c0f3d1106ab23ea4839e344df1bfd42604762b1f4924ae762ca59,CCCCCn1cc(C(=O)NC2CCCCCC2)c(=O)n2nc(-c3ccc(Cl)cc3Cl)cc12,7.431798275933005,O=C(NC1CCCCCC1)c1c[nH]c2cc(-c3ccccc3)nn2c1=O,1,13299821,CHEMBL2383561,CHEMBL2380310,CHEMBL2381799,False
1435566f41f22cb24db194e512fe2649767e436a65645ff6ad626453a34e63bc,O=C(NC1CCCCC1)c1cccnc1OCc1ccc(F)cc1,6.6020599913279625,O=C(NC1CCCCC1)c1cccnc1OCc1ccccc1,1,10866719,CHEMBL2027757,CHEMBL2021892,CHEMBL2022702,False
1435566f41f22cb24db194e512fe2649767e436a65645ff6ad626453a34e63bc,O=C(NC1CCCCCC1)c1cccnc1OCc1ccc(F)cc1,7.602059991327962,O=C(NC1CCCCCC1)c1cccnc1OCc1ccccc1,1,10866718,CHEMBL2027757,CHEMBL2021892,CHEMBL2022703,False
14cb056a022fd84c4060d57f47ecf6311f74841af833ef8933ff96411dfa37b8,CC1(C)C(C(=O)c2cn(CCN3CCCCC3)c3ccccc23)C1(C)C,8.644109035201687,O=C(c1cn(CCN2CCCCC2)c2ccccc12)C1CC1,2,2980517;2980560,CHEMBL1040875,CHEMBL1156767,CHEMBL570876,False
14cb056a022fd84c4060d57f47ecf6311f74841af833ef8933ff96411dfa37b8,CC1(C)C(C(=O)c2cn(CCN3CCCCCC3)c3ccccc23)C1(C)C,7.587546764348944,O=C(c1cn(CCN2CCCCCC2)c2ccccc12)C1CC1,2,2980516;2980561,CHEMBL1040875,CHEMBL1156767,CHEMBL571559,False
14d4437c7005035b49dfeb3bbb0e7e59cea4cec9fbc0fed351efce3c968881f0,CCCCCCCC(=O)NC(NC(=O)CCCCCCC)c1ccc(N(CC)CC)cc1,6.835647144215563,c1ccccc1,2,12146248;12146270,CHEMBL2183177,CHEMBL2177038,CHEMBL2179735,False
14d4437c7005035b49dfeb3bbb0e7e59cea4cec9fbc0fed351efce3c968881f0,CCCCCCCCCC(=O)NC(NC(=O)CCCCCCCCC)c1ccc(N(CC)CC)cc1,6.795880017344075,c1ccccc1,2,12146244;12146273,CHEMBL2183177,CHEMBL2177038,CHEMBL2179736,False
18d34202e79c5a714664073dbaf567f77ec748d81366f0ec2c7d3c317e247934,O=C(NC1CCCCC1)c1cccn(CCN2CCOCC2)c1=O,5.102372908709558,O=C(NC1CCCCC1)c1cccn(CCN2CCOCC2)c1=O,1,10866724,CHEMBL2027757,CHEMBL2021892,CHEMBL2022697,False
18d34202e79c5a714664073dbaf567f77ec748d81366f0ec2c7d3c317e247934,O=C(NC1CCCCCC1)c1cccn(CCN2CCOCC2)c1=O,6.102372908709558,O=C(NC1CCCCCC1)c1cccn(CCN2CCOCC2)c1=O,1,10866722,CHEMBL2027757,CHEMBL2021892,CHEMBL2022699,False
1bc4840d7848786df2abc70d4b8b41914d4c396b85e9d9840d4252508a8bb1e5,Cc1c(C(=O)NC2CCCCC2)nn(-c2ccc(Cl)cc2Cl)c1-n1c(C)ccc1C,7.060480747381382,O=C(NC1CCCCC1)c1cc(-n2cccc2)n(-c2ccccc2)n1,1,2115176,CHEMBL933207,CHEMBL1142276,CHEMBL261382,False
1bc4840d7848786df2abc70d4b8b41914d4c396b85e9d9840d4252508a8bb1e5,Cc1c(C(=O)NC2CCCCCC2)nn(-c2ccc(Cl)cc2Cl)c1-n1c(C)ccc1C,7.096910013008056,O=C(NC1CCCCCC1)c1cc(-n2cccc2)n(-c2ccccc2)n1,1,2914136,CHEMBL1049259,CHEMBL1154113,CHEMBL574052,False
1c97b58da2e35dc7355fdd6f07e5ae850970c019e4ffdd3e175e26e29761d2e2,CCCCCCCNc1ccc(-c2cccs2)cc1C(=O)NC12CC3CC(CC(C3)C1)C2,6.795880017344075,O=C(NC12CC3CC(CC(C3)C1)C2)c1cccc(-c2cccs2)c1,1,25462077,CHEMBL5321836,CHEMBL5321210,CHEMBL5413550,True
1c97b58da2e35dc7355fdd6f07e5ae850970c019e4ffdd3e175e26e29761d2e2,CCCCCCNc1ccc(-c2cccs2)cc1C(=O)NC12CC3CC(CC(C3)C1)C2,6.332547047110046,O=C(NC12CC3CC(CC(C3)C1)C2)c1cccc(-c2cccs2)c1,1,25462076,CHEMBL5321836,CHEMBL5321210,CHEMBL5422404,True
1d9e49ed6dbfb1f369df8ba699c74565168e24b6ca5c1b627775b489b129beb7,CCCCOc1c(OC)ccc2cc(C(=O)NCc3ccc(F)cc3)c(=O)[nH]c12,8.55284196865778,O=C(NCc1ccccc1)c1cc2ccccc2[nH]c1=O,1,6350665,CHEMBL1825306,CHEMBL1821585,CHEMBL1822928,False
1d9e49ed6dbfb1f369df8ba699c74565168e24b6ca5c1b627775b489b129beb7,CCCCOc1c(OC)ccc2cc(C(=O)NCc3ccc([18F])cc3)c(=O)[nH]c12,8.55284196865778,O=C(NCc1ccccc1)c1cc2ccccc2[nH]c1=O,1,13850300,CHEMBL3097436,CHEMBL3091446,CHEMBL3093358,False
1ec1a62cf91d5d83e07d73bfcbeeb83490450d602c3303f8238c3406334bfa88,CCC(C)(C)C(=O)Cc1cc(C)c(C)c(S(=O)(=O)N2CCCCC2)c1,8.568636235841012,O=S(=O)(c1ccccc1)N1CCCCC1,1,5205772,CHEMBL1670561,CHEMBL1667752,CHEMBL1668514,False
1ec1a62cf91d5d83e07d73bfcbeeb83490450d602c3303f8238c3406334bfa88,CCC(C)(C)C(=O)Cc1cc(C)c(C)c(S(=O)(=O)N2CCCCCC2)c1,8.045757490560675,O=S(=O)(c1ccccc1)N1CCCCCC1,1,5205771,CHEMBL1670561,CHEMBL1667752,CHEMBL1668513,False
21804add6574c18848fa52a622eb2458c1f23759b15679cf100830158a821fd1,CC1CCC(NC(=O)c2cc3cc(-c4ccco4)cnc3n(Cc3ccc(F)cc3)c2=O)CC1,9.173925197299171,O=C(NC1CCCCC1)c1cc2cc(-c3ccco3)cnc2n(Cc2ccccc2)c1=O,1,15078020,CHEMBL3383059,CHEMBL3352718,CHEMBL3353448,True
21804add6574c18848fa52a622eb2458c1f23759b15679cf100830158a821fd1,C[C@H]1CC[C@H](NC(=O)c2cc3cc(-c4ccco4)cnc3n(Cc3ccc(F)cc3)c2=O)CC1,7.025949097207123,O=C(NC1CCCCC1)c1cc2cc(-c3ccco3)cnc2n(Cc2ccccc2)c1=O,1,15078021,CHEMBL3383059,CHEMBL3352718,CHEMBL3353449,False
24a4b3cde5d0c631e462ff431ee32566473c411c3af6c60f55cf6927d5c64e97,CCCCc1cc(-c2ccc(OC)cc2)cc(C(=O)N[C@H]2CC[C@@H](C)CC2)c1OC,7.657577319177793,O=C(NC1CCCCC1)c1cccc(-c2ccccc2)c1,1,15156855,CHEMBL3399659,CHEMBL3397007,CHEMBL3397522,False
24a4b3cde5d0c631e462ff431ee32566473c411c3af6c60f55cf6927d5c64e97,CCCCc1cc(-c2ccc(OC)cc2)cc(C(=O)N[C@H]2CC[C@H](C)CC2)c1OC,6.844663962534938,O=C(NC1CCCCC1)c1cccc(-c2ccccc2)c1,1,15156854,CHEMBL3399659,CHEMBL3397007,CHEMBL3397521,False
24dec62468feecdb3bea8d97bd2e241b6c4eafde2127f6c54b2be3efca03e002,CCCCCC[Si](C)(C)c1cc(O)c(C2CCCCC2)c(O)c1,8.041914151478915,c1ccc(C2CCCCC2)cc1,1,24666751,CHEMBL5098552,CHEMBL5096202,CHEMBL5176902,False
24dec62468feecdb3bea8d97bd2e241b6c4eafde2127f6c54b2be3efca03e002,CCCCCC[Si](C)(C)c1cc(O)c(C2CCCCCC2)c(O)c1,8.185086818724926,c1ccc(C2CCCCCC2)cc1,1,24666752,CHEMBL5098552,CHEMBL5096202,CHEMBL5204014,False
2aa3e17d3fb564a53564b99e9b9b06dcbcab7e4d6465d9ad773b6d5d784e86c2,O=C(NC1CCCCC1)c1cccnc1OCc1ccccc1,6.03810452633215,O=C(NC1CCCCC1)c1cccnc1OCc1ccccc1,1,10866720,CHEMBL2027757,CHEMBL2021892,CHEMBL2022701,False
2aa3e17d3fb564a53564b99e9b9b06dcbcab7e4d6465d9ad773b6d5d784e86c2,O=C(NC1CCCCCC1)c1cccnc1OCc1ccccc1,6.317854923626168,O=C(NC1CCCCCC1)c1cccnc1OCc1ccccc1,1,13912572,CHEMBL3119423,CHEMBL3112511,CHEMBL3114345,False
2aab2ce46eddad1ffc065ab07732b2910f6f729aaef615b5c0d67b9265eb554a,CCCCCCCNc1ccccc1C(=O)NC12CC3CC(CC(C3)C1)C2,6.035033625168902,O=C(NC12CC3CC(CC(C3)C1)C2)c1ccccc1,1,25462068,CHEMBL5321836,CHEMBL5321210,CHEMBL5421210,True
2aab2ce46eddad1ffc065ab07732b2910f6f729aaef615b5c0d67b9265eb554a,CCCCCCNc1ccccc1C(=O)NC12CC3CC(CC(C3)C1)C2,6.314079207805465,O=C(NC12CC3CC(CC(C3)C1)C2)c1ccccc1,1,25462067,CHEMBL5321836,CHEMBL5321210,CHEMBL5409471,True
2ffe12cd7821d4308b4651d85838433e22dd3210a3cf6fc0f46b2b52d0bf7e47,COC(=O)c1c(NC(=O)C23CC4CC(CC(O)(C4)C2)C3)sc2c1CCCC2,8.481486060122112,O=C(Nc1cc2c(s1)CCCC2)C12CC3CC(CC(C3)C1)C2,1,24868287,CHEMBL5152288,CHEMBL5150013,CHEMBL4117628,True
2ffe12cd7821d4308b4651d85838433e22dd3210a3cf6fc0f46b2b52d0bf7e47,[11CH3]OC(=O)c1c(NC(=O)C23CC4CC(CC(O)(C4)C2)C3)sc2c1CCCC2,8.481486060122112,O=C(Nc1cc2c(s1)CCCC2)C12CC3CC(CC(C3)C1)C2,1,18138857,CHEMBL4030393,CHEMBL4028847,CHEMBL4099487,True
32eaff7af33f0f021566d805e7abc67fce934be0d404760ee9d1fea9160803f1,CCCCCc1cc(O)cc(OCCCCCCCC(=O)OC(CO)CO)c1,5.104025267640935,c1ccccc1,1,7944814,CHEMBL1926463,CHEMBL1921750,CHEMBL1923756,False
32eaff7af33f0f021566d805e7abc67fce934be0d404760ee9d1fea9160803f1,CCCCCc1cc(O)cc(OCCCCCCCCCCC(=O)OC(CO)CO)c1,6.060480747381382,c1ccccc1,1,7944815,CHEMBL1926463,CHEMBL1921750,CHEMBL1923757,False
3656b9cac6a18bf0fd950b430f2642e2d5b79394f729a4693585e7ac31d9bae5,O=S(=O)(N[C@H]1CC[C@@H](NS(=O)(=O)C(F)(F)F)CC1)c1ccc(Cl)cc1S(=O)(=O)c1ccccc1F,5.889410289700751,O=S(=O)(NC1CCCCC1)c1ccccc1S(=O)(=O)c1ccccc1,1,3089203,CHEMBL1071212,CHEMBL1153236,CHEMBL595452,False
3656b9cac6a18bf0fd950b430f2642e2d5b79394f729a4693585e7ac31d9bae5,O=S(=O)(N[C@H]1CC[C@H](NS(=O)(=O)C(F)(F)F)CC1)c1ccc(Cl)cc1S(=O)(=O)c1ccccc1F,6.630784142589857,O=S(=O)(NC1CCCCC1)c1ccccc1S(=O)(=O)c1ccccc1,1,3089205,CHEMBL1071212,CHEMBL1153236,CHEMBL594513,False
380d0d7e6f37bd65f06365caa9733db8ed8d935a91fe3deddaee122863d97c0b,CCOc1ccc(Cc2nc3cc(C(=O)N(CC)CC)ccc3n2CCCCCCNc2c3c(nc4ccccc24)CCCC3)cc1,5.366531544420413,c1ccc(Cc2nc3ccccc3n2CCCCCCNc2c3c(nc4ccccc24)CCCC3)cc1,1,19054545,CHEMBL4356276,CHEMBL4354814,CHEMBL4456083,False
380d0d7e6f37bd65f06365caa9733db8ed8d935a91fe3deddaee122863d97c0b,CCOc1ccc(Cc2nc3cc(C(=O)N(CC)CC)ccc3n2CCCCCNc2c3c(nc4ccccc24)CCCC3)cc1,5.136677139879544,c1ccc(Cc2nc3ccccc3n2CCCCCNc2c3c(nc4ccccc24)CCCC3)cc1,1,19054544,CHEMBL4356276,CHEMBL4354814,CHEMBL4583716,False
38a98ceb95909f0e1b5a4f8a187d79439a7747c537595c796de23e23366d12ed,CCCCCCCn1c2ccccc2c2cc(C(=O)N3CCCCC3)ccc21,6.082494490447454,O=C(c1ccc2[nH]c3ccccc3c2c1)N1CCCCC1,1,13499118,CHEMBL2445749,CHEMBL2440006,CHEMBL2441455,False
38a98ceb95909f0e1b5a4f8a187d79439a7747c537595c796de23e23366d12ed,CCCCCCn1c2ccccc2c2cc(C(=O)N3CCCCC3)ccc21,7.017728766960431,O=C(c1ccc2[nH]c3ccccc3c2c1)N1CCCCC1,1,13499119,CHEMBL2445749,CHEMBL2440006,CHEMBL2441454,False
39d6178bbf78237acc9ad21836cc1d8879f75b5b49780929b2acc461b8bc4d53,O=C(c1cn(CCN2CCOCC2)c2ccccc12)C1CCCCC1,6.860057981489657,O=C(c1cn(CCN2CCOCC2)c2ccccc12)C1CCCCC1,2,2980536;2980542,CHEMBL1040875,CHEMBL1156767,CHEMBL570874,False
39d6178bbf78237acc9ad21836cc1d8879f75b5b49780929b2acc461b8bc4d53,O=C(c1cn(CCN2CCOCC2)c2ccccc12)C1CCCCCC1,7.954307228960816,O=C(c1cn(CCN2CCOCC2)c2ccccc12)C1CCCCCC1,2,2980533;2980543,CHEMBL1040875,CHEMBL1156767,CHEMBL570659,False
3df319cfde2e3a683dc0a8b278145eab0bab6168fb02ec71678a9b53c4240bf6,COc1c(Cc2ccc(F)cc2)cc(-c2ccccc2)cc1C(=O)N[C@H]1CC[C@@H](C)CC1,5.95624487303132,O=C(NC1CCCCC1)c1cc(Cc2ccccc2)cc(-c2ccccc2)c1,1,16576924,CHEMBL3802220,CHEMBL3797038,CHEMBL3799040,False
3df319cfde2e3a683dc0a8b278145eab0bab6168fb02ec71678a9b53c4240bf6,COc1c(Cc2ccc(F)cc2)cc(-c2ccccc2)cc1C(=O)N[C@H]1CC[C@H](C)CC1,5.582196277360119,O=C(NC1CCCCC1)c1cc(Cc2ccccc2)cc(-c2ccccc2)c1,1,16576925,CHEMBL3802220,CHEMBL3797038,CHEMBL3797270,False
40b9f5ddf1c9d9b45def4cda69da567a8c21671d615cfd17d6eb57f8d1278d2f,CCCCCCC(C)(C)c1cc(OC)c2cc(Cc3ccccc3OC)c(=O)oc2c1,5.521433504406156,O=c1oc2ccccc2cc1Cc1ccccc1,1,12137484,CHEMBL2187924,CHEMBL2176868,CHEMBL2181539,False
40b9f5ddf1c9d9b45def4cda69da567a8c21671d615cfd17d6eb57f8d1278d2f,CCCCCCCC(C)(C)c1cc(OC)c2cc(Cc3ccccc3OC)c(=O)oc2c1,5.0,O=c1oc2ccccc2cc1Cc1ccccc1,1,12137482,CHEMBL2187924,CHEMBL2176868,CHEMBL2181541,False
4189ba9644bff9903f727a9269f70b45533aaf5d7033393b35607c7f346fa737,CCCCOc1c(OC)ccc2cc(C(=O)NC3CCCCC3)c(=O)[nH]c12,8.017728766960431,O=C(NC1CCCCC1)c1cc2ccccc2[nH]c1=O,1,24868281,CHEMBL5152285,CHEMBL5150013,CHEMBL2068805,False
4189ba9644bff9903f727a9269f70b45533aaf5d7033393b35607c7f346fa737,CCCCOc1c(O[11CH3])ccc2cc(C(=O)NC3CCCCC3)c(=O)[nH]c12,8.017728766960431,O=C(NC1CCCCC1)c1cc2ccccc2[nH]c1=O,1,3194809,CHEMBL1101969,CHEMBL1154937,CHEMBL1081610,False
42868d344ec96ae23e01c6a2937acecfb3eab7c100da5f0ae707761b14b97708,Cc1c(C(=O)NCCCCCCCCCCCN(C)CCCCCCCCCCCN)nn(-c2ccc(Cl)cc2Cl)c1-c1ccc(Cl)cc1,6.370590400897282,c1ccc(-c2ccnn2-c2ccccc2)cc1,1,3516734,CHEMBL1275186,CHEMBL1268814,CHEMBL1269776,False
42868d344ec96ae23e01c6a2937acecfb3eab7c100da5f0ae707761b14b97708,Cc1c(C(=O)NCCCCCCCCCN(C)CCCCCCCCCN)nn(-c2ccc(Cl)cc2Cl)c1-c1ccc(Cl)cc1,6.576754126063192,c1ccc(-c2ccnn2-c2ccccc2)cc1,1,3516735,CHEMBL1275186,CHEMBL1268814,CHEMBL1269775,False
42868d344ec96ae23e01c6a2937acecfb3eab7c100da5f0ae707761b14b97708,Cc1c(C(=O)NCCCCCCCN(C)CCCCCCCN)nn(-c2ccc(Cl)cc2Cl)c1-c1ccc(Cl)cc1,5.713543530253017,c1ccc(-c2ccnn2-c2ccccc2)cc1,1,3516736,CHEMBL1275186,CHEMBL1268814,CHEMBL1270662,False
4642c397d32273975f30854fca81c2c5c254b36805d604cfa24f4cb44de4d5c3,CC1CCC(NC(=O)c2cc3cc(Br)cnc3n(Cc3ccc(F)cc3)c2=O)CC1,9.744727494896694,O=C(NC1CCCCC1)c1cc2cccnc2n(Cc2ccccc2)c1=O,1,15078011,CHEMBL3383059,CHEMBL3352718,CHEMBL3353439,True
4642c397d32273975f30854fca81c2c5c254b36805d604cfa24f4cb44de4d5c3,C[C@H]1CC[C@@H](NC(=O)c2cc3cc(Br)cnc3n(Cc3ccc(F)cc3)c2=O)CC1,9.920818753952377,O=C(NC1CCCCC1)c1cc2cccnc2n(Cc2ccccc2)c1=O,1,15078013,CHEMBL3383059,CHEMBL3352718,CHEMBL3353441,False
4642c397d32273975f30854fca81c2c5c254b36805d604cfa24f4cb44de4d5c3,C[C@H]1CC[C@H](NC(=O)c2cc3cc(Br)cnc3n(Cc3ccc(F)cc3)c2=O)CC1,8.950781977329818,O=C(NC1CCCCC1)c1cc2cccnc2n(Cc2ccccc2)c1=O,1,15078012,CHEMBL3383059,CHEMBL3352718,CHEMBL3353440,False
46f180620afcfbb92810031843d811cde62f9148f1722025df934cb063122838,CCC1CCC(C(=O)c2cn(CCN3CCOCC3)c3ccccc23)CC1,7.795880017344075,O=C(c1cn(CCN2CCOCC2)c2ccccc12)C1CCCCC1,1,5205760,CHEMBL1670561,CHEMBL1667752,CHEMBL1668511,True
46f180620afcfbb92810031843d811cde62f9148f1722025df934cb063122838,CC[C@H]1CC[C@H](C(=O)c2cn(CCN3CCOCC3)c3ccccc23)CC1,7.797925375395152,O=C(c1cn(CCN2CCOCC2)c2ccccc12)C1CCCCC1,2,2980534;2980544,CHEMBL1040875,CHEMBL1156767,CHEMBL584738,False
48bc000b52a6b18ebe9d14cc11ca0b0e7744fed8b5e2162668ac5525b6e3056e,CCN(CC)c1ccc(CN(c2ccc(C)cc2)S(=O)(=O)c2ccc(Cl)cc2)cc1,8.522951139760405,O=S(=O)(c1ccccc1)N(Cc1ccccc1)c1ccccc1,2,12663646;12664947,CHEMBL2329721,CHEMBL2321866,CHEMBL2326296,False
48bc000b52a6b18ebe9d14cc11ca0b0e7744fed8b5e2162668ac5525b6e3056e,CCN(CC)c1ccc(CN(c2ccc(Cl)cc2)S(=O)(=O)c2ccc(C)cc2)cc1,7.431915684554926,O=S(=O)(c1ccccc1)N(Cc1ccccc1)c1ccccc1,2,12663653;12664954,CHEMBL2329721,CHEMBL2321866,CHEMBL2326289,False
4a4cbbe862d2432762ba053437933d8cdbb9a9ec8eff5402dfbccb00f990518a,CCCCc1cc(-c2ccccc2)cc(C(=O)N[C@H]2CC[C@@H](C)CC2)c1OC,5.898940645091884,O=C(NC1CCCCC1)c1cccc(-c2ccccc2)c1,1,16576930,CHEMBL3802220,CHEMBL3797038,CHEMBL3800192,False
4a4cbbe862d2432762ba053437933d8cdbb9a9ec8eff5402dfbccb00f990518a,CCCCc1cc(-c2ccccc2)cc(C(=O)N[C@H]2CC[C@H](C)CC2)c1OC,5.621602099051863,O=C(NC1CCCCC1)c1cccc(-c2ccccc2)c1,1,16576931,CHEMBL3802220,CHEMBL3797038,CHEMBL3800638,False
4c5848a49c1c4812c77634edfb50a252ef096c2e992c2f5cdf5284fd61323cbf,Cc1cc(-c2cc(C(=O)NC3CCCCC3)c(=O)n(Cc3ccc(F)cc3)n2)ccc1Cl,8.327902142064282,O=C(NC1CCCCC1)c1cc(-c2ccccc2)nn(Cc2ccccc2)c1=O,1,17981847,CHEMBL3998733,CHEMBL3997787,CHEMBL4084087,False
4c5848a49c1c4812c77634edfb50a252ef096c2e992c2f5cdf5284fd61323cbf,Cc1cc(-c2cc(C(=O)NC3CCCCCC3)c(=O)n(Cc3ccc(F)cc3)n2)ccc1Cl,8.309803919971486,O=C(NC1CCCCCC1)c1cc(-c2ccccc2)nn(Cc2ccccc2)c1=O,1,17981846,CHEMBL3998733,CHEMBL3997787,CHEMBL4071007,False
4fbeea232c7188cbb9cbbff6441a3dd84aa96256177a47702f1943e4418b6c01,CCCCC/C=C\C/C=C\C/C=C\[C@@H](C)/C=C\CCCC(=O)NCCO,6.72584215073632,ACYCLIC,1,18560280,CHEMBL4201489,CHEMBL4196195,CHEMBL4207686,False
4fbeea232c7188cbb9cbbff6441a3dd84aa96256177a47702f1943e4418b6c01,CCCCC/C=C\C/C=C\C/C=C\[C@H](C)/C=C\CCCC(=O)NCCO,7.607303046740334,ACYCLIC,1,18560281,CHEMBL4201489,CHEMBL4196195,CHEMBL4208217,False
4fbeea232c7188cbb9cbbff6441a3dd84aa96256177a47702f1943e4418b6c01,CCCCC/C=C\[C@H](C)/C=C\C/C=C\C/C=C\CCCC(=O)NCCO,7.296708621881338,ACYCLIC,1,18560285,CHEMBL4201489,CHEMBL4196195,CHEMBL4216075,False
5108cc4a5174ebb71e2073c462023f9c39a181da23f827372af5a3a2b3f3c947,Cc1c(C(=O)NC2CCCCC2)nc(-c2ccc(Cl)cc2Cl)n1-c1ccc(Cl)cc1,6.795880017344075,O=C(NC1CCCCC1)c1cn(-c2ccccc2)c(-c2ccccc2)n1,1,1400430,CHEMBL829669,CHEMBL1145197,CHEMBL175650,False
5108cc4a5174ebb71e2073c462023f9c39a181da23f827372af5a3a2b3f3c947,Cc1c(C(=O)NC2CCCCCC2)nc(-c2ccc(Cl)cc2Cl)n1-c1ccc(Cl)cc1,6.45717457304082,O=C(NC1CCCCCC1)c1cn(-c2ccccc2)c(-c2ccccc2)n1,1,1400491,CHEMBL829669,CHEMBL1145197,CHEMBL176022,False
52e1e3639899e88c11a66d0ccd70603324e69810a1ccb14a8b44138cfec99eb6,CCCCCCCNC(=O)c1nn(-c2ccc(F)cc2F)c(-n2c(C)ccc2C)c1C,6.437112618706121,c1ccc(-n2nccc2-n2cccc2)cc1,1,5100337,CHEMBL1636582,CHEMBL1629497,CHEMBL1631292,False
52e1e3639899e88c11a66d0ccd70603324e69810a1ccb14a8b44138cfec99eb6,CCCCCCNC(=O)c1nn(-c2ccc(F)cc2F)c(-n2c(C)ccc2C)c1C,6.312203588618706,c1ccc(-n2nccc2-n2cccc2)cc1,1,5100335,CHEMBL1636582,CHEMBL1629497,CHEMBL1631290,False
530905c9c19f9cc52decce779e13c44405c48caa6ef0aa60ed48df0b45ce4369,CCCCCCCNC(=O)c1nn(-c2ccc(Cl)cc2Cl)c(-n2cccc2)c1C,6.5932895413902095,c1ccc(-n2nccc2-n2cccc2)cc1,1,5100330,CHEMBL1636582,CHEMBL1629497,CHEMBL1631165,False
530905c9c19f9cc52decce779e13c44405c48caa6ef0aa60ed48df0b45ce4369,CCCCCCNC(=O)c1nn(-c2ccc(Cl)cc2Cl)c(-n2cccc2)c1C,6.416461180745648,c1ccc(-n2nccc2-n2cccc2)cc1,1,5100329,CHEMBL1636582,CHEMBL1629497,CHEMBL1631164,False
54084ebbe16907949eeb588483b327d1a3592d254feb393bf192d70de38ade0b,CCCCCn1cc(C(=O)NC2CCCCC2)c(=O)n2nc(-c3ccccc3C)cc12,7.397940008672037,O=C(NC1CCCCC1)c1c[nH]c2cc(-c3ccccc3)nn2c1=O,1,13299834,CHEMBL2383561,CHEMBL2380310,CHEMBL2381787,False
54084ebbe16907949eeb588483b327d1a3592d254feb393bf192d70de38ade0b,CCCCCn1cc(C(=O)NC2CCCCCC2)c(=O)n2nc(-c3ccccc3C)cc12,8.049148541111453,O=C(NC1CCCCCC1)c1c[nH]c2cc(-c3ccccc3)nn2c1=O,1,13299833,CHEMBL2383561,CHEMBL2380310,CHEMBL2380327,False
542e6c6d9161e676df24fc95034b175ffdc0d77637e3c2fdf8d1cb6a9289a00c,CCCCCn1cc(C(=O)NC2CCCCC2)c(=O)n2nc(CC)cc12,7.982966660701219,O=C(NC1CCCCC1)c1c[nH]c2ccnn2c1=O,1,13299843,CHEMBL2383561,CHEMBL2380310,CHEMBL2381807,False
542e6c6d9161e676df24fc95034b175ffdc0d77637e3c2fdf8d1cb6a9289a00c,CCCCCn1cc(C(=O)NC2CCCCCC2)c(=O)n2nc(CC)cc12,8.282329496997738,O=C(NC1CCCCCC1)c1c[nH]c2ccnn2c1=O,1,13299842,CHEMBL2383561,CHEMBL2380310,CHEMBL2381808,False
57a548c235d7b9e54d39597fbe3dc313049ce4c43e248627547f2581cbb6e57b,CCCCCCc1ccc(OCCCCCC(=O)NC2CC2)cc1O,6.267606240177031,O=C(CCCCCOc1ccccc1)NC1CC1,1,1846072,CHEMBL914887,CHEMBL1139484,CHEMBL223991,False
57a548c235d7b9e54d39597fbe3dc313049ce4c43e248627547f2581cbb6e57b,CCCCCCc1ccc(OCCCCCCCC(=O)NC2CC2)cc1O,6.552841968657781,O=C(CCCCCCCOc1ccccc1)NC1CC1,1,1887187,CHEMBL906559,CHEMBL1143734,CHEMBL228510,False
57a548c235d7b9e54d39597fbe3dc313049ce4c43e248627547f2581cbb6e57b,CCCCCCc1ccc(OCCCCCCCCCCC(=O)NC2CC2)cc1O,6.455931955649724,O=C(CCCCCCCCCCOc1ccccc1)NC1CC1,1,1846070,CHEMBL914887,CHEMBL1139484,CHEMBL225496,False
57a548c235d7b9e54d39597fbe3dc313049ce4c43e248627547f2581cbb6e57b,CCCCCCc1ccc(OCCCCCCCCCCCC(=O)NC2CC2)cc1O,5.404503778174426,O=C(CCCCCCCCCCCOc1ccccc1)NC1CC1,1,1887185,CHEMBL906559,CHEMBL1143734,CHEMBL229821,False
57a548c235d7b9e54d39597fbe3dc313049ce4c43e248627547f2581cbb6e57b,CCCCCc1ccc(OCCCCCCCCCCC(=O)NC2CC2)cc1O,7.886056647693163,O=C(CCCCCCCCCCOc1ccccc1)NC1CC1,1,1887184,CHEMBL906559,CHEMBL1143734,CHEMBL229872,False
585549452b9ba450214eb8ebc48a4ca6a2ce19f3a0af2ddc4464140240a4f232,CCCCCc1cc(O)cc(OCCCCCCCC(=O)NCCO)c1,6.4089353929735005,c1ccccc1,1,1887183,CHEMBL906559,CHEMBL1143734,CHEMBL228346,False
585549452b9ba450214eb8ebc48a4ca6a2ce19f3a0af2ddc4464140240a4f232,CCCCCc1cc(O)cc(OCCCCCCCCCCC(=O)NCCO)c1,6.795880017344075,c1ccccc1,1,1846078,CHEMBL914887,CHEMBL1139484,CHEMBL224259,False
585549452b9ba450214eb8ebc48a4ca6a2ce19f3a0af2ddc4464140240a4f232,CCCCCc1cc(O)cc(OCCCCCCCCCCCC(=O)NCCO)c1,7.4089353929735005,c1ccccc1,1,1887197,CHEMBL906559,CHEMBL1143734,CHEMBL228404,False
595a5fb43ca7f6bee964a248b377d45ec95d2b65bf0f406a79992f8ea0340114,CCCCCCC(C)(C)c1cc(OC)cc(OCCCCCCCC(=O)NC2CC2)c1,8.3767507096021,O=C(CCCCCCCOc1ccccc1)NC1CC1,1,20682929,CHEMBL4623510,CHEMBL4622854,CHEMBL4647981,False
595a5fb43ca7f6bee964a248b377d45ec95d2b65bf0f406a79992f8ea0340114,CCCCCCC(C)(C)c1cc(OC)cc(OCCCCCCCCCCC(=O)NC2CC2)c1,7.583359492661719,O=C(CCCCCCCCCCOc1ccccc1)NC1CC1,1,20682930,CHEMBL4623510,CHEMBL4622854,CHEMBL4643098,False
5a38ad36df1be006bb5269029b31e3e89a0d350ab2bd938f54d23cf7eca1997b,COc1c(C)cc(-c2ccccc2)cc1C(=O)N[C@H]1CC[C@@H](C)CC1,6.823908740944319,O=C(NC1CCCCC1)c1cccc(-c2ccccc2)c1,1,15156849,CHEMBL3399659,CHEMBL3397007,CHEMBL3397450,False
5a38ad36df1be006bb5269029b31e3e89a0d350ab2bd938f54d23cf7eca1997b,COc1c(C)cc(-c2ccccc2)cc1C(=O)N[C@H]1CC[C@H](C)CC1,7.045757490560675,O=C(NC1CCCCC1)c1cccc(-c2ccccc2)c1,1,15156848,CHEMBL3399659,CHEMBL3397007,CHEMBL3397449,False
5bf655cb3ff6a96c044b25f6423461c5a612c9147f5c6ff4909f838052648ec4,Cc1c(C(=O)NN2CCCCC2)nc(-c2ccc(Cl)cc2Cl)n1-c1ccc(Cl)cc1,6.216096420727265,O=C(NN1CCCCC1)c1cn(-c2ccccc2)c(-c2ccccc2)n1,1,1400600,CHEMBL829669,CHEMBL1145197,CHEMBL368749,False
5bf655cb3ff6a96c044b25f6423461c5a612c9147f5c6ff4909f838052648ec4,Cc1c(C(=O)NN2CCCCCC2)nc(-c2ccc(Cl)cc2Cl)n1-c1ccc(Cl)cc1,6.296708621881338,O=C(NN1CCCCCC1)c1cn(-c2ccccc2)c(-c2ccccc2)n1,1,1400416,CHEMBL829669,CHEMBL1145197,CHEMBL175478,False
5c5b4dd3645e1e3d2bc078ec37562e6230a07019eb6c1318a23d859d1914920c,O=C(NC1CCCCC1)c1cn2c3c(cccc3c1=O)OCC2c1ccccc1,8.598599459218455,O=C(NC1CCCCC1)c1cn2c3c(cccc3c1=O)OCC2c1ccccc1,1,12089897,CHEMBL2169620,CHEMBL2163236,CHEMBL2163949,True
5c5b4dd3645e1e3d2bc078ec37562e6230a07019eb6c1318a23d859d1914920c,O=C(NC1CCCCCC1)c1cn2c3c(cccc3c1=O)OCC2c1ccccc1,9.09151498112135,O=C(NC1CCCCCC1)c1cn2c3c(cccc3c1=O)OCC2c1ccccc1,1,12089896,CHEMBL2169620,CHEMBL2163236,CHEMBL2163950,True
5eca68f4486640d10cfc80823fddea51d0181a040815a6663863e82013efca46,O=C(NC1CCCCC1)c1cc2ccccc2n(CCN2CCOCC2)c1=O,8.045757490560675,O=C(NC1CCCCC1)c1cc2ccccc2n(CCN2CCOCC2)c1=O,1,10866734,CHEMBL2027757,CHEMBL2021892,CHEMBL2022362,False
5eca68f4486640d10cfc80823fddea51d0181a040815a6663863e82013efca46,O=C(NC1CCCCCC1)c1cc2ccccc2n(CCN2CCOCC2)c1=O,8.698970004336019,O=C(NC1CCCCCC1)c1cc2ccccc2n(CCN2CCOCC2)c1=O,1,10866732,CHEMBL2027757,CHEMBL2021892,CHEMBL2022364,False
6248cbf12a147795391595768d210cab0ed16787d14d1ff47af019fdfd87f54f,O=C(NC1CCCCC1)c1cc2cccnc2n(CCN2CCOCC2)c1=O,8.102372908709558,O=C(NC1CCCCC1)c1cc2cccnc2n(CCN2CCOCC2)c1=O,1,2622736,CHEMBL998034,CHEMBL1136929,CHEMBL466623,False
6248cbf12a147795391595768d210cab0ed16787d14d1ff47af019fdfd87f54f,O=C(NC1CCCCCC1)c1cc2cccnc2n(CCN2CCOCC2)c1=O,8.522878745280337,O=C(NC1CCCCCC1)c1cc2cccnc2n(CCN2CCOCC2)c1=O,1,2622730,CHEMBL998034,CHEMBL1136929,CHEMBL467475,False
6273cf1d062f1c9ff2b781cac5e168b2b631f4f77832ead5cdc23aaa85e2d415,CCCCCn1cc(C(=O)N[C@H]2CC[C@@H](C)CC2)c(=O)c2c(C)nn(C)c21,7.97469413473523,O=C(NC1CCCCC1)c1c[nH]c2[nH]ncc2c1=O,1,12619634,CHEMBL2319554,CHEMBL2311525,CHEMBL2316297,False
6273cf1d062f1c9ff2b781cac5e168b2b631f4f77832ead5cdc23aaa85e2d415,CCCCCn1cc(C(=O)N[C@H]2CC[C@H](C)CC2)c(=O)c2c(C)nn(C)c21,7.943095148663527,O=C(NC1CCCCC1)c1c[nH]c2[nH]ncc2c1=O,1,12619635,CHEMBL2319554,CHEMBL2311525,CHEMBL2316296,False
63f91b94395316f8b102bfe02c3d27e609dd846993fc718964e25da9e8be877e,O=C(NC1CCCCC1)c1cc2cccnc2n(Cc2ccc(F)cc2)c1=O,8.657577319177793,O=C(NC1CCCCC1)c1cc2cccnc2n(Cc2ccccc2)c1=O,1,2622729,CHEMBL998034,CHEMBL1136929,CHEMBL508336,False
63f91b94395316f8b102bfe02c3d27e609dd846993fc718964e25da9e8be877e,O=C(NC1CCCCCC1)c1cc2cccnc2n(Cc2ccc(F)cc2)c1=O,9.154901959985745,O=C(NC1CCCCCC1)c1cc2cccnc2n(Cc2ccccc2)c1=O,1,2622725,CHEMBL998034,CHEMBL1136929,CHEMBL467896,False
6405dd16bb0de440e72082a37d56581b903d04dddbe653493cad37050d196499,CCC(C)(C)C(=O)Nc1cc(C)c(C)c(S(=O)(=O)N2CCCCC2)c1,8.568636235841012,O=S(=O)(c1ccccc1)N1CCCCC1,1,3082595,CHEMBL1071855,CHEMBL1153132,CHEMBL602105,False
6405dd16bb0de440e72082a37d56581b903d04dddbe653493cad37050d196499,CCC(C)(C)C(=O)Nc1cc(C)c(C)c(S(=O)(=O)N2CCCCCC2)c1,8.045757490560675,O=S(=O)(c1ccccc1)N1CCCCCC1,1,3082592,CHEMBL1071855,CHEMBL1153132,CHEMBL602591,False
64d4a0b87afbfe41d80bf57ce954969049c315742748f0111639b3172561acf1,CCCCCCc1c(O)cccc1OCCCCCCCC(=O)NCCO,5.404503778174426,c1ccccc1,1,1887195,CHEMBL906559,CHEMBL1143734,CHEMBL228455,False
64d4a0b87afbfe41d80bf57ce954969049c315742748f0111639b3172561acf1,CCCCCCc1c(O)cccc1OCCCCCCCCCCCC(=O)NCCO,5.847711655616943,c1ccccc1,1,1887190,CHEMBL906559,CHEMBL1143734,CHEMBL228508,False
65883dd6a52b22ad077d0dba4a023ad53d753ec0331032bb776af39794c8cb47,CCCCCCc1c(O)cccc1OCCCCCCCC(=O)NC1CC1,5.7447274948966935,O=C(CCCCCCCOc1ccccc1)NC1CC1,1,1887194,CHEMBL906559,CHEMBL1143734,CHEMBL228456,False
65883dd6a52b22ad077d0dba4a023ad53d753ec0331032bb776af39794c8cb47,CCCCCCc1c(O)cccc1OCCCCCCCCCCCC(=O)NC1CC1,7.4089353929735005,O=C(CCCCCCCCCCCOc1ccccc1)NC1CC1,1,1887189,CHEMBL906559,CHEMBL1143734,CHEMBL374369,False
65d556d7fe062bfcc29dd7663a78fe19fa35baf6efd13ccef3d49226d49a28b0,CCCCCc1cc(O)cc(OCCCCCC(=O)NC2CC2)c1,6.017728766960431,O=C(CCCCCOc1ccccc1)NC1CC1,1,1846060,CHEMBL914887,CHEMBL1139484,CHEMBL224105,False
65d556d7fe062bfcc29dd7663a78fe19fa35baf6efd13ccef3d49226d49a28b0,CCCCCc1cc(O)cc(OCCCCCCCC(=O)NC2CC2)c1,7.4089353929735005,O=C(CCCCCCCOc1ccccc1)NC1CC1,1,1887200,CHEMBL906559,CHEMBL1143734,CHEMBL228347,False
65d556d7fe062bfcc29dd7663a78fe19fa35baf6efd13ccef3d49226d49a28b0,CCCCCc1cc(O)cc(OCCCCCCCCCCC(=O)NC2CC2)c1,7.886056647693163,O=C(CCCCCCCCCCOc1ccccc1)NC1CC1,1,1846077,CHEMBL914887,CHEMBL1139484,CHEMBL225506,False
65d556d7fe062bfcc29dd7663a78fe19fa35baf6efd13ccef3d49226d49a28b0,CCCCCc1cc(O)cc(OCCCCCCCCCCCC(=O)NC2CC2)c1,6.508638306165727,O=C(CCCCCCCCCCCOc1ccccc1)NC1CC1,1,1887196,CHEMBL906559,CHEMBL1143734,CHEMBL228405,False
65ed82daa5e2eff43e2aa601cf9d48cec13645f12d22201aa8793bd7d49e8f36,Cc1c(C(=O)NCCCCCCCNCCCCCCCNC(=O)c2nn(-c3ccc(Cl)cc3Cl)c(-c3ccc(Cl)cc3)c2C)nn(-c2ccc(Cl)cc2Cl)c1-c1ccc(Cl)cc1,6.257274868695301,O=C(NCCCCCCCNCCCCCCCNC(=O)c1cc(-c2ccccc2)n(-c2ccccc2)n1)c1cc(-c2ccccc2)n(-c2ccccc2)n1,1,3517585,CHEMBL1275186,CHEMBL1268814,CHEMBL1269766,False
65ed82daa5e2eff43e2aa601cf9d48cec13645f12d22201aa8793bd7d49e8f36,Cc1c(C(=O)NCCCCCNCCCCCNC(=O)c2nn(-c3ccc(Cl)cc3Cl)c(-c3ccc(Cl)cc3)c2C)nn(-c2ccc(Cl)cc2Cl)c1-c1ccc(Cl)cc1,6.345823458122039,O=C(NCCCCCNCCCCCNC(=O)c1cc(-c2ccccc2)n(-c2ccccc2)n1)c1cc(-c2ccccc2)n(-c2ccccc2)n1,1,3517586,CHEMBL1275186,CHEMBL1268814,CHEMBL1269765,False
65f6d59f48cfa6bb7548e0cce37998e86d6a4da8e872324e07c5e023ab58a09e,CCCCCn1cc(C(=O)NC2CCCCC2)c(=O)c2cnn(C)c21,6.625251653989896,O=C(NC1CCCCC1)c1c[nH]c2[nH]ncc2c1=O,1,12619621,CHEMBL2319554,CHEMBL2311525,CHEMBL2316272,False
65f6d59f48cfa6bb7548e0cce37998e86d6a4da8e872324e07c5e023ab58a09e,CCCCCn1cc(C(=O)NC2CCCCCC2)c(=O)c2cnn(C)c21,6.987162775294828,O=C(NC1CCCCCC1)c1c[nH]c2[nH]ncc2c1=O,1,12619620,CHEMBL2319554,CHEMBL2311525,CHEMBL2316273,False
69c825e43e3536c15f2ce737b229f6176281d2a9e20ea6855a96f4023260ea85,CCC1COc2cccc3c(=O)c(C(=O)NC4CCCCC4)cn1c23,7.657577319177793,O=C(NC1CCCCC1)c1cn2c3c(cccc3c1=O)OCC2,1,12089883,CHEMBL2169620,CHEMBL2163236,CHEMBL2163963,True
69c825e43e3536c15f2ce737b229f6176281d2a9e20ea6855a96f4023260ea85,CCC1COc2cccc3c(=O)c(C(=O)NC4CCCCCC4)cn1c23,8.034328028779893,O=C(NC1CCCCCC1)c1cn2c3c(cccc3c1=O)OCC2,1,12089882,CHEMBL2169620,CHEMBL2163236,CHEMBL2163964,True
69c99e64acba37af56b12811dad5c253d3d4016df0de99114391bbb12f1a1125,Cc1c(C(=O)NC2CCCCC2)nn(-c2ccc(F)cc2F)c1-n1cccc1,7.187086643357144,O=C(NC1CCCCC1)c1cc(-n2cccc2)n(-c2ccccc2)n1,1,2115166,CHEMBL933207,CHEMBL1142276,CHEMBL410912,False
69c99e64acba37af56b12811dad5c253d3d4016df0de99114391bbb12f1a1125,Cc1c(C(=O)NC2CCCCCC2)nn(-c2ccc(F)cc2F)c1-n1cccc1,6.698970004336019,O=C(NC1CCCCCC1)c1cc(-n2cccc2)n(-c2ccccc2)n1,1,2914111,CHEMBL1049259,CHEMBL1154113,CHEMBL572620,False
6b2c0f91a122e031661f273eac7c1d26bd0545aa406a897112f8eb002c02f9c9,COc1c(Cc2ccc(F)cc2)cc(-c2ccc(F)cc2)cc1C(=O)N[C@H]1CC[C@@H](C)CC1,6.4723700991286615,O=C(NC1CCCCC1)c1cc(Cc2ccccc2)cc(-c2ccccc2)c1,1,16575994,CHEMBL3802220,CHEMBL3797038,CHEMBL3797787,False
6b2c0f91a122e031661f273eac7c1d26bd0545aa406a897112f8eb002c02f9c9,COc1c(Cc2ccc(F)cc2)cc(-c2ccc(F)cc2)cc1C(=O)N[C@H]1CC[C@H](C)CC1,5.9641701747471725,O=C(NC1CCCCC1)c1cc(Cc2ccccc2)cc(-c2ccccc2)c1,1,16575995,CHEMBL3802220,CHEMBL3797038,CHEMBL3799406,False
6cf897db187b2590d58c63cd02de852bfa063cd7f77e2b5634a1b955bff1034e,Cc1c(C(=O)NC2CCCCC2)nn(-c2ccc(Cl)cc2Cl)c1-n1cccc1,7.1938200260161125,O=C(NC1CCCCC1)c1cc(-n2cccc2)n(-c2ccccc2)n1,1,2115179,CHEMBL933207,CHEMBL1142276,CHEMBL406924,False
6cf897db187b2590d58c63cd02de852bfa063cd7f77e2b5634a1b955bff1034e,Cc1c(C(=O)NC2CCCCCC2)nn(-c2ccc(Cl)cc2Cl)c1-n1cccc1,7.698970004336019,O=C(NC1CCCCCC1)c1cc(-n2cccc2)n(-c2ccccc2)n1,1,2914145,CHEMBL1049259,CHEMBL1154113,CHEMBL572887,False
6d103e37d762d2c1429863c0282cb1a6c348f2e31061bea22fa1b43f203a09e1,CCCCCCc1ccc(OCCCCCCCC(=O)OC(CO)CO)cc1O,5.104025267640935,c1ccccc1,1,7944816,CHEMBL1926463,CHEMBL1921750,CHEMBL1923758,False
6d103e37d762d2c1429863c0282cb1a6c348f2e31061bea22fa1b43f203a09e1,CCCCCCc1ccc(OCCCCCCCCCCC(=O)OC(CO)CO)cc1O,5.104025267640935,c1ccccc1,1,7944817,CHEMBL1926463,CHEMBL1921750,CHEMBL1923759,False
6e24c27cfaf8a714318fd0971ef77f5dffdf83babc1a80dfa395cdbbd8a1579c,CCCCCCC(C)(C)c1cc(OC)cc(OCCCCCCCC(=O)NCCO)c1,6.888065723667319,c1ccccc1,1,20682926,CHEMBL4623510,CHEMBL4622854,CHEMBL4649418,False
6e24c27cfaf8a714318fd0971ef77f5dffdf83babc1a80dfa395cdbbd8a1579c,CCCCCCC(C)(C)c1cc(OC)cc(OCCCCCCCCCCC(=O)NCCO)c1,6.981299501333757,c1ccccc1,1,20682927,CHEMBL4623510,CHEMBL4622854,CHEMBL4633589,False
7247b294471d37adafd8844caddb9ba9e00c05bf63545df586ba016ed8aeaff6,CCCCCCC(C)(C)c1cc(O)cc(OCCCCCCCC(=O)NC(CO)CO)c1,6.088948979671874,c1ccccc1,1,15052072,CHEMBL3379966,CHEMBL3351868,CHEMBL3323677,False
7247b294471d37adafd8844caddb9ba9e00c05bf63545df586ba016ed8aeaff6,CCCCCCC(C)(C)c1cc(O)cc(OCCCCCCCCCCC(=O)NC(CO)CO)c1,6.638272163982407,c1ccccc1,1,15052071,CHEMBL3379966,CHEMBL3351868,CHEMBL3323678,False
744fa38153304b255c8b4d76db5c95c807a18adfc6f3534f4872584938c10729,CC1COc2cccc3c(=O)c(C(=O)NC4CCCCC4)cn1c23,7.221848749616356,O=C(NC1CCCCC1)c1cn2c3c(cccc3c1=O)OCC2,1,12089886,CHEMBL2169620,CHEMBL2163236,CHEMBL2163960,True
744fa38153304b255c8b4d76db5c95c807a18adfc6f3534f4872584938c10729,CC1COc2cccc3c(=O)c(C(=O)NC4CCCCCC4)cn1c23,7.42021640338319,O=C(NC1CCCCCC1)c1cn2c3c(cccc3c1=O)OCC2,1,12089885,CHEMBL2169620,CHEMBL2163236,CHEMBL2163961,True
7616accd3a649411778743f007afdf6db13bc10c0082dfb9fef18caa6a02095a,COc1ccc(S(=O)(=O)c2cc(OC)ccc2S(=O)(=O)c2ccc([C@H](C)NS(C)(=O)=O)cc2)cc1,9.397940008672036,O=S(=O)(c1ccccc1)c1ccccc1S(=O)(=O)c1ccccc1,1,1617701,CHEMBL884738,CHEMBL1142746,CHEMBL180465,False
7616accd3a649411778743f007afdf6db13bc10c0082dfb9fef18caa6a02095a,COc1ccc(S(=O)(=O)c2ccc([C@H](C)NS(C)(=O)=O)cc2)c(S(=O)(=O)c2ccc(O[11CH3])cc2)c1,8.346787486224656,O=S(=O)(c1ccccc1)c1ccccc1S(=O)(=O)c1ccccc1,1,13850297,CHEMBL3097436,CHEMBL3091446,CHEMBL3093359,False
7c22827c663313a28278bf90abc2b0e39305b454aa4b9b7005e6377dd9f60b26,CCOC(=O)C(CC)(CC)NC(=O)c1ccc(N2CC(OC)C2)c(OCC2CC2)n1,8.602059991327963,c1cnc(OCC2CC2)c(N2CCC2)c1,1,15610411,CHEMBL3584845,CHEMBL3580634,CHEMBL3582008,False
7c22827c663313a28278bf90abc2b0e39305b454aa4b9b7005e6377dd9f60b26,CCOC(=O)C(CC)(CC)NC(=O)c1ccc(N2CC(O[11CH3])C2)c(OCC2CC2)n1,8.602059991327963,c1cnc(OCC2CC2)c(N2CCC2)c1,1,15610390,CHEMBL3584845,CHEMBL3580634,CHEMBL3582029,False
7c65641e6418e1cd3ee869e23a08aabc2b58aecb96a2a622c57109ec42de656b,CSc1c(C(=O)NN2CCCCC2)nn(-c2ccc(Cl)cc2Cl)c1-c1ccc(Cl)cc1,6.094743951251549,O=C(NN1CCCCC1)c1cc(-c2ccccc2)n(-c2ccccc2)n1,1,3278138,CHEMBL1103906,CHEMBL1157923,CHEMBL1088245,False
7c65641e6418e1cd3ee869e23a08aabc2b58aecb96a2a622c57109ec42de656b,CSc1c(C(=O)NN2CCCCCC2)nn(-c2ccc(Cl)cc2Cl)c1-c1ccc(Cl)cc1,6.430626090384954,O=C(NN1CCCCCC1)c1cc(-c2ccccc2)n(-c2ccccc2)n1,1,3278134,CHEMBL1103906,CHEMBL1157923,CHEMBL1088376,False
7cce95a66ac4bae2e9b6b548390f4ed212eaab983f751a9301f5b3d4ffe14474,CCCCCn1cc(C(=O)NC2CCCCC2)c(=O)c2c(C)nn(C)c21,7.070581074285707,O=C(NC1CCCCC1)c1c[nH]c2[nH]ncc2c1=O,1,12619646,CHEMBL2319554,CHEMBL2311525,CHEMBL2316285,False
7cce95a66ac4bae2e9b6b548390f4ed212eaab983f751a9301f5b3d4ffe14474,CCCCCn1cc(C(=O)NC2CCCCCC2)c(=O)c2c(C)nn(C)c21,7.950781977329818,O=C(NC1CCCCCC1)c1c[nH]c2[nH]ncc2c1=O,1,12619633,CHEMBL2319554,CHEMBL2311525,CHEMBL2316298,False
7e09895a3020c8daf894b14243aa0e56f92fe6573e1681dd5b08cbb7dd4bbb5e,CCCC[Si](C)(C)c1cc(O)c(C2CCCCC2)c(O)c1,7.503208684299958,c1ccc(C2CCCCC2)cc1,1,24666748,CHEMBL5098552,CHEMBL5096202,CHEMBL5179308,False
7e09895a3020c8daf894b14243aa0e56f92fe6573e1681dd5b08cbb7dd4bbb5e,CCCC[Si](C)(C)c1cc(O)c(C2CCCCCC2)c(O)c1,7.196952789508871,c1ccc(C2CCCCCC2)cc1,1,24666749,CHEMBL5098552,CHEMBL5096202,CHEMBL5195978,False
7ec015272886afebd3268204e5b629cb30ad75499902d958dd8b338ec565480c,CCCCCCC(C)(C)c1cc(O)cc(OCCCCCCCC(=O)OC(CO)CO)c1,6.102372908709558,c1ccccc1,1,7944820,CHEMBL1926463,CHEMBL1921750,CHEMBL1923762,False
7ec015272886afebd3268204e5b629cb30ad75499902d958dd8b338ec565480c,CCCCCCC(C)(C)c1cc(O)cc(OCCCCCCCCCCC(=O)OC(CO)CO)c1,6.102372908709558,c1ccccc1,1,7944821,CHEMBL1926463,CHEMBL1921750,CHEMBL1923763,False
7ec015272886afebd3268204e5b629cb30ad75499902d958dd8b338ec565480c,CCCCCCC(C)(C)c1cc(O)cc(OCCCCCCCCCCCC(=O)OC(CO)CO)c1,6.096910013008056,c1ccccc1,1,7944822,CHEMBL1926463,CHEMBL1921750,CHEMBL1923764,False
7ef4e5ce7f694271383d6ff7ab6e98b1b5ccf2b57687a640fd8554dd43d945f0,CC1(C)Oc2cc(C3(CCCCCCC#N)CCCC3)cc(O)c2[C@@H]2C[C@H](CO)CC[C@H]21,8.853871964321762,c1cc2c(cc1C1CCCC1)OCC1CCCCC21,1,24382914,CHEMBL5039169,CHEMBL5038575,CHEMBL5071417,False
7ef4e5ce7f694271383d6ff7ab6e98b1b5ccf2b57687a640fd8554dd43d945f0,CC1(C)Oc2cc(C3(CCCCCCCC#N)CCCC3)cc(O)c2[C@@H]2C[C@H](CO)CC[C@H]21,9.397940008672036,c1cc2c(cc1C1CCCC1)OCC1CCCCC21,1,24382915,CHEMBL5039169,CHEMBL5038575,CHEMBL5080279,False
82b10465cdcede5f6ba4b9cfeee696c0a2e6f51644cd0d6ac48d8b40d57c6f6b,CC1CCC(NC(=O)c2cc3cccnc3n(Cc3ccc(F)cc3)c2=O)CC1,9.045757490560677,O=C(NC1CCCCC1)c1cc2cccnc2n(Cc2ccccc2)c1=O,1,2622727,CHEMBL998034,CHEMBL1136929,CHEMBL466651,True
82b10465cdcede5f6ba4b9cfeee696c0a2e6f51644cd0d6ac48d8b40d57c6f6b,C[C@H]1CC[C@@H](NC(=O)c2cc3cccnc3n(Cc3ccc(F)cc3)c2=O)CC1,9.154901959985745,O=C(NC1CCCCC1)c1cc2cccnc2n(Cc2ccccc2)c1=O,1,2622726,CHEMBL998034,CHEMBL1136929,CHEMBL466047,False
82b10465cdcede5f6ba4b9cfeee696c0a2e6f51644cd0d6ac48d8b40d57c6f6b,C[C@H]1CC[C@H](NC(=O)c2cc3cccnc3n(Cc3ccc(F)cc3)c2=O)CC1,8.045757490560675,O=C(NC1CCCCC1)c1cc2cccnc2n(Cc2ccccc2)c1=O,1,2622737,CHEMBL998034,CHEMBL1136929,CHEMBL512063,False
82e84b93ac0f7e43b138cd0167d7f13af6f8246dd7df78020379840b6983e4e7,CCCCCCC(C)(C)c1ccc([C@@H]2CCC[C@@H](O)C2)cc1,6.7495799976911055,c1ccc(C2CCCCC2)cc1,1,2130223,CHEMBL921109,CHEMBL1144670,CHEMBL260130,False
82e84b93ac0f7e43b138cd0167d7f13af6f8246dd7df78020379840b6983e4e7,CCCCCCCC(C)(C)c1ccc([C@@H]2CCC[C@@H](O)C2)cc1,6.8124792791635365,c1ccc(C2CCCCC2)cc1,1,2130222,CHEMBL921109,CHEMBL1144670,CHEMBL265933,False
82e84b93ac0f7e43b138cd0167d7f13af6f8246dd7df78020379840b6983e4e7,CCCCCCCCC(C)(C)c1ccc([C@@H]2CCC[C@@H](O)C2)cc1,5.9677842967020185,c1ccc(C2CCCCC2)cc1,1,2130221,CHEMBL921109,CHEMBL1144670,CHEMBL265934,False
85b940e51f5ae8d2fada705b1e51a6c7ea17b5ce1c53c7b0245105bfd78d0e7a,CCCCCn1cc(C(=O)NC2CCCCC2)c(=O)n2nc(C)cc12,7.657577319177793,O=C(NC1CCCCC1)c1c[nH]c2ccnn2c1=O,1,13299848,CHEMBL2383561,CHEMBL2380310,CHEMBL2381802,False
85b940e51f5ae8d2fada705b1e51a6c7ea17b5ce1c53c7b0245105bfd78d0e7a,CCCCCn1cc(C(=O)NC2CCCCCC2)c(=O)n2nc(C)cc12,7.987162775294828,O=C(NC1CCCCCC1)c1c[nH]c2ccnn2c1=O,1,13299847,CHEMBL2383561,CHEMBL2380310,CHEMBL2381803,False
87b84e25108ada8644cd95c36babd9df8e009db62b1638e6c0765c4401734476,Cc1c(C(=O)NC2CCCCC2)nn(-c2ccc(Cl)c(Cl)c2)c1-n1cccc1,8.769551078621726,O=C(NC1CCCCC1)c1cc(-n2cccc2)n(-c2ccccc2)n1,1,2115173,CHEMBL933207,CHEMBL1142276,CHEMBL272203,False
87b84e25108ada8644cd95c36babd9df8e009db62b1638e6c0765c4401734476,Cc1c(C(=O)NC2CCCCCC2)nn(-c2ccc(Cl)c(Cl)c2)c1-n1cccc1,8.886056647693163,O=C(NC1CCCCCC1)c1cc(-n2cccc2)n(-c2ccccc2)n1,1,2914131,CHEMBL1049259,CHEMBL1154113,CHEMBL576549,False
8c64b4455fc1aec27cb065e5ae1c8041502cb3bb360529e80ff79d3c6ccfcd58,O=C(NC1CCCCC1)c1cccn(Cc2ccccc2)c1=O,6.698970004336019,O=C(NC1CCCCC1)c1cccn(Cc2ccccc2)c1=O,1,10866726,CHEMBL2027757,CHEMBL2021892,CHEMBL2022695,False
8c64b4455fc1aec27cb065e5ae1c8041502cb3bb360529e80ff79d3c6ccfcd58,O=C(NC1CCCCCC1)c1cccn(Cc2ccccc2)c1=O,8.096910013008056,O=C(NC1CCCCCC1)c1cccn(Cc2ccccc2)c1=O,1,13912593,CHEMBL3119423,CHEMBL3112511,CHEMBL3114349,False
8e21acf91748793dee107646444c3971da6a2c83735495a495ed201583f862d3,CCCCCn1cc(C(=O)NC2CCCCC2)c(=O)n2nc(C(C)(C)C)cc12,7.910094888560602,O=C(NC1CCCCC1)c1c[nH]c2ccnn2c1=O,1,13299840,CHEMBL2383561,CHEMBL2380310,CHEMBL2381810,False
8e21acf91748793dee107646444c3971da6a2c83735495a495ed201583f862d3,CCCCCn1cc(C(=O)NC2CCCCCC2)c(=O)n2nc(C(C)(C)C)cc12,8.141462802430361,O=C(NC1CCCCCC1)c1c[nH]c2ccnn2c1=O,1,13299839,CHEMBL2383561,CHEMBL2380310,CHEMBL2381811,False
9126ffbf3ad205ca25c609764850f53349728df438afcdf734b11920200c7e09,CCCCCCCN1C(=O)C2C3c4ccccc4C(C)(c4ccccc43)C2C1=O,6.008773924307505,O=C1NC(=O)C2C3c4ccccc4C(c4ccccc43)C12,1,18986538,CHEMBL4340152,CHEMBL4339223,CHEMBL4448334,True
9126ffbf3ad205ca25c609764850f53349728df438afcdf734b11920200c7e09,CCCCCCN1C(=O)C2C3c4ccccc4C(C)(c4ccccc43)C2C1=O,5.995678626217357,O=C1NC(=O)C2C3c4ccccc4C(c4ccccc43)C12,1,18986539,CHEMBL4340152,CHEMBL4339223,CHEMBL4461463,True
927e26ed2fb034c3830ab80378dbe36a65581f9ed230aa40125d7be0e6193159,CC1CCC(NC(=O)c2cc3cc(-c4cccs4)cnc3n(Cc3ccc(F)cc3)c2=O)CC1,8.732828271596986,O=C(NC1CCCCC1)c1cc2cc(-c3cccs3)cnc2n(Cc2ccccc2)c1=O,1,15078016,CHEMBL3383059,CHEMBL3352718,CHEMBL3353444,True
927e26ed2fb034c3830ab80378dbe36a65581f9ed230aa40125d7be0e6193159,C[C@H]1CC[C@@H](NC(=O)c2cc3cc(-c4cccs4)cnc3n(Cc3ccc(F)cc3)c2=O)CC1,9.017728766960431,O=C(NC1CCCCC1)c1cc2cc(-c3cccs3)cnc2n(Cc2ccccc2)c1=O,1,15078018,CHEMBL3383059,CHEMBL3352718,CHEMBL3353446,False
927e26ed2fb034c3830ab80378dbe36a65581f9ed230aa40125d7be0e6193159,C[C@H]1CC[C@H](NC(=O)c2cc3cc(-c4cccs4)cnc3n(Cc3ccc(F)cc3)c2=O)CC1,7.18309616062434,O=C(NC1CCCCC1)c1cc2cc(-c3cccs3)cnc2n(Cc2ccccc2)c1=O,1,15078017,CHEMBL3383059,CHEMBL3352718,CHEMBL3353445,False
930fdf83d00cb1bd326294ec4ae5cc62b50034219a2b007a3b5564b0c413611e,CCCCCc1cc(O)cc(OCCCCCCCC(=O)N[C@H](C)CO)c1,6.9233595563296575,c1ccccc1,1,15052077,CHEMBL3379966,CHEMBL3351868,CHEMBL3323672,False
930fdf83d00cb1bd326294ec4ae5cc62b50034219a2b007a3b5564b0c413611e,CCCCCc1cc(O)cc(OCCCCCCCCCCC(=O)N[C@H](C)CO)c1,7.012333735073725,c1ccccc1,1,15052076,CHEMBL3379966,CHEMBL3351868,CHEMBL3323673,False
94805ea64c42e9cb6ab3aa4cd776e87380261e9e308ec7385540519bb449667c,CC1(C)Oc2cc(C3(CCCCCBr)CCCC3)cc(O)c2[C@@H]2CC(=O)CC[C@H]21,8.87942606879415,O=C1CCC2COc3cc(C4CCCC4)ccc3C2C1,1,3508909,CHEMBL1259271,CHEMBL1255228,CHEMBL1259037,False
94805ea64c42e9cb6ab3aa4cd776e87380261e9e308ec7385540519bb449667c,CC1(C)Oc2cc(C3(CCCCCCBr)CCCC3)cc(O)c2[C@@H]2CC(=O)CC[C@H]21,8.51999305704285,O=C1CCC2COc3cc(C4CCCC4)ccc3C2C1,1,3508910,CHEMBL1259271,CHEMBL1255228,CHEMBL1259038,False
98ce33c01cce4edc379ca0553ce4b9e290efe66bd2c81f5f8c38c349c6784b1c,CCCCCCc1ccc(O)cc1OCCCCCCCC(=O)OC(CO)CO,5.7447274948966935,c1ccccc1,1,7944818,CHEMBL1926463,CHEMBL1921750,CHEMBL1923760,False
98ce33c01cce4edc379ca0553ce4b9e290efe66bd2c81f5f8c38c349c6784b1c,CCCCCCc1ccc(O)cc1OCCCCCCCCCCC(=O)OC(CO)CO,5.7447274948966935,c1ccccc1,1,7944819,CHEMBL1926463,CHEMBL1921750,CHEMBL1923761,False
9abb750746a46c0cfe82bf8b16aae56f75b4c2610ddb2c125452608d197ed55f,O=C(NN1CCCC1)c1nn(-c2ccc(Cl)cc2Cl)c2c1Cc1cc(C3CCCCC3)ccc1-2,6.288192770958808,O=C(NN1CCCC1)c1nn(-c2ccccc2)c2c1Cc1cc(C3CCCCC3)ccc1-2,1,16511728,CHEMBL3782504,CHEMBL3779789,CHEMBL3780680,False
9abb750746a46c0cfe82bf8b16aae56f75b4c2610ddb2c125452608d197ed55f,O=C(NN1CCCCC1)c1nn(-c2ccc(Cl)cc2Cl)c2c1Cc1cc(C3CCCCC3)ccc1-2,6.293282217663242,O=C(NN1CCCCC1)c1nn(-c2ccccc2)c2c1Cc1cc(C3CCCCC3)ccc1-2,1,16511741,CHEMBL3782504,CHEMBL3779789,CHEMBL3781351,False
9b8379e29d612b8e1235e719b913f21f6c02d6a49b9cf1cedbc6a06a4adde1d0,Cc1cc(-c2cc(C(=O)N[C@H]3CC[C@@H](C)CC3)c(=O)n(Cc3ccc(F)cc3)n2)ccc1Cl,8.698970004336019,O=C(NC1CCCCC1)c1cc(-c2ccccc2)nn(Cc2ccccc2)c1=O,1,17981843,CHEMBL3998733,CHEMBL3997787,CHEMBL4088509,False
9b8379e29d612b8e1235e719b913f21f6c02d6a49b9cf1cedbc6a06a4adde1d0,Cc1cc(-c2cc(C(=O)N[C@H]3CC[C@H](C)CC3)c(=O)n(Cc3ccc(F)cc3)n2)ccc1Cl,8.045757490560675,O=C(NC1CCCCC1)c1cc(-c2ccccc2)nn(Cc2ccccc2)c1=O,1,17981842,CHEMBL3998733,CHEMBL3997787,CHEMBL4085733,False
9b983abab23056c8bda5805f008a67358e873cb165fb8a48ab155b7fed2e55e4,CC1(C)Oc2cc(C3(CCCCCCCN=[N+]=[N-])CCCC3)cc(O)c2[C@@H]2C[C@H](CO)CC[C@H]21,8.823908740944319,c1cc2c(cc1C1CCCC1)OCC1CCCCC21,1,24382909,CHEMBL5039169,CHEMBL5038575,CHEMBL5080450,True
9b983abab23056c8bda5805f008a67358e873cb165fb8a48ab155b7fed2e55e4,CC1(C)Oc2cc(C3(CCCCCCN=[N+]=[N-])CCCC3)cc(O)c2[C@@H]2C[C@H](CO)CC[C@H]21,9.096910013008056,c1cc2c(cc1C1CCCC1)OCC1CCCCC21,1,24382908,CHEMBL5039169,CHEMBL5038575,CHEMBL5077315,True
9be758923254977442ff8f998211adfb338d7bbe144ffb209dc1bae3765c418f,C/N=C(\NS(=O)(=O)N1CCCCCC1)N1CC(c2ccccc2)C(c2ccc(Cl)cc2)=N1,5.986320302708807,N=C(NS(=O)(=O)N1CCCCCC1)N1CC(c2ccccc2)C(c2ccccc2)=N1,1,1601639,CHEMBL884803,CHEMBL1143468,CHEMBL197040,True
9be758923254977442ff8f998211adfb338d7bbe144ffb209dc1bae3765c418f,C/N=C(\NS(=O)(=O)N1CCCCCCC1)N1CC(c2ccccc2)C(c2ccc(Cl)cc2)=N1,5.587707490676953,N=C(NS(=O)(=O)N1CCCCCCC1)N1CC(c2ccccc2)C(c2ccccc2)=N1,1,1601642,CHEMBL884803,CHEMBL1143468,CHEMBL197099,True
9bf853658aecbbf0b40a94114304699478a6b31d0cc8f6f87aaf9d73917e9518,CCCCCCC(C)(C)c1cccc(OCC/C=C\C/C=C\C/C=C\CCCC(=O)N[C@H](C)CO)c1,6.723538195826755,c1ccccc1,1,2045801,CHEMBL925003,CHEMBL1140469,CHEMBL240527,False
9bf853658aecbbf0b40a94114304699478a6b31d0cc8f6f87aaf9d73917e9518,CCCCCCC(C)(C)c1cccc(OCC/C=C\C/C=C\CCCC(=O)N[C@H](C)CO)c1,7.667965722972482,c1ccccc1,1,2045800,CHEMBL925003,CHEMBL1140469,CHEMBL391858,False
9c218c1cdb17ca9908f2cf8acdbe6af7697e3fa5844fcc04234e992e7689db90,CCCCCn1cc(C(=O)NC2CCCCC2)c(=O)n2nc(-c3ccco3)cc12,8.021363051615525,O=C(NC1CCCCC1)c1c[nH]c2cc(-c3ccco3)nn2c1=O,1,13299818,CHEMBL2383561,CHEMBL2380310,CHEMBL2381672,False
9c218c1cdb17ca9908f2cf8acdbe6af7697e3fa5844fcc04234e992e7689db90,CCCCCn1cc(C(=O)NC2CCCCCC2)c(=O)n2nc(-c3ccco3)cc12,8.18243463044022,O=C(NC1CCCCCC1)c1c[nH]c2cc(-c3ccco3)nn2c1=O,1,13299817,CHEMBL2383561,CHEMBL2380310,CHEMBL2381673,False
9f65fd31f8a642c9a5646f6d1bbd16a4512d895c861b29988ea8a7efd21a0d4d,Cc1c(C(=O)NC2CCCCC2)nn(-c2ccc(F)cc2F)c1-n1c(C)ccc1C,6.2441251443275085,O=C(NC1CCCCC1)c1cc(-n2cccc2)n(-c2ccccc2)n1,1,2115227,CHEMBL933207,CHEMBL1142276,CHEMBL269919,False
9f65fd31f8a642c9a5646f6d1bbd16a4512d895c861b29988ea8a7efd21a0d4d,Cc1c(C(=O)NC2CCCCCC2)nn(-c2ccc(F)cc2F)c1-n1c(C)ccc1C,6.958607314841775,O=C(NC1CCCCCC1)c1cc(-n2cccc2)n(-c2ccccc2)n1,1,2914102,CHEMBL1049259,CHEMBL1154113,CHEMBL572860,False
9fb3b4e82cabe6faf9b3006803e648f4aedb1882dc7422d17026ce2e45ef3949,CCCCCCC(C)(C)c1cc(O)cc(OCCCCCCCC(=O)NCC2CC2)c1,7.484279608680778,O=C(CCCCCCCOc1ccccc1)NCC1CC1,2,2422643;2422716,CHEMBL961829,CHEMBL1153817,CHEMBL484887,False
9fb3b4e82cabe6faf9b3006803e648f4aedb1882dc7422d17026ce2e45ef3949,CCCCCCC(C)(C)c1cc(O)cc(OCCCCCCCCCCC(=O)NCC2CC2)c1,7.477985045026767,O=C(CCCCCCCCCCOc1ccccc1)NCC1CC1,2,2422644;2422718,CHEMBL961829,CHEMBL1153817,CHEMBL484888,False
9fb3b4e82cabe6faf9b3006803e648f4aedb1882dc7422d17026ce2e45ef3949,CCCCCCC(C)(C)c1cc(O)cc(OCCCCCCCCCCCC(=O)NCC2CC2)c1,6.210923460899194,O=C(CCCCCCCCCCCOc1ccccc1)NCC1CC1,2,2422645;2422720,CHEMBL961829,CHEMBL1153817,CHEMBL483670,False
a12e9b302e2fc424dc591a330a9e37af7e000ea3c9e6d05d96360f41fbf16f20,CCCCCCc1ccc(OCCCCCC(=O)NCCO)cc1O,5.191789027075778,c1ccccc1,1,1846073,CHEMBL914887,CHEMBL1139484,CHEMBL224574,False
a12e9b302e2fc424dc591a330a9e37af7e000ea3c9e6d05d96360f41fbf16f20,CCCCCCc1ccc(OCCCCCCCC(=O)NCCO)cc1O,5.619788758288394,c1ccccc1,1,1887188,CHEMBL906559,CHEMBL1143734,CHEMBL228509,False
a12e9b302e2fc424dc591a330a9e37af7e000ea3c9e6d05d96360f41fbf16f20,CCCCCCc1ccc(OCCCCCCCCCCC(=O)NCCO)cc1O,5.568636235841012,c1ccccc1,1,1846071,CHEMBL914887,CHEMBL1139484,CHEMBL224461,False
a31ca1351b4c42a7e2c9b001eb88e7640cb74a3af3febe23c60ff6ab518fcd53,CCCCCOc1ccccc1-c1cc(C(=O)NC2CCCCC2)no1,7.642065152999546,O=C(NC1CCCCC1)c1cc(-c2ccccc2)on1,1,13405016,CHEMBL2415544,CHEMBL2413003,CHEMBL2414033,False
a31ca1351b4c42a7e2c9b001eb88e7640cb74a3af3febe23c60ff6ab518fcd53,CCCCCOc1ccccc1-c1cc(C(=O)NC2CCCCCC2)no1,7.216096420727265,O=C(NC1CCCCCC1)c1cc(-c2ccccc2)on1,1,13405014,CHEMBL2415544,CHEMBL2413003,CHEMBL2414035,False
a31ca1351b4c42a7e2c9b001eb88e7640cb74a3af3febe23c60ff6ab518fcd53,CCCCCOc1ccccc1-c1cc(C(=O)NC2CCCCCCC2)no1,7.133712660915805,O=C(NC1CCCCCCC1)c1cc(-c2ccccc2)on1,1,13405013,CHEMBL2415544,CHEMBL2413003,CHEMBL2414036,False
a5fd92980679e818a6d5a5dfc1b3cf7851020a10c8691b5a0a526f4d2c829b04,CCCCCCC(C)(C)c1cc(O)cc(OCCCCCCCC(=O)NC2CC2)c1,8.101194173080083,O=C(CCCCCCCOc1ccccc1)NC1CC1,2,2422638;2422706,CHEMBL961829,CHEMBL1153817,CHEMBL490648,False
a5fd92980679e818a6d5a5dfc1b3cf7851020a10c8691b5a0a526f4d2c829b04,CCCCCCC(C)(C)c1cc(O)cc(OCCCCCCCCCCC(=O)NC2CC2)c1,8.101194173080083,O=C(CCCCCCCCCCOc1ccccc1)NC1CC1,2,2422639;2422708,CHEMBL961829,CHEMBL1153817,CHEMBL489251,False
a5fd92980679e818a6d5a5dfc1b3cf7851020a10c8691b5a0a526f4d2c829b04,CCCCCCC(C)(C)c1cc(O)cc(OCCCCCCCCCCCC(=O)NC2CC2)c1,7.699513552156626,O=C(CCCCCCCCCCCOc1ccccc1)NC1CC1,2,2422640;2422710,CHEMBL961829,CHEMBL1153817,CHEMBL489252,False
a67a0713cffc1a251bf38480bbc33e20317d1f9a6d612388a1ef227642ef900c,O=C(NC1CCCCC1)c1cc2ccccc2n(Cc2ccc(F)cc2)c1=O,8.537602002101044,O=C(NC1CCCCC1)c1cc2ccccc2n(Cc2ccccc2)c1=O,1,10866735,CHEMBL2027757,CHEMBL2021892,CHEMBL2022361,False
a67a0713cffc1a251bf38480bbc33e20317d1f9a6d612388a1ef227642ef900c,O=C(NC1CCCCCC1)c1cc2ccccc2n(Cc2ccc(F)cc2)c1=O,9.602059991327964,O=C(NC1CCCCCC1)c1cc2ccccc2n(Cc2ccccc2)c1=O,1,10866733,CHEMBL2027757,CHEMBL2021892,CHEMBL2022363,False
a6a6d9c03cafa5c6e68b7e3c51455d9ba073010e599a524f4e8a38bf2b4227b1,COCCn1c(C)c(C)s/c1=N\C(=O)C1C(C)(C)C1(C)C,9.193820026016112,O=C(N=c1[nH]ccs1)C1CC1,1,5205751,CHEMBL1670561,CHEMBL1667752,CHEMBL1668519,False
a6a6d9c03cafa5c6e68b7e3c51455d9ba073010e599a524f4e8a38bf2b4227b1,Cc1s/c(=N\C(=O)C2C(C)(C)C2(C)C)n(CCO[11CH3])c1C,9.193820026016112,O=C(N=c1[nH]ccs1)C1CC1,1,13850295,CHEMBL3097436,CHEMBL3091446,CHEMBL1254015,False
a87f37ada2eaa7198ca45dbc5950c46396715cd271f309ea6069f5dacf1789e1,CC1CCC(NC(=O)c2cc3cccnc3n(CCCCCCF)c2=O)CC1,8.835647144215564,O=C(NC1CCCCC1)c1cc2cccnc2[nH]c1=O,1,15078006,CHEMBL3383059,CHEMBL3352718,CHEMBL3353438,True
a87f37ada2eaa7198ca45dbc5950c46396715cd271f309ea6069f5dacf1789e1,CC1CCC(NC(=O)c2cc3cccnc3n(CCCCCF)c2=O)CC1,9.2518119729938,O=C(NC1CCCCC1)c1cc2cccnc2[nH]c1=O,1,15078005,CHEMBL3383059,CHEMBL3352718,CHEMBL3353437,True
ae89f4661d0b5b6741c88b837404601738c7ec41205f7e729d49f7ad5795d77b,CCCCCCCNc1ccc(-c2ccccc2)cc1C(=O)NC12CC3CC(CC(C3)C1)C2,5.928117992693874,O=C(NC12CC3CC(CC(C3)C1)C2)c1cccc(-c2ccccc2)c1,1,25462072,CHEMBL5321836,CHEMBL5321210,CHEMBL5415690,True
ae89f4661d0b5b6741c88b837404601738c7ec41205f7e729d49f7ad5795d77b,CCCCCCNc1ccc(-c2ccccc2)cc1C(=O)NC12CC3CC(CC(C3)C1)C2,6.6790233226571765,O=C(NC12CC3CC(CC(C3)C1)C2)c1cccc(-c2ccccc2)c1,1,25462071,CHEMBL5321836,CHEMBL5321210,CHEMBL5418589,True
aeade6603c2252b8a7b75eb4f9791b81c4959759a68c9338da5766f5eeb1010a,CCCCCn1cc(C(=O)NC2CCCCC2)c(=O)c2c(C)csc21,7.910094888560602,O=C(NC1CCCCC1)c1c[nH]c2sccc2c1=O,1,12619611,CHEMBL2319554,CHEMBL2311525,CHEMBL2316282,False
aeade6603c2252b8a7b75eb4f9791b81c4959759a68c9338da5766f5eeb1010a,CCCCCn1cc(C(=O)NC2CCCCCC2)c(=O)c2c(C)csc21,8.158015195409886,O=C(NC1CCCCCC1)c1c[nH]c2sccc2c1=O,1,12619610,CHEMBL2319554,CHEMBL2311525,CHEMBL2316283,False
af19387cf0163bdc88f0e42d1f4cca4ee79de2232ba15272502126aee5a8bdd5,CCCCCCC(C)(C)c1ccc([C@@H]2C[C@H](O)CC[C@H]2CCCO)cc1,6.623423042943488,c1ccc(C2CCCCC2)cc1,1,2130214,CHEMBL921109,CHEMBL1144670,CHEMBL408777,False
af19387cf0163bdc88f0e42d1f4cca4ee79de2232ba15272502126aee5a8bdd5,CCCCCCCC(C)(C)c1ccc([C@@H]2C[C@H](O)CC[C@H]2CCCO)cc1,6.761953896871205,c1ccc(C2CCCCC2)cc1,1,2130213,CHEMBL921109,CHEMBL1144670,CHEMBL259723,False
af19387cf0163bdc88f0e42d1f4cca4ee79de2232ba15272502126aee5a8bdd5,CCCCCCCCC(C)(C)c1ccc([C@@H]2C[C@H](O)CC[C@H]2CCCO)cc1,6.375717904164332,c1ccc(C2CCCCC2)cc1,1,2130212,CHEMBL921109,CHEMBL1144670,CHEMBL259518,False
b1d4e86958ffa3faea0b648e8e95f2e5a90b6e4662db5fbdd67c274788e35965,CCOCCn1cc(C(=O)NC23CC4CC(CC(C4)C2)C3)c(=O)c2cccc(OC)c21,9.154901959985745,O=C(NC12CC3CC(CC(C3)C1)C2)c1c[nH]c2ccccc2c1=O,1,15199881,CHEMBL3413748,CHEMBL3407340,CHEMBL3409318,True
b1d4e86958ffa3faea0b648e8e95f2e5a90b6e4662db5fbdd67c274788e35965,CCOCCn1cc(C(=O)NC23CC4CC(CC(C4)C2)C3)c(=O)c2cccc(O[11CH3])c21,9.154901959985745,O=C(NC12CC3CC(CC(C3)C1)C2)c1c[nH]c2ccccc2c1=O,1,18138855,CHEMBL4030393,CHEMBL4028847,CHEMBL3409321,True
b2408468753521abade93aee25a61d9b2a9687c5de41937f88347bd5f0c45a91,COc1ccc(-c2cc(Cc3ccc(F)cc3)c(OC)c(C(=O)N[C@H]3CC[C@@H](C)CC3)c2)cc1,6.707743928643524,O=C(NC1CCCCC1)c1cc(Cc2ccccc2)cc(-c2ccccc2)c1,1,16575997,CHEMBL3802220,CHEMBL3797038,CHEMBL3799538,False
b2408468753521abade93aee25a61d9b2a9687c5de41937f88347bd5f0c45a91,COc1ccc(-c2cc(Cc3ccc(F)cc3)c(OC)c(C(=O)N[C@H]3CC[C@H](C)CC3)c2)cc1,6.090979145788844,O=C(NC1CCCCC1)c1cc(Cc2ccccc2)cc(-c2ccccc2)c1,1,16575998,CHEMBL3802220,CHEMBL3797038,CHEMBL3797983,False
b7f12c4257ac1bec3cf5c549ca235f3f36103c9c506864f42f4ae1d65b5edfb1,Cc1c(C(=O)NCC2CCC(CNS(C)(=O)=O)CC2)nn(-c2ccc(Cl)cc2Cl)c1-c1ccc(Cl)cc1,6.045757490560675,O=C(NCC1CCCCC1)c1cc(-c2ccccc2)n(-c2ccccc2)n1,1,6386898,CHEMBL1838496,CHEMBL1833971,CHEMBL1834019,True
b7f12c4257ac1bec3cf5c549ca235f3f36103c9c506864f42f4ae1d65b5edfb1,Cc1c(C(=O)NC[C@H]2CC[C@@H](CNS(C)(=O)=O)CC2)nn(-c2ccc(Cl)cc2Cl)c1-c1ccc(Cl)cc1,6.017728766960431,O=C(NCC1CCCCC1)c1cc(-c2ccccc2)n(-c2ccccc2)n1,1,6386897,CHEMBL1838496,CHEMBL1833971,CHEMBL1834021,False
b9e11378a09634d07d431657394836de5a31427dccb71bb64ed91d748dffcf9b,CCCCCCC(C)(C)c1ccc([C@H]2CCC[C@@H](O)C2)cc1,6.636388020107855,c1ccc(C2CCCCC2)cc1,1,2130231,CHEMBL921109,CHEMBL1144670,CHEMBL263386,False
b9e11378a09634d07d431657394836de5a31427dccb71bb64ed91d748dffcf9b,CCCCCCCC(C)(C)c1ccc([C@H]2CCC[C@@H](O)C2)cc1,6.172630726946174,c1ccc(C2CCCCC2)cc1,1,2130230,CHEMBL921109,CHEMBL1144670,CHEMBL262336,False
b9e11378a09634d07d431657394836de5a31427dccb71bb64ed91d748dffcf9b,CCCCCCCCC(C)(C)c1ccc([C@H]2CCC[C@@H](O)C2)cc1,5.950781977329818,c1ccc(C2CCCCC2)cc1,1,2130229,CHEMBL921109,CHEMBL1144670,CHEMBL262337,False
ba80458353718c57705e49134a5738696b5b6ce66aaabff38298a217afd111ce,Cc1c(C(=O)NCC2CCC(CNS(N)(=O)=O)CC2)nn(-c2ccc(Cl)cc2Cl)c1-c1ccc(Cl)cc1,5.636388020107855,O=C(NCC1CCCCC1)c1cc(-c2ccccc2)n(-c2ccccc2)n1,1,6386892,CHEMBL1838496,CHEMBL1833971,CHEMBL1834020,True
ba80458353718c57705e49134a5738696b5b6ce66aaabff38298a217afd111ce,Cc1c(C(=O)NC[C@H]2CC[C@@H](CNS(N)(=O)=O)CC2)nn(-c2ccc(Cl)cc2Cl)c1-c1ccc(Cl)cc1,5.747146969020107,O=C(NCC1CCCCC1)c1cc(-c2ccccc2)n(-c2ccccc2)n1,1,6386894,CHEMBL1838496,CHEMBL1833971,CHEMBL1834277,False
bbea03441bfb701fedb78fe1948f222d628983d277f1403fd01aea26d175463b,COc1c(C)cc(-c2ccc(F)cc2)cc1C(=O)N[C@H]1CC[C@@H](C)CC1,7.221848749616356,O=C(NC1CCCCC1)c1cccc(-c2ccccc2)c1,1,15156852,CHEMBL3399659,CHEMBL3397007,CHEMBL3397519,False
bbea03441bfb701fedb78fe1948f222d628983d277f1403fd01aea26d175463b,COc1c(C)cc(-c2ccc(F)cc2)cc1C(=O)N[C@H]1CC[C@H](C)CC1,7.045757490560675,O=C(NC1CCCCC1)c1cccc(-c2ccccc2)c1,1,15156851,CHEMBL3399659,CHEMBL3397007,CHEMBL3397518,False
bdc8b856535d177724ca2e9d7a1bd0319172fa56535a8b69a598e793c90a1d18,CCCCCn1cc(C(=O)NC2CCCCC2)c(=O)c2c(-c3ccc(Cl)cc3)nn(C)c21,5.441291429466834,O=C(NC1CCCCC1)c1c[nH]c2[nH]nc(-c3ccccc3)c2c1=O,1,12619616,CHEMBL2319554,CHEMBL2311525,CHEMBL2316277,False
bdc8b856535d177724ca2e9d7a1bd0319172fa56535a8b69a598e793c90a1d18,CCCCCn1cc(C(=O)NC2CCCCCC2)c(=O)c2c(-c3ccc(Cl)cc3)nn(C)c21,5.548213564475709,O=C(NC1CCCCCC1)c1c[nH]c2[nH]nc(-c3ccccc3)c2c1=O,1,12619615,CHEMBL2319554,CHEMBL2311525,CHEMBL2316278,False
be2fbad482787bf0fd3f839d06d65aee4b3b8d1449fa11a3b758396920658314,Cc1c(C(=O)NCCCCCCCN(C)CCCCCCCNC(=O)c2nn(-c3ccc(Cl)cc3Cl)c(-c3ccc(Cl)cc3)c2C)nn(-c2ccc(Cl)cc2Cl)c1-c1ccc(Cl)cc1,6.165579296318468,O=C(NCCCCCCCNCCCCCCCNC(=O)c1cc(-c2ccccc2)n(-c2ccccc2)n1)c1cc(-c2ccccc2)n(-c2ccccc2)n1,1,3516740,CHEMBL1275186,CHEMBL1268814,CHEMBL1269770,False
be2fbad482787bf0fd3f839d06d65aee4b3b8d1449fa11a3b758396920658314,Cc1c(C(=O)NCCCCCN(C)CCCCCNC(=O)c2nn(-c3ccc(Cl)cc3Cl)c(-c3ccc(Cl)cc3)c2C)nn(-c2ccc(Cl)cc2Cl)c1-c1ccc(Cl)cc1,5.984221243610959,O=C(NCCCCCNCCCCCNC(=O)c1cc(-c2ccccc2)n(-c2ccccc2)n1)c1cc(-c2ccccc2)n(-c2ccccc2)n1,1,3516741,CHEMBL1275186,CHEMBL1268814,CHEMBL1269769,False
c153cf504511af8c17386fd366ba8f73ce484fbf1e424ae68dee5c1f8e40b09d,CCOc1ccc(Cc2nc3cc(C(=O)NCCCCCCNc4c5c(nc6ccccc46)CCCC5)ccc3n2CCC(C)C)cc1,5.017728766960431,O=C(NCCCCCCNc1c2c(nc3ccccc13)CCCC2)c1ccc2[nH]c(Cc3ccccc3)nc2c1,1,19054550,CHEMBL4356276,CHEMBL4354814,CHEMBL4558335,False
c153cf504511af8c17386fd366ba8f73ce484fbf1e424ae68dee5c1f8e40b09d,CCOc1ccc(Cc2nc3cc(C(=O)NCCCCCNc4c5c(nc6ccccc46)CCCC5)ccc3n2CCC(C)C)cc1,5.3979400086720375,O=C(NCCCCCNc1c2c(nc3ccccc13)CCCC2)c1ccc2[nH]c(Cc3ccccc3)nc2c1,1,19054549,CHEMBL4356276,CHEMBL4354814,CHEMBL4453905,False
c67956f277ce22dfaa48d99b25638cf74aa8404c4dbe279b7f0b20b3c4bc154d,O=C(NC1(C(=O)O)CCCC1)c1cc2c(n(CC3CCCCC3)c1=O)CCCCCC2,7.251811972993799,O=C(NC1CCCC1)c1cc2c(n(CC3CCCCC3)c1=O)CCCCCC2,1,10857006,CHEMBL2020075,CHEMBL2016545,CHEMBL2019080,False
c67956f277ce22dfaa48d99b25638cf74aa8404c4dbe279b7f0b20b3c4bc154d,O=C(NC1(C(=O)O)CCCCC1)c1cc2c(n(CC3CCCCC3)c1=O)CCCCCC2,8.173925197299173,O=C(NC1CCCCC1)c1cc2c(n(CC3CCCCC3)c1=O)CCCCCC2,1,10857007,CHEMBL2020075,CHEMBL2016545,CHEMBL2019081,False
c67956f277ce22dfaa48d99b25638cf74aa8404c4dbe279b7f0b20b3c4bc154d,O=C(NC1(C(=O)O)CCCCCCC1)c1cc2c(n(CC3CCCCC3)c1=O)CCCCCC2,8.207608310501746,O=C(NC1CCCCCCC1)c1cc2c(n(CC3CCCCC3)c1=O)CCCCCC2,1,10857003,CHEMBL2020075,CHEMBL2016545,CHEMBL2019078,False
c8f4cc64f28554ec5ac029cabe6c466d8a0a0924a97625a3935cc77f0127162d,O=C(NC1CCCCC1)c1cccn(Cc2ccc(F)cc2)c1=O,7.698970004336019,O=C(NC1CCCCC1)c1cccn(Cc2ccccc2)c1=O,1,10866725,CHEMBL2027757,CHEMBL2021892,CHEMBL2022696,False
c8f4cc64f28554ec5ac029cabe6c466d8a0a0924a97625a3935cc77f0127162d,O=C(NC1CCCCCC1)c1cccn(Cc2ccc(F)cc2)c1=O,8.10790539730952,O=C(NC1CCCCCC1)c1cccn(Cc2ccccc2)c1=O,1,10866723,CHEMBL2027757,CHEMBL2021892,CHEMBL2022698,False
ccfda737653b35100f10b281ecf8b265e481348b4131aed7c96719f89660d6ce,O=C(NC1CCCCC1)c1cc(-c2ccccc2)nn(Cc2ccc(F)cc2)c1=O,7.356547323513812,O=C(NC1CCCCC1)c1cc(-c2ccccc2)nn(Cc2ccccc2)c1=O,1,17981840,CHEMBL3998733,CHEMBL3997787,CHEMBL4077875,False
ccfda737653b35100f10b281ecf8b265e481348b4131aed7c96719f89660d6ce,O=C(NC1CCCCCC1)c1cc(-c2ccccc2)nn(Cc2ccc(F)cc2)c1=O,7.795880017344075,O=C(NC1CCCCCC1)c1cc(-c2ccccc2)nn(Cc2ccccc2)c1=O,1,17981839,CHEMBL3998733,CHEMBL3997787,CHEMBL4102128,False
d32d16879f204e31b71b0119c3dfda0c4ac1aacb7fadf2aa257793fef4c8a072,CCCCCn1cc(C(=O)NC2CCCCC2)c(=O)n2nc(-c3ccc(C)cc3)nc12,7.508638306165727,O=C(NC1CCCCC1)c1c[nH]c2nc(-c3ccccc3)nn2c1=O,1,16495478,CHEMBL3778963,CHEMBL3774386,CHEMBL3775199,False
d32d16879f204e31b71b0119c3dfda0c4ac1aacb7fadf2aa257793fef4c8a072,CCCCCn1cc(C(=O)NC2CCCCCC2)c(=O)n2nc(-c3ccc(C)cc3)nc12,7.657577319177793,O=C(NC1CCCCCC1)c1c[nH]c2nc(-c3ccccc3)nn2c1=O,1,16495477,CHEMBL3778963,CHEMBL3774386,CHEMBL3774721,False
d57c856e5a59768e9d80d4410d5876b8f1cb8163e37767f3eef86ca33a888def,CCCCCCCCN1C(=O)C2C3c4ccccc4C(c4ccccc43)C2C1=O,5.653647025549361,O=C1NC(=O)C2C3c4ccccc4C(c4ccccc43)C12,1,18986535,CHEMBL4340152,CHEMBL4339223,CHEMBL4443830,True
d57c856e5a59768e9d80d4410d5876b8f1cb8163e37767f3eef86ca33a888def,CCCCCCCN1C(=O)C2C3c4ccccc4C(c4ccccc43)C2C1=O,5.696803942579511,O=C1NC(=O)C2C3c4ccccc4C(c4ccccc43)C12,1,18986534,CHEMBL4340152,CHEMBL4339223,CHEMBL4457335,True
d57c856e5a59768e9d80d4410d5876b8f1cb8163e37767f3eef86ca33a888def,CCCCCCN1C(=O)C2C3c4ccccc4C(c4ccccc43)C2C1=O,5.686132779630847,O=C1NC(=O)C2C3c4ccccc4C(c4ccccc43)C12,1,18986533,CHEMBL4340152,CHEMBL4339223,CHEMBL4585014,True
d6eed11f03b62a06ed7df90ec22ba3198f4412fea3cf7d1b6d20e979fa8dd12c,CSc1c(C(=O)NN2CCCCC2)nc(-c2ccc(Cl)cc2Cl)n1-c1ccc(Cl)cc1,5.969805214643249,O=C(NN1CCCCC1)c1cn(-c2ccccc2)c(-c2ccccc2)n1,1,3278139,CHEMBL1103906,CHEMBL1157923,CHEMBL1088221,False
d6eed11f03b62a06ed7df90ec22ba3198f4412fea3cf7d1b6d20e979fa8dd12c,CSc1c(C(=O)NN2CCCCCC2)nc(-c2ccc(Cl)cc2Cl)n1-c1ccc(Cl)cc1,6.488116639021126,O=C(NN1CCCCCC1)c1cn(-c2ccccc2)c(-c2ccccc2)n1,1,3278135,CHEMBL1103906,CHEMBL1157923,CHEMBL1088507,False
d8408655145805642148c34ea307728be92add48398c14108dcbab463f57fc26,CCCCCC[Si](C)(C)c1cc(O)c(C2CCCCC2)c(OC)c1,6.782858362061719,c1ccc(C2CCCCC2)cc1,1,24666757,CHEMBL5098552,CHEMBL5096202,CHEMBL5196846,False
d8408655145805642148c34ea307728be92add48398c14108dcbab463f57fc26,CCCCCC[Si](C)(C)c1cc(O)c(C2CCCCCC2)c(OC)c1,7.172630726946174,c1ccc(C2CCCCCC2)cc1,1,24666758,CHEMBL5098552,CHEMBL5096202,CHEMBL5193683,False
d9022ce7ce7466647d2706f63439008cd9bd75edbedba0ef17d7be69ff0db3d5,CCCCCC1=NN(C(=O)NC2CCCCC2)CC1c1ccccc1,7.102372908709558,O=C(NC1CCCCC1)N1CC(c2ccccc2)C=N1,1,3413844,CHEMBL1225455,CHEMBL1221318,CHEMBL1223646,True
d9022ce7ce7466647d2706f63439008cd9bd75edbedba0ef17d7be69ff0db3d5,CCCCCC1=NN(C(=O)NC2CCCCCC2)CC1c1ccccc1,7.703334809738469,O=C(NC1CCCCCC1)N1CC(c2ccccc2)C=N1,1,3413848,CHEMBL1225455,CHEMBL1221318,CHEMBL1223647,True
d9022ce7ce7466647d2706f63439008cd9bd75edbedba0ef17d7be69ff0db3d5,CCCCCC1=NN(C(=O)NC2CCCCCCC2)CC1c1ccccc1,7.575118363368933,O=C(NC1CCCCCCC1)N1CC(c2ccccc2)C=N1,1,3413852,CHEMBL1225455,CHEMBL1221318,CHEMBL1223648,True
d97977508cc293c7af812c632452e8d5a3264c623a87617e1b35a89026632787,CCCCCn1cc(C(=O)NC2CCCCC2)c(=O)c2c(C)noc21,8.058488567365597,O=C(NC1CCCCC1)c1c[nH]c2oncc2c1=O,1,12619614,CHEMBL2319554,CHEMBL2311525,CHEMBL2316279,False
d97977508cc293c7af812c632452e8d5a3264c623a87617e1b35a89026632787,CCCCCn1cc(C(=O)NC2CCCCCC2)c(=O)c2c(C)noc21,7.732828271596986,O=C(NC1CCCCCC1)c1c[nH]c2oncc2c1=O,1,12619613,CHEMBL2319554,CHEMBL2311525,CHEMBL2316280,False
de392625fe597d1652d24ea49d738a9b5abc413fd5b0b7176fc8d8a2b6fa85be,CCCCCn1cc(C(=O)NC2CCCCC2)c(=O)n2nc(-c3ccccc3)nc12,7.366531544420413,O=C(NC1CCCCC1)c1c[nH]c2nc(-c3ccccc3)nn2c1=O,1,16495485,CHEMBL3778963,CHEMBL3774386,CHEMBL3775966,False
de392625fe597d1652d24ea49d738a9b5abc413fd5b0b7176fc8d8a2b6fa85be,CCCCCn1cc(C(=O)NC2CCCCCC2)c(=O)n2nc(-c3ccccc3)nc12,7.318758762624412,O=C(NC1CCCCCC1)c1c[nH]c2nc(-c3ccccc3)nn2c1=O,1,16495484,CHEMBL3778963,CHEMBL3774386,CHEMBL3775328,False
defb789dddf0d4a90a88648d2f06dc7f1e3f494f78bf1bad55f9414d7eb3cb66,CCCCCCc1ccc(OCCCCCCCCCCOC(CO)CO)cc1O,5.621602099051863,c1ccccc1,1,7944828,CHEMBL1926463,CHEMBL1921750,CHEMBL1923770,False
defb789dddf0d4a90a88648d2f06dc7f1e3f494f78bf1bad55f9414d7eb3cb66,CCCCCCc1ccc(OCCCCCCOC(CO)CO)cc1O,5.94692155651658,c1ccccc1,1,7944827,CHEMBL1926463,CHEMBL1921750,CHEMBL1923769,False
e02efc91dc3d7b0f0bc6930273e98e087abd8e39b22325540666cc38bb63f005,COc1c(Cc2ccccc2)cc(-c2ccccc2)cc1C(=O)N[C@H]1CC[C@@H](C)CC1,5.573976984310123,O=C(NC1CCCCC1)c1cc(Cc2ccccc2)cc(-c2ccccc2)c1,1,16575991,CHEMBL3802220,CHEMBL3797038,CHEMBL3797248,False
e02efc91dc3d7b0f0bc6930273e98e087abd8e39b22325540666cc38bb63f005,COc1c(Cc2ccccc2)cc(-c2ccccc2)cc1C(=O)N[C@H]1CC[C@H](C)CC1,5.317945222926193,O=C(NC1CCCCC1)c1cc(Cc2ccccc2)cc(-c2ccccc2)c1,1,16575992,CHEMBL3802220,CHEMBL3797038,CHEMBL3798474,False
e288206518b7e068e82067f2645f6f17d7f9fc72d0cedd7deac50c3e13e89c80,O=C(NC1CCCCC1)c1cn2c3c(cccc3c1=O)OCC2C1CC1,7.815308569182401,O=C(NC1CCCCC1)c1cn2c3c(cccc3c1=O)OCC2C1CC1,1,12089869,CHEMBL2169620,CHEMBL2163236,CHEMBL2163941,True
e288206518b7e068e82067f2645f6f17d7f9fc72d0cedd7deac50c3e13e89c80,O=C(NC1CCCCCC1)c1cn2c3c(cccc3c1=O)OCC2C1CC1,8.505845405981557,O=C(NC1CCCCCC1)c1cn2c3c(cccc3c1=O)OCC2C1CC1,1,12089868,CHEMBL2169620,CHEMBL2163236,CHEMBL2163942,True
e452648a7bb13ce7bfbc5a910e3e8c4d37e94b108dc70bf65361d2c74a71b388,CCCCCn1cc(C(=O)NC2CCCCC2)c(=O)n2nc(-c3ccc(Cl)cc3)cc12,7.259637310505756,O=C(NC1CCCCC1)c1c[nH]c2cc(-c3ccccc3)nn2c1=O,1,13299825,CHEMBL2383561,CHEMBL2380310,CHEMBL2381795,False
e452648a7bb13ce7bfbc5a910e3e8c4d37e94b108dc70bf65361d2c74a71b388,CCCCCn1cc(C(=O)NC2CCCCCC2)c(=O)n2nc(-c3ccc(Cl)cc3)cc12,8.199970640755865,O=C(NC1CCCCCC1)c1c[nH]c2cc(-c3ccccc3)nn2c1=O,1,13299824,CHEMBL2383561,CHEMBL2380310,CHEMBL2381796,False
e642441be0fd40272765608dec1c3fa3f0e5705d03fc72f4dea42cd19dc8a717,Cc1c(C(=O)NC2CCCCC2)nn(-c2ccc(Cl)c(Cl)c2)c1-n1c(C)ccc1C,8.886056647693163,O=C(NC1CCCCC1)c1cc(-n2cccc2)n(-c2ccccc2)n1,1,2115170,CHEMBL933207,CHEMBL1142276,CHEMBL271824,False
e642441be0fd40272765608dec1c3fa3f0e5705d03fc72f4dea42cd19dc8a717,Cc1c(C(=O)NC2CCCCCC2)nn(-c2ccc(Cl)c(Cl)c2)c1-n1c(C)ccc1C,8.3767507096021,O=C(NC1CCCCCC1)c1cc(-n2cccc2)n(-c2ccccc2)n1,1,2914123,CHEMBL1049259,CHEMBL1154113,CHEMBL579249,False
e95c45e290549083de6bb4dbd961522f8d6864475ed4012a5fd5f9f5fc2de7e2,CC1(C)Oc2cc(C3(CCCCCCCN=C=S)CCCC3)cc(O)c2[C@@H]2C[C@H](CO)CC[C@H]21,9.0,c1cc2c(cc1C1CCCC1)OCC1CCCCC21,1,24382912,CHEMBL5039169,CHEMBL5038575,CHEMBL5074603,True
e95c45e290549083de6bb4dbd961522f8d6864475ed4012a5fd5f9f5fc2de7e2,CC1(C)Oc2cc(C3(CCCCCCN=C=S)CCCC3)cc(O)c2[C@@H]2C[C@H](CO)CC[C@H]21,8.886056647693163,c1cc2c(cc1C1CCCC1)OCC1CCCCC21,1,24382911,CHEMBL5039169,CHEMBL5038575,CHEMBL5092703,True
e9fba2f26a952856f404764dd87a070ae15568ff057b3f2d35aa6960855a498e,CCCCCc1cc(OC)cc(OCCCCCCCC(=O)NCCO)c1,7.377785977033705,c1ccccc1,1,20682924,CHEMBL4623510,CHEMBL4622854,CHEMBL4644505,False
e9fba2f26a952856f404764dd87a070ae15568ff057b3f2d35aa6960855a498e,CCCCCc1cc(OC)cc(OCCCCCCCCCCC(=O)NCCO)c1,7.478861916295964,c1ccccc1,1,20682925,CHEMBL4623510,CHEMBL4622854,CHEMBL4639172,False
ecb9962be5ab382e1033bf94e610748124ac5aafa2a1b123242f17c1f4739848,CCCCCc1cc(O)cc(OCCCCCCCCOC(CO)CO)c1,5.935542010773082,c1ccccc1,1,7944824,CHEMBL1926463,CHEMBL1921750,CHEMBL1923766,False
ecb9962be5ab382e1033bf94e610748124ac5aafa2a1b123242f17c1f4739848,CCCCCc1cc(O)cc(OCCCCCCOC(CO)CO)c1,6.040958607678906,c1ccccc1,1,7944823,CHEMBL1926463,CHEMBL1921750,CHEMBL1923765,False
ecc7c1563d027e18ed5c1ec03444f1c7bf9f6b24b4851f6b56b47cb2cacaee36,O=C(NC1CCCCC1)c1c(O)c2cccnc2n(CCN2CCOCC2)c1=O,8.619788758288394,O=C(NC1CCCCC1)c1cc2cccnc2n(CCN2CCOCC2)c1=O,1,10866729,CHEMBL2027757,CHEMBL2021892,CHEMBL2022692,False
ecc7c1563d027e18ed5c1ec03444f1c7bf9f6b24b4851f6b56b47cb2cacaee36,O=C(NC1CCCCCC1)c1c(O)c2cccnc2n(CCN2CCOCC2)c1=O,8.744727494896694,O=C(NC1CCCCCC1)c1cc2cccnc2n(CCN2CCOCC2)c1=O,1,10866727,CHEMBL2027757,CHEMBL2021892,CHEMBL2022694,False
f042d59345b96cf3d312b239b655b1f36944e16a66f365450b399f897cf9c019,O=C(NC1CCCCC1)c1cc2cccnc2n(Cc2ccccc2)c1=O,7.508638306165727,O=C(NC1CCCCC1)c1cc2cccnc2n(Cc2ccccc2)c1=O,1,2622745,CHEMBL998034,CHEMBL1136929,CHEMBL446993,False
f042d59345b96cf3d312b239b655b1f36944e16a66f365450b399f897cf9c019,O=C(NC1CCCCCC1)c1cc2cccnc2n(Cc2ccccc2)c1=O,7.657577319177793,O=C(NC1CCCCCC1)c1cc2cccnc2n(Cc2ccccc2)c1=O,1,2622743,CHEMBL998034,CHEMBL1136929,CHEMBL511253,False
f0cad6328b30797a56c966bf586d8cf3a52a44c557546f2b83afe1ba7fb99d11,O=C(NN1CCCCC1)c1nn(-c2ccc(Cl)cc2Cl)c2c1CCCc1cc(Cl)ccc1-2,7.161852605029786,O=C(NN1CCCCC1)c1nn(-c2ccccc2)c2c1CCCc1ccccc1-2,2,16741266;16741329,CHEMBL3857710,CHEMBL3856211,CHEMBL376700,False
f0cad6328b30797a56c966bf586d8cf3a52a44c557546f2b83afe1ba7fb99d11,O=C(NN1CCCCCC1)c1nn(-c2ccc(Cl)cc2Cl)c2c1CCCc1cc(Cl)ccc1-2,7.55129368009492,O=C(NN1CCCCCC1)c1nn(-c2ccccc2)c2c1CCCc1ccccc1-2,1,16741264,CHEMBL3857710,CHEMBL3856211,CHEMBL223278,False
f129de12c7bf8d8295b674732cd0b30527b2f3d2243f1e931baac2cd26f0babd,CC1CCC(NC(=O)c2cc3cccnc3n(Cc3ccccc3)c2=O)CC1,8.10790539730952,O=C(NC1CCCCC1)c1cc2cccnc2n(Cc2ccccc2)c1=O,1,2622735,CHEMBL998034,CHEMBL1136929,CHEMBL467476,True
f129de12c7bf8d8295b674732cd0b30527b2f3d2243f1e931baac2cd26f0babd,C[C@H]1CC[C@@H](NC(=O)c2cc3cccnc3n(Cc3ccccc3)c2=O)CC1,8.236572006437063,O=C(NC1CCCCC1)c1cc2cccnc2n(Cc2ccccc2)c1=O,1,2622732,CHEMBL998034,CHEMBL1136929,CHEMBL467681,False
f129de12c7bf8d8295b674732cd0b30527b2f3d2243f1e931baac2cd26f0babd,C[C@H]1CC[C@H](NC(=O)c2cc3cccnc3n(Cc3ccccc3)c2=O)CC1,7.400116927926312,O=C(NC1CCCCC1)c1cc2cccnc2n(Cc2ccccc2)c1=O,1,2622747,CHEMBL998034,CHEMBL1136929,CHEMBL467680,False
f1c0718974d9aa4f4a8615643ac0d6e4e90c81cc6313219669ed8e089af78117,CCCCCCC(C)(C)c1cc(O)c2cc(Cc3ccccc3O)c(=O)oc2c1,6.6777807052660805,O=c1oc2ccccc2cc1Cc1ccccc1,1,12137483,CHEMBL2187924,CHEMBL2176868,CHEMBL2181540,False
f1c0718974d9aa4f4a8615643ac0d6e4e90c81cc6313219669ed8e089af78117,CCCCCCCC(C)(C)c1cc(O)c2cc(Cc3ccccc3O)c(=O)oc2c1,6.534617148551582,O=c1oc2ccccc2cc1Cc1ccccc1,1,12137481,CHEMBL2187924,CHEMBL2176868,CHEMBL2181542,False
f1ff7dfb50a996e2bfae775e6c4372cbe0d1fc59614fb71bec20672fc7bf5966,Cc1c(C(=O)NCCCCCCCCCCCNCCCCCCCCCCCN)nn(-c2ccc(Cl)cc2Cl)c1-c1ccc(Cl)cc1,6.515700160653214,c1ccc(-c2ccnn2-c2ccccc2)cc1,1,3517577,CHEMBL1275186,CHEMBL1268814,CHEMBL1269774,False
f1ff7dfb50a996e2bfae775e6c4372cbe0d1fc59614fb71bec20672fc7bf5966,Cc1c(C(=O)NCCCCCCCCCNCCCCCCCCCN)nn(-c2ccc(Cl)cc2Cl)c1-c1ccc(Cl)cc1,6.377785977033705,c1ccc(-c2ccnn2-c2ccccc2)cc1,1,3517578,CHEMBL1275186,CHEMBL1268814,CHEMBL1269773,False
f1ff7dfb50a996e2bfae775e6c4372cbe0d1fc59614fb71bec20672fc7bf5966,Cc1c(C(=O)NCCCCCCCNCCCCCCCN)nn(-c2ccc(Cl)cc2Cl)c1-c1ccc(Cl)cc1,6.206209615309181,c1ccc(-c2ccnn2-c2ccccc2)cc1,1,3517579,CHEMBL1275186,CHEMBL1268814,CHEMBL1270463,False
f311a7f67f609a6cd3b2b9f2cedeaf153b62dfb97bd22f4940e4bea49cc7cdfb,CCCCCn1cc(C(=O)NC23CC4CC(CC(C4)C2)C3)c(=O)c2cc(-c3ccc(-c4ccccc4)cc3)ccc21,6.742321425130816,O=C(NC12CC3CC(CC(C3)C1)C2)c1c[nH]c2ccc(-c3ccc(-c4ccccc4)cc3)cc2c1=O,1,3398973,CHEMBL1219438,CHEMBL1212935,CHEMBL1215891,True
f311a7f67f609a6cd3b2b9f2cedeaf153b62dfb97bd22f4940e4bea49cc7cdfb,CCCCCn1cc(C(=O)NC23CC4CC(CC(C4)C2)C3)c(=O)c2cc(-c3ccccc3)ccc21,8.42021640338319,O=C(NC12CC3CC(CC(C3)C1)C2)c1c[nH]c2ccc(-c3ccccc3)cc2c1=O,1,2228992,CHEMBL1006412,CHEMBL1156630,CHEMBL523577,True
f37645ef048d09b6128feb418da94f8bcb5f59b2f6ef21ca50e15ed545f4155a,CCCCCCC(C)(C)c1cc(O)cc(OCCCCCCCC(=O)N[C@H](C)CO)c1,7.29929628285498,c1ccccc1,1,15052075,CHEMBL3379966,CHEMBL3351868,CHEMBL3323674,False
f37645ef048d09b6128feb418da94f8bcb5f59b2f6ef21ca50e15ed545f4155a,CCCCCCC(C)(C)c1cc(O)cc(OCCCCCCCCCCC(=O)N[C@H](C)CO)c1,7.673664139071248,c1ccccc1,1,15052074,CHEMBL3379966,CHEMBL3351868,CHEMBL3323675,False
f9f8dc64d37bc96d3f813d2bfc5a8c59489e706ab1cc2416e5ac039fb83cf177,C[C@H]1CC[C@@H](NC(=O)c2cc(-c3ccccc3)nn(Cc3ccc(F)cc3)c2=O)CC1,8.244125144327509,O=C(NC1CCCCC1)c1cc(-c2ccccc2)nn(Cc2ccccc2)c1=O,1,17981837,CHEMBL3998733,CHEMBL3997787,CHEMBL4094388,False
f9f8dc64d37bc96d3f813d2bfc5a8c59489e706ab1cc2416e5ac039fb83cf177,C[C@H]1CC[C@H](NC(=O)c2cc(-c3ccccc3)nn(Cc3ccc(F)cc3)c2=O)CC1,7.180456064458131,O=C(NC1CCCCC1)c1cc(-c2ccccc2)nn(Cc2ccccc2)c1=O,1,17981836,CHEMBL3998733,CHEMBL3997787,CHEMBL4104545,False
fa0c6174ccd077ba148d6c32b1da3923e7ddab4f36a239e66617832b18c3cef2,CCCCCn1cc(C(=O)NC2CCCCC2)c(=O)n2nc(-c3ccc(C)cc3)cc12,7.244125144327507,O=C(NC1CCCCC1)c1c[nH]c2cc(-c3ccccc3)nn2c1=O,1,13299831,CHEMBL2383561,CHEMBL2380310,CHEMBL2381789,False
fa0c6174ccd077ba148d6c32b1da3923e7ddab4f36a239e66617832b18c3cef2,CCCCCn1cc(C(=O)NC2CCCCCC2)c(=O)n2nc(-c3ccc(C)cc3)cc12,7.987162775294828,O=C(NC1CCCCCC1)c1c[nH]c2cc(-c3ccccc3)nn2c1=O,1,13299830,CHEMBL2383561,CHEMBL2380310,CHEMBL2381790,False
fa9346c14541324f6a51a106681eb29cc3ff95ea894c6a4d9ccc885254c13cba,CCCC[Si](C)(C)c1cc(O)c(C2CCCCC2)c(OC)c1,6.40207456743954,c1ccc(C2CCCCC2)cc1,1,24666754,CHEMBL5098552,CHEMBL5096202,CHEMBL5175157,False
fa9346c14541324f6a51a106681eb29cc3ff95ea894c6a4d9ccc885254c13cba,CCCC[Si](C)(C)c1cc(O)c(C2CCCCCC2)c(OC)c1,6.210694334081714,c1ccc(C2CCCCCC2)cc1,1,24666755,CHEMBL5098552,CHEMBL5096202,CHEMBL5177602,False
faeeaa7acfe2398f3d4496908494f019852453ac9489ad93c9eb5d47eb61413e,CCCCC/C=C\C/C=C\C/C=C\[C@@H](C)/C=C\CCCC(=O)N[C@H](C)CO,6.920818753952375,ACYCLIC,1,18560286,CHEMBL4201489,CHEMBL4196195,CHEMBL4211106,False
faeeaa7acfe2398f3d4496908494f019852453ac9489ad93c9eb5d47eb61413e,CCCCC/C=C\C/C=C\C/C=C\[C@H](C)/C=C\CCCC(=O)N[C@H](C)CO,7.892790030352131,ACYCLIC,1,18560287,CHEMBL4201489,CHEMBL4196195,CHEMBL4213566,False
faeeaa7acfe2398f3d4496908494f019852453ac9489ad93c9eb5d47eb61413e,CCCCC/C=C\[C@H](C)/C=C\C/C=C\C/C=C\CCCC(=O)N[C@H](C)CO,6.75448733218585,ACYCLIC,1,18560288,CHEMBL4201489,CHEMBL4196195,CHEMBL4208628,False
