split_strategy,model_variant,initialization_seed,group,n_structures,mae_pki,rmse_pki,r2,r2_status
random,baseline,42,cliff_participant,19,0.7177872897665512,0.9285929381992354,0.466038734416803,defined
random,baseline,42,other_validation,339,0.6292846648401154,0.8204724017193825,0.4989045904836945,defined
random,baseline,7,cliff_participant,19,0.7640385070978444,0.9716531544473738,0.41536941683138595,defined
random,baseline,7,other_validation,339,0.6327725016646737,0.8240096462125068,0.4945746025538307,defined
random,baseline,21,cliff_participant,19,0.744637157578416,0.9828333349991554,0.4018380866853104,defined
random,baseline,21,other_validation,339,0.6081636269434056,0.7973289312921253,0.52677517915631,defined
random,baseline,84,cliff_participant,19,0.7504441244290799,0.9454485165348954,0.4464781488234557,defined
random,baseline,84,other_validation,339,0.6129931020523561,0.7939016807741511,0.5308346688731873,defined
random,baseline,2026,cliff_participant,19,0.7881454688588689,1.0495788056420587,0.31783551521548603,defined
random,baseline,2026,other_validation,339,0.6376625173049514,0.8429601937144205,0.47105976549249295,defined
scaffold,baseline,42,cliff_participant,121,0.754219758946391,0.919999031524427,0.20416774231839196,defined
scaffold,baseline,42,other_validation,340,0.719516516369099,0.9026876508592914,0.3629080670822358,defined
scaffold,baseline,7,cliff_participant,121,0.7961256996659342,0.9779695334019027,0.10071479365529667,defined
scaffold,baseline,7,other_validation,340,0.7444868511107949,0.9352351407916502,0.3161375826394406,defined
scaffold,baseline,21,cliff_participant,121,0.7721491937360938,0.9353665501918114,0.177358777583274,defined
scaffold,baseline,21,other_validation,340,0.7215449950115852,0.9157030232666659,0.3444038421905359,defined
scaffold,baseline,84,cliff_participant,121,0.7111787327846415,0.8740132858568777,0.28173803887073123,defined
scaffold,baseline,84,other_validation,340,0.6849109405279655,0.8568185885763049,0.4260092900797896,defined
scaffold,baseline,2026,cliff_participant,121,0.7896195576334409,0.9687930473434415,0.11751196673691777,defined
scaffold,baseline,2026,other_validation,340,0.7259047616989401,0.9172546141011758,0.34218024182428464,defined
