split_strategy,model_variant,initialization_seed,internal_split_seed,selected_epoch,best_stopping_mse_pki2,internal_epochs_run,stopping_reason,full_refit_epochs_run,full_refit_structures,trainable_parameters,total_seconds
random,baseline,42,2026,17,0.8365230959489638,37,patience,17,2860,66113,2.6207139999896754
random,baseline,7,2026,15,0.7977184462700558,35,patience,15,2860,66113,2.3677040000038687
random,baseline,21,2026,19,0.8280544941244511,39,patience,19,2860,66113,2.7679499000078067
random,baseline,84,2026,19,0.8030660073591278,39,patience,19,2860,66113,2.7508820999937598
random,baseline,2026,2026,16,0.8494690875609997,36,patience,16,2860,66113,2.4425248999905307
scaffold,baseline,42,2026,14,1.0293953040801693,34,patience,14,2778,66113,2.1725147000106517
scaffold,baseline,7,2026,9,1.0319914450604826,29,patience,9,2778,66113,1.717110199999297
scaffold,baseline,21,2026,14,1.0517662253104152,34,patience,14,2778,66113,2.1774846999906003
scaffold,baseline,84,2026,13,0.9886469706975282,33,patience,13,2778,66113,2.0799985000048764
scaffold,baseline,2026,2026,10,1.0441545770157172,30,patience,10,2778,66113,1.8348100000002887
