split_strategy,model_variant,initialization_seed,training_phase,subset,n_structures,mae_pki,rmse_pki,r2,r2_status
random,baseline,42,final_full_refit,train,2860,0.42104603792600387,0.5498498316666407,0.7717541853039551,defined
random,baseline,42,final_full_refit,validation,358,0.6339817315261552,0.8265661014181888,0.5160540583112083,defined
random,baseline,7,final_full_refit,train,2860,0.37991386067521277,0.4968717427249773,0.8136183175469377,defined
random,baseline,7,final_full_refit,validation,358,0.6397391332379425,0.8325036955288662,0.5090762853417308,defined
random,baseline,21,final_full_refit,train,2860,0.400482773903927,0.5272161145293618,0.7901582100606013,defined
random,baseline,21,final_full_refit,validation,358,0.6154066355525263,0.8082446959397919,0.5372702756386281,defined
random,baseline,84,final_full_refit,train,2860,0.38599484253901467,0.5117798351761556,0.8022661738611885,defined
random,baseline,84,final_full_refit,validation,358,0.620287988714808,0.8026639722531613,0.5436382764532901,defined
random,baseline,2026,final_full_refit,train,2860,0.3633655641013434,0.4785307857145701,0.8271241233182542,defined
random,baseline,2026,final_full_refit,validation,358,0.6456490426667515,0.8551813127547674,0.4819662249646802,defined
scaffold,baseline,42,final_full_refit,train,2778,0.43932500343354625,0.5693685391266138,0.7558528386548466,defined
scaffold,baseline,42,final_full_refit,validation,461,0.7286251765683449,0.9072633909095285,0.37211815902520584,defined
scaffold,baseline,7,final_full_refit,train,2778,0.4854821629364991,0.625903866193933,0.7049606007132367,defined
scaffold,baseline,7,final_full_refit,validation,461,0.7580406486708207,0.9466385039076065,0.3164355327647723,defined
scaffold,baseline,21,final_full_refit,train,2778,0.45309183183035606,0.5904444821353332,0.7374434340609377,defined
scaffold,baseline,21,final_full_refit,validation,461,0.7348272250455669,0.9209048055735833,0.35309482169276074,defined
scaffold,baseline,84,final_full_refit,train,2778,0.42201702412280084,0.5511760541757526,0.7712055793747796,defined
scaffold,baseline,84,final_full_refit,validation,461,0.6918055237450106,0.861364953672648,0.4340402522266137,defined
scaffold,baseline,2026,final_full_refit,train,2778,0.4796719525242006,0.6191660886067488,0.7112785359649236,defined
scaffold,baseline,2026,final_full_refit,validation,461,0.7426281680071279,0.9310582291401537,0.3387512943116602,defined
