split_strategy,candidate_index,hidden_layers_json,alpha,learning_rate_init,trainable_parameters,initialization_seed,best_stopping_mse_pki2,selected_epoch,internal_epochs_run,stopping_reason,fit_seconds
random,0,[16],0.01,0.0003,32801,42,0.8668857588114802,74,94,patience,3.381953900010558
random,0,[16],0.01,0.0003,32801,7,0.8290104391487207,111,131,patience,5.100077399984002
random,0,[16],0.01,0.0003,32801,21,0.8537245813006508,59,79,patience,3.0242476999992505
random,1,[16],0.01,0.001,32801,42,0.8875623963347293,21,41,patience,1.2972617000050377
random,1,[16],0.01,0.001,32801,7,0.867344550198752,33,53,patience,1.852268999995431
random,1,[16],0.01,0.001,32801,21,0.8558528181145183,20,40,patience,1.2543891000095755
random,2,[16],0.1,0.0003,32801,42,0.8310082833237322,100,120,patience,4.605243199999677
random,2,[16],0.1,0.0003,32801,7,0.796251884219193,128,148,patience,5.907825700007379
random,2,[16],0.1,0.0003,32801,21,0.8346622091580364,87,107,patience,4.140503600006923
random,3,[16],0.1,0.001,32801,42,0.8693583503196136,28,48,patience,1.6785716000013053
random,3,[16],0.1,0.001,32801,7,0.8295185071104438,52,72,patience,2.933873300004052
random,3,[16],0.1,0.001,32801,21,0.840366559037128,26,46,patience,1.586408900009701
random,4,[32],0.01,0.0003,65601,42,0.8566823430190259,54,74,patience,3.863191399985226
random,4,[32],0.01,0.0003,65601,7,0.8386832011060473,46,66,patience,3.463537900010124
random,4,[32],0.01,0.0003,65601,21,0.8529510967894524,49,69,patience,3.616363300010562
random,5,[32],0.01,0.001,65601,42,0.8662113950053136,21,41,patience,1.816255599987926
random,5,[32],0.01,0.001,65601,7,0.8465768105164341,14,34,patience,1.4881380000151694
random,5,[32],0.01,0.001,65601,21,0.8542610096610851,16,36,patience,1.6002204999967944
random,6,[32],0.1,0.0003,65601,42,0.8155917249453574,99,119,patience,6.625614500022493
random,6,[32],0.1,0.0003,65601,7,0.8229148102479622,64,84,patience,4.621375199989416
random,6,[32],0.1,0.0003,65601,21,0.8339109827476369,62,82,patience,4.515217500011204
random,7,[32],0.1,0.001,65601,42,0.8543932431171524,30,50,patience,2.5004636000085156
random,7,[32],0.1,0.001,65601,7,0.834262180252292,17,37,patience,1.6654979000159074
random,7,[32],0.1,0.001,65601,21,0.8374432692522815,20,40,patience,1.767566700000316
random,8,"[32, 16]",0.01,0.0003,66113,42,0.8114680485173925,45,65,patience,3.4082342000037897
random,8,"[32, 16]",0.01,0.0003,66113,7,0.8168000969758585,40,60,patience,3.027742100006435
random,8,"[32, 16]",0.01,0.0003,66113,21,0.806007814862448,51,71,patience,3.834246800019173
random,9,"[32, 16]",0.01,0.001,66113,42,0.8339979208502732,18,38,patience,1.7662104000046384
random,9,"[32, 16]",0.01,0.001,66113,7,0.8134846419742053,16,36,patience,1.66108059999533
random,9,"[32, 16]",0.01,0.001,66113,21,0.8317710714262394,21,41,patience,1.9165403999795672
random,10,"[32, 16]",0.1,0.0003,66113,42,0.7810504664127773,55,75,patience,4.0894279000058305
random,10,"[32, 16]",0.1,0.0003,66113,7,0.791983261550393,52,72,patience,3.810408199991798
random,10,"[32, 16]",0.1,0.0003,66113,21,0.7901715461278177,59,79,patience,4.709925200004363
random,11,"[32, 16]",0.1,0.001,66113,42,0.8144757607455475,21,41,patience,1.9161462999763899
random,11,"[32, 16]",0.1,0.001,66113,7,0.7988247195748827,18,38,patience,1.774701099988306
random,11,"[32, 16]",0.1,0.001,66113,21,0.8052794429872475,28,48,patience,2.357789000001503
scaffold,0,[16],0.01,0.0003,32801,42,1.106456224632683,49,69,patience,2.402986900007818
scaffold,0,[16],0.01,0.0003,32801,7,1.037537544670175,69,89,patience,3.329924799996661
scaffold,0,[16],0.01,0.0003,32801,21,1.0566743952416358,45,65,patience,2.2704358999908436
scaffold,1,[16],0.01,0.001,32801,42,1.1221268623625829,16,36,patience,1.173297500004992
scaffold,1,[16],0.01,0.001,32801,7,1.048572462006095,23,43,patience,1.3902684999920893
scaffold,1,[16],0.01,0.001,32801,21,1.057984204586707,15,35,patience,1.1372354000050109
scaffold,2,[16],0.1,0.0003,32801,42,1.099371177215624,54,74,patience,2.5876229999994393
scaffold,2,[16],0.1,0.0003,32801,7,1.0329776228861114,72,92,patience,3.3655410000064876
scaffold,2,[16],0.1,0.0003,32801,21,1.0528407271918914,49,69,patience,2.3987818000023253
scaffold,3,[16],0.1,0.001,32801,42,1.112706635030738,18,38,patience,1.234091599995736
scaffold,3,[16],0.1,0.001,32801,7,1.0410551038960179,27,47,patience,1.5878526000014972
scaffold,3,[16],0.1,0.001,32801,21,1.0543509457394007,16,36,patience,1.186293000006117
scaffold,4,[32],0.01,0.0003,65601,42,1.0934160430631863,39,59,patience,2.77218129998073
scaffold,4,[32],0.01,0.0003,65601,7,1.0411290556921053,34,54,patience,2.4939065000216942
scaffold,4,[32],0.01,0.0003,65601,21,1.1097835427577318,36,56,patience,2.611859099997673
scaffold,5,[32],0.01,0.001,65601,42,1.1019853075503365,14,34,patience,1.4434376000135671
scaffold,5,[32],0.01,0.001,65601,7,1.0415250520929202,11,31,patience,1.3269134999718517
scaffold,5,[32],0.01,0.001,65601,21,1.101387612930366,12,32,patience,1.4132336000038777
scaffold,6,[32],0.1,0.0003,65601,42,1.0833926265002747,43,63,patience,3.1325666999910027
scaffold,6,[32],0.1,0.0003,65601,7,1.037929000507014,35,55,patience,2.592474199977005
scaffold,6,[32],0.1,0.0003,65601,21,1.100397674370516,39,59,patience,2.823451700009173
scaffold,7,[32],0.1,0.001,65601,42,1.0919857791265137,17,37,patience,1.585128699982306
scaffold,7,[32],0.1,0.001,65601,7,1.0364571453031532,12,32,patience,1.3696799000026658
scaffold,7,[32],0.1,0.001,65601,21,1.0950548311417825,13,33,patience,1.3883796999871265
scaffold,8,"[32, 16]",0.01,0.0003,66113,42,1.054183243327087,35,55,patience,2.6165548999852035
scaffold,8,"[32, 16]",0.01,0.0003,66113,7,1.0484164320983649,29,49,patience,2.214015300007304
scaffold,8,"[32, 16]",0.01,0.0003,66113,21,1.0479696905050497,37,57,patience,2.691851499985205
scaffold,9,"[32, 16]",0.01,0.001,66113,42,1.0293953040801693,14,34,patience,1.4876043999975082
scaffold,9,"[32, 16]",0.01,0.001,66113,7,1.0319914450604826,9,29,patience,1.3173308999976143
scaffold,9,"[32, 16]",0.01,0.001,66113,21,1.0517662253104152,14,34,patience,1.4887956000166014
scaffold,10,"[32, 16]",0.1,0.0003,66113,42,1.035319018607301,46,66,patience,3.242940099997213
scaffold,10,"[32, 16]",0.1,0.0003,66113,7,1.030729949906405,31,51,patience,2.3336642000067513
scaffold,10,"[32, 16]",0.1,0.0003,66113,21,1.0412932423733792,42,62,patience,2.980930799996713
scaffold,11,"[32, 16]",0.1,0.001,66113,42,1.0104839968324668,15,35,patience,1.5157576999918092
scaffold,11,"[32, 16]",0.1,0.001,66113,7,1.026969432266055,10,30,patience,1.2921971999749076
scaffold,11,"[32, 16]",0.1,0.001,66113,21,1.0421483906768987,16,36,patience,1.5770839999895543
