split_strategy,candidate_index,parameters_json,mean_cv_mae_pki,std_cv_mae_pki,rank,selected,fold_1_validation_mae_pki,fold_2_validation_mae_pki,fold_3_validation_mae_pki,fold_4_validation_mae_pki,fold_5_validation_mae_pki
random,0,"{""learning_rate"": 0.05, ""max_depth"": 3, ""n_estimators"": 150}",0.698398822938867,0.008601751695206434,8,False,0.6897237483496534,0.70816292136273,0.7076376847307317,0.6987424633525919,0.6877272968986275
random,1,"{""learning_rate"": 0.05, ""max_depth"": 3, ""n_estimators"": 250}",0.6674751800539119,0.013128015231533096,7,False,0.6551241179187515,0.6848707294290529,0.6805235208817124,0.6644551925550284,0.6524023394850144
random,2,"{""learning_rate"": 0.05, ""max_depth"": 4, ""n_estimators"": 150}",0.665112427039092,0.01335989313009364,6,False,0.6542468712899195,0.6819928832307365,0.680634867943143,0.6572202917387344,0.6514672209929266
random,3,"{""learning_rate"": 0.05, ""max_depth"": 4, ""n_estimators"": 250}",0.6348795233502675,0.01787703500799838,4,False,0.619708691758301,0.659340221467548,0.6535949151900338,0.6245544531438719,0.6171993351915834
random,4,"{""learning_rate"": 0.1, ""max_depth"": 3, ""n_estimators"": 150}",0.655316548925071,0.015830276803701315,5,False,0.6379476191539525,0.6789382716108936,0.6677063775317322,0.6517415975715336,0.6402488787572426
random,5,"{""learning_rate"": 0.1, ""max_depth"": 3, ""n_estimators"": 250}",0.6278720184567372,0.020097585994578983,3,False,0.6077454976616165,0.6603537036740448,0.640480003497724,0.6220570544765254,0.6087238329737759
random,6,"{""learning_rate"": 0.1, ""max_depth"": 4, ""n_estimators"": 150}",0.627799089749099,0.02005402566920954,2,False,0.615581316336707,0.6578957714781297,0.64455373849545,0.6166172764750523,0.6043473459601565
random,7,"{""learning_rate"": 0.1, ""max_depth"": 4, ""n_estimators"": 250}",0.6032289321617612,0.024145844772449045,1,True,0.5863595855217911,0.6393747866435033,0.6238221497974419,0.5905443566306918,0.5760437822153776
scaffold,0,"{""learning_rate"": 0.05, ""max_depth"": 3, ""n_estimators"": 150}",0.7486565327966136,0.029826966755921173,8,False,0.7682919867155473,0.7830903712488083,0.7087792326632473,0.7172079797239463,0.7659130936315185
scaffold,1,"{""learning_rate"": 0.05, ""max_depth"": 3, ""n_estimators"": 250}",0.7270533398137112,0.03012144419046652,7,False,0.7429895952855051,0.7658280298130935,0.6930616266192249,0.6901514336590308,0.7432360136917021
scaffold,2,"{""learning_rate"": 0.05, ""max_depth"": 4, ""n_estimators"": 150}",0.7249797331551231,0.025853162369237754,6,False,0.7400392462446033,0.763941094546255,0.7030364736964815,0.6916036813693099,0.7262781699189659
scaffold,3,"{""learning_rate"": 0.05, ""max_depth"": 4, ""n_estimators"": 250}",0.7039559205179924,0.024343433374497937,4,False,0.7104110500399511,0.7451072025951433,0.6885250915496326,0.6725030309749829,0.7032332274302525
scaffold,4,"{""learning_rate"": 0.1, ""max_depth"": 3, ""n_estimators"": 150}",0.7197835820477662,0.025825402852234166,5,False,0.7377818845518149,0.7482253081657013,0.7049570774807032,0.676752255785562,0.7312013842550492
scaffold,5,"{""learning_rate"": 0.1, ""max_depth"": 3, ""n_estimators"": 250}",0.7025791855808621,0.02478907624644374,3,False,0.7140813593217981,0.7322220668321918,0.6904548346096606,0.6607431077913052,0.7153945593493545
scaffold,6,"{""learning_rate"": 0.1, ""max_depth"": 4, ""n_estimators"": 150}",0.6914001355398208,0.0308165146543834,2,False,0.7095568215478862,0.7323590485646879,0.6594625495500244,0.6518144130823605,0.7038078449541451
scaffold,7,"{""learning_rate"": 0.1, ""max_depth"": 4, ""n_estimators"": 250}",0.673655450861699,0.030099664835819814,1,True,0.690938808435167,0.7158934742981928,0.6373138769860972,0.6413553768200829,0.6827757177689545
