split_strategy,model_variant,initialization_seed,training_phase,subset,n_structures,mae_pki,rmse_pki,r2,r2_status
random,baseline,42,final_full_refit,train,2860,0.4210460379260038,0.5498498316666407,0.7717541853039551,defined
random,baseline,42,final_full_refit,validation,358,0.6339817315261552,0.8265661014181888,0.5160540583112083,defined
random,baseline,7,final_full_refit,train,2860,0.3799138606752127,0.4968717427249773,0.8136183175469377,defined
random,baseline,7,final_full_refit,validation,358,0.6397391332379425,0.8325036955288662,0.5090762853417308,defined
random,baseline,21,final_full_refit,train,2860,0.400482773903927,0.5272161145293618,0.7901582100606013,defined
random,baseline,21,final_full_refit,validation,358,0.6154066355525263,0.8082446959397919,0.5372702756386281,defined
random,baseline,84,final_full_refit,train,2860,0.3859948425390146,0.5117798351761556,0.8022661738611885,defined
random,baseline,84,final_full_refit,validation,358,0.620287988714808,0.8026639722531613,0.5436382764532901,defined
random,baseline,2026,final_full_refit,train,2860,0.3633655641013434,0.4785307857145701,0.8271241233182542,defined
random,baseline,2026,final_full_refit,validation,358,0.6456490426667515,0.8551813127547674,0.4819662249646802,defined
scaffold,baseline,42,final_full_refit,train,2778,0.4393250034335462,0.5693685391266138,0.7558528386548466,defined
scaffold,baseline,42,final_full_refit,validation,461,0.7286251765683449,0.9072633909095285,0.3721181590252058,defined
scaffold,baseline,7,final_full_refit,train,2778,0.4854821629364991,0.625903866193933,0.7049606007132367,defined
scaffold,baseline,7,final_full_refit,validation,461,0.7580406486708207,0.9466385039076064,0.3164355327647723,defined
scaffold,baseline,21,final_full_refit,train,2778,0.453091831830356,0.5904444821353332,0.7374434340609377,defined
scaffold,baseline,21,final_full_refit,validation,461,0.7348272250455669,0.9209048055735832,0.3530948216927607,defined
scaffold,baseline,84,final_full_refit,train,2778,0.4220170241228008,0.5511760541757526,0.7712055793747796,defined
scaffold,baseline,84,final_full_refit,validation,461,0.6918055237450106,0.861364953672648,0.4340402522266137,defined
scaffold,baseline,2026,final_full_refit,train,2778,0.4796719525242006,0.6191660886067488,0.7112785359649236,defined
scaffold,baseline,2026,final_full_refit,validation,461,0.7426281680071279,0.9310582291401536,0.3387512943116602,defined
random,tuned,42,final_full_refit,train,2860,0.24741347734321895,0.34995739456834346,0.9075418969297515,defined
random,tuned,42,final_full_refit,validation,358,0.586099329142651,0.7770368351253445,0.5723141465617246,defined
random,tuned,7,final_full_refit,train,2860,0.31654773832977234,0.4218152293276058,0.8656742911794478,defined
random,tuned,7,final_full_refit,validation,358,0.6117261990287024,0.81125930533806,0.533812038696651,defined
random,tuned,21,final_full_refit,train,2860,0.301471639746562,0.4034001241624757,0.8771467401020411,defined
random,tuned,21,final_full_refit,validation,358,0.5906545017668153,0.7869068306769708,0.5613801298325092,defined
random,tuned,84,final_full_refit,train,2860,0.288112206298683,0.38952645273062786,0.8854517281031895,defined
random,tuned,84,final_full_refit,validation,358,0.6067427271157513,0.7945134490937246,0.5528593252349238,defined
random,tuned,2026,final_full_refit,train,2860,0.42493785695404784,0.5524865482590169,0.7695599044059078,defined
random,tuned,2026,final_full_refit,validation,358,0.6376392168456843,0.8386835737790738,0.5017607399493798,defined
scaffold,tuned,42,final_full_refit,train,2778,0.43255367447733417,0.5590750000324262,0.7646008492304224,defined
scaffold,tuned,42,final_full_refit,validation,461,0.7295128780809299,0.9075350801379057,0.37174205154228623,defined
scaffold,tuned,7,final_full_refit,train,2778,0.47424275758193873,0.610421598312443,0.7193761813169882,defined
scaffold,tuned,7,final_full_refit,validation,461,0.7426997646992038,0.9335849337662121,0.33515743263511677,defined
scaffold,tuned,21,final_full_refit,train,2778,0.4592394039450117,0.5947674845435046,0.7335846875307586,defined
scaffold,tuned,21,final_full_refit,validation,461,0.7330540753096886,0.9187794515046176,0.35607735794934026,defined
scaffold,tuned,84,final_full_refit,train,2778,0.4252716799555181,0.5521673909354239,0.7703818270059113,defined
scaffold,tuned,84,final_full_refit,validation,461,0.6866078356212519,0.8580342499317195,0.43840866708006254,defined
scaffold,tuned,2026,final_full_refit,train,2778,0.4763406081971646,0.6133388102671796,0.7166875631423711,defined
scaffold,tuned,2026,final_full_refit,validation,461,0.7354981615572477,0.9223168476486897,0.35110947502892287,defined
