split_strategy,candidate_index,hidden_layers,alpha,learning_rate_init,trainable_parameters,mean_best_stopping_mse_pki2,sample_sd_best_stopping_mse_pki2,selected
random,0,"(16,)",0.01,0.0003,32801,0.8498735930869507,0.019229080647696004,False
random,1,"(16,)",0.01,0.001,32801,0.8702532548826666,0.016053652541698736,False
random,2,"(16,)",0.1,0.0003,32801,0.8206407922336538,0.021200281109080208,False
random,3,"(16,)",0.1,0.001,32801,0.8464144721557285,0.020596995328212627,False
random,4,"(32,)",0.01,0.0003,65601,0.8494388803048419,0.009499685567268152,False
random,5,"(32,)",0.01,0.001,65601,0.8556830717276109,0.009894236827746051,False
random,6,"(32,)",0.1,0.0003,65601,0.8241391726469854,0.009220797095137767,False
random,7,"(32,)",0.1,0.001,65601,0.8420328975405753,0.01082189627032941,False
random,8,"(32, 16)",0.01,0.0003,66113,0.8114253201185663,0.005396267931720031,False
random,9,"(32, 16)",0.01,0.001,66113,0.8264178780835727,0.011255716848997763,False
random,10,"(32, 16)",0.1,0.0003,66113,0.7877350913636626,0.0058594996581277006,True
random,11,"(32, 16)",0.1,0.001,66113,0.8061933077692259,0.00786543921604298,False
scaffold,0,"(16,)",0.01,0.0003,32801,1.066889388181498,0.03557675747612096,False
scaffold,1,"(16,)",0.01,0.001,32801,1.0762278429851282,0.040027305798165956,False
scaffold,2,"(16,)",0.1,0.0003,32801,1.061729842431209,0.03407768025306136,False
scaffold,3,"(16,)",0.1,0.001,32801,1.0693708948887188,0.03811410018383641,False
scaffold,4,"(32,)",0.01,0.0003,65601,1.0814428805043412,0.03585912875135796,False
scaffold,5,"(32,)",0.01,0.001,65601,1.0816326575245407,0.03473549078116805,False
scaffold,6,"(32,)",0.1,0.0003,65601,1.0739064337926016,0.032296666896623756,False
scaffold,7,"(32,)",0.1,0.001,65601,1.0744992518571497,0.03298114875754524,False
scaffold,8,"(32, 16)",0.01,0.0003,66113,1.0501897886435005,0.0034656391539214654,False
scaffold,9,"(32, 16)",0.01,0.001,66113,1.0377176581503555,0.012235467560965623,False
scaffold,10,"(32, 16)",0.1,0.0003,66113,1.0357807369623617,0.005296760785164631,False
scaffold,11,"(32, 16)",0.1,0.001,66113,1.02653393992514,0.015836688402821795,True
