split_strategy,candidate_index,hidden_layers_json,alpha,learning_rate_init,trainable_parameters,initialization_seed,best_stopping_mse_pki2,selected_epoch,internal_epochs_run,stopping_reason,fit_seconds
random,0,[16],0.01,0.0003,32801,42,0.8668857588114802,74,94,patience,5.377951349000796
random,0,[16],0.01,0.0003,32801,7,0.8290104391487207,111,131,patience,10.141700612999557
random,0,[16],0.01,0.0003,32801,21,0.8537245813006508,59,79,patience,4.569513128000835
random,1,[16],0.01,0.001,32801,42,0.8875623963347293,21,41,patience,1.080555884000205
random,1,[16],0.01,0.001,32801,7,0.867344550198752,33,53,patience,3.460097258001042
random,1,[16],0.01,0.001,32801,21,0.8558528181145183,20,40,patience,1.5259254510019673
random,2,[16],0.1,0.0003,32801,42,0.8310082833237322,100,120,patience,9.14080960299907
random,2,[16],0.1,0.0003,32801,7,0.796251884219193,128,148,patience,10.63653193400387
random,2,[16],0.1,0.0003,32801,21,0.8346622091580364,87,107,patience,7.249526315994444
random,3,[16],0.1,0.001,32801,42,0.8693583503196136,28,48,patience,1.7747169610011042
random,3,[16],0.1,0.001,32801,7,0.8295185071104438,52,72,patience,4.9347009749981225
random,3,[16],0.1,0.001,32801,21,0.840366559037128,26,46,patience,2.041417904998525
random,4,[32],0.01,0.0003,65601,42,0.8566823430190259,54,74,patience,6.383707511005923
random,4,[32],0.01,0.0003,65601,7,0.8386832011060473,46,66,patience,6.893940529997053
random,4,[32],0.01,0.0003,65601,21,0.8529510967894524,49,69,patience,5.825804510001035
random,5,[32],0.01,0.001,65601,42,0.8662113950053136,21,41,patience,1.629204930999549
random,5,[32],0.01,0.001,65601,7,0.8465768105164341,14,34,patience,1.221279723002226
random,5,[32],0.01,0.001,65601,21,0.8542610096610851,16,36,patience,1.314341390003392
random,6,[32],0.1,0.0003,65601,42,0.8155917249453574,99,119,patience,11.993113649994484
random,6,[32],0.1,0.0003,65601,7,0.8229148102479622,64,84,patience,8.850353472997085
random,6,[32],0.1,0.0003,65601,21,0.8339109827476369,62,82,patience,9.10405380299926
random,7,[32],0.1,0.001,65601,42,0.8543932431171524,30,50,patience,3.5385761330035166
random,7,[32],0.1,0.001,65601,7,0.834262180252292,17,37,patience,1.4545209369971417
random,7,[32],0.1,0.001,65601,21,0.8374432692522815,20,40,patience,2.2136744299932616
random,8,"[32, 16]",0.01,0.0003,66113,42,0.8114680485173925,45,65,patience,4.829436806998274
random,8,"[32, 16]",0.01,0.0003,66113,7,0.8168000969758585,40,60,patience,3.6689877309981966
random,8,"[32, 16]",0.01,0.0003,66113,21,0.806007814862448,51,71,patience,6.368597574000887
random,9,"[32, 16]",0.01,0.001,66113,42,0.8339979208502732,18,38,patience,1.6137982889995328
random,9,"[32, 16]",0.01,0.001,66113,7,0.8134846419742053,16,36,patience,1.3648757369956002
random,9,"[32, 16]",0.01,0.001,66113,21,0.8317710714262394,21,41,patience,1.794991056995059
random,10,"[32, 16]",0.1,0.0003,66113,42,0.7810504664127773,55,75,patience,6.064809691000846
random,10,"[32, 16]",0.1,0.0003,66113,7,0.791983261550393,52,72,patience,5.049461904003692
random,10,"[32, 16]",0.1,0.0003,66113,21,0.7901715461278177,59,79,patience,8.885751299996627
random,11,"[32, 16]",0.1,0.001,66113,42,0.8144757607455475,21,41,patience,2.3406898440007353
random,11,"[32, 16]",0.1,0.001,66113,7,0.7988247195748827,18,38,patience,2.4321322239993606
random,11,"[32, 16]",0.1,0.001,66113,21,0.8052794429872475,28,48,patience,3.5658387430012226
scaffold,0,[16],0.01,0.0003,32801,42,1.106456224632683,49,69,patience,2.85087941600068
scaffold,0,[16],0.01,0.0003,32801,7,1.037537544670175,69,89,patience,4.497600753005827
scaffold,0,[16],0.01,0.0003,32801,21,1.0566743952416358,45,65,patience,2.808799944999919
scaffold,1,[16],0.01,0.001,32801,42,1.1221268623625829,16,36,patience,0.8743204400016111
scaffold,1,[16],0.01,0.001,32801,7,1.048572462006095,23,43,patience,1.0422880110054393
scaffold,1,[16],0.01,0.001,32801,21,1.057984204586707,15,35,patience,1.0820714090004913
scaffold,2,[16],0.1,0.0003,32801,42,1.099371177215624,54,74,patience,3.286548703996232
scaffold,2,[16],0.1,0.0003,32801,7,1.0329776228861114,72,92,patience,5.280471664002107
scaffold,2,[16],0.1,0.0003,32801,21,1.0528407271918914,49,69,patience,3.1508866470030625
scaffold,3,[16],0.1,0.001,32801,42,1.112706635030738,18,38,patience,1.068824437999865
scaffold,3,[16],0.1,0.001,32801,7,1.0410551038960179,27,47,patience,1.6062036889998126
scaffold,3,[16],0.1,0.001,32801,21,1.0543509457394007,16,36,patience,0.8568710330000613
scaffold,4,[32],0.01,0.0003,65601,42,1.0934160430631863,39,59,patience,3.5334922010006267
scaffold,4,[32],0.01,0.0003,65601,7,1.0411290556921053,34,54,patience,2.97812101800082
scaffold,4,[32],0.01,0.0003,65601,21,1.1097835427577318,36,56,patience,3.481001448002644
scaffold,5,[32],0.01,0.001,65601,42,1.1019853075503365,14,34,patience,1.428266162998625
scaffold,5,[32],0.01,0.001,65601,7,1.0415250520929202,11,31,patience,1.06788722499914
scaffold,5,[32],0.01,0.001,65601,21,1.101387612930366,12,32,patience,1.1248107139981585
scaffold,6,[32],0.1,0.0003,65601,42,1.0833926265002747,43,63,patience,4.110748245999275
scaffold,6,[32],0.1,0.0003,65601,7,1.037929000507014,35,55,patience,3.1170247139962157
scaffold,6,[32],0.1,0.0003,65601,21,1.100397674370516,39,59,patience,4.2289327010003035
scaffold,7,[32],0.1,0.001,65601,42,1.0919857791265137,17,37,patience,1.4485218699992402
scaffold,7,[32],0.1,0.001,65601,7,1.0364571453031532,12,32,patience,1.1142185159988003
scaffold,7,[32],0.1,0.001,65601,21,1.0950548311417825,13,33,patience,1.1223018579985364
scaffold,8,"[32, 16]",0.01,0.0003,66113,42,1.054183243327087,35,55,patience,2.8272466609996627
scaffold,8,"[32, 16]",0.01,0.0003,66113,7,1.0484164320983649,29,49,patience,2.2070727509999415
scaffold,8,"[32, 16]",0.01,0.0003,66113,21,1.0479696905050497,37,57,patience,3.1171110550058074
scaffold,9,"[32, 16]",0.01,0.001,66113,42,1.0293953040801693,14,34,patience,1.2607112440018682
scaffold,9,"[32, 16]",0.01,0.001,66113,7,1.0319914450604826,9,29,patience,1.0376089850033168
scaffold,9,"[32, 16]",0.01,0.001,66113,21,1.0517662253104152,14,34,patience,1.2630160949993297
scaffold,10,"[32, 16]",0.1,0.0003,66113,42,1.035319018607301,46,66,patience,4.810458924002887
scaffold,10,"[32, 16]",0.1,0.0003,66113,7,1.030729949906405,31,51,patience,2.850446397002088
scaffold,10,"[32, 16]",0.1,0.0003,66113,21,1.0412932423733792,42,62,patience,4.4362233220017515
scaffold,11,"[32, 16]",0.1,0.001,66113,42,1.0104839968324668,15,35,patience,1.3368044829985593
scaffold,11,"[32, 16]",0.1,0.001,66113,7,1.026969432266055,10,30,patience,1.1322121190023609
scaffold,11,"[32, 16]",0.1,0.001,66113,21,1.0421483906768987,16,36,patience,1.2906251919994247
