split_strategy,model_variant,initialization_seed,n_pairs,n_participating_structures,pair_difference_mae_pki,correct_direction_fraction,predicted_ties,status
random,tuned,42,11,19,1.132340551404499,0.7272727272727273,0,defined
random,tuned,7,11,19,1.1459475332021507,1.0,0,defined
random,tuned,21,11,19,1.2321826229377022,0.8181818181818182,0,defined
random,tuned,84,11,19,1.1133971115740657,0.9090909090909091,0,defined
random,tuned,2026,11,19,1.2113382067528433,1.0,0,defined
scaffold,tuned,42,110,121,1.3180746770407994,0.6545454545454545,8,defined
scaffold,tuned,7,110,121,1.2823268845367488,0.6909090909090909,7,defined
scaffold,tuned,21,110,121,1.2727387643363317,0.7636363636363637,9,defined
scaffold,tuned,84,110,121,1.302860077778215,0.7181818181818181,7,defined
scaffold,tuned,2026,110,121,1.2630394489761574,0.7363636363636363,9,defined
