split_strategy,model_variant,initialization_seed,group,n_structures,mae_pki,rmse_pki,r2,r2_status
random,tuned,42,cliff_participant,19,0.6512874383925062,0.956303898445759,0.4336944042605603,defined
random,tuned,42,other_validation,339,0.5824457182997388,0.7657484226598077,0.563519655389485,defined
random,tuned,7,cliff_participant,19,0.645779332901412,0.8859249554042009,0.5139814210018752,defined
random,tuned,7,other_validation,339,0.6098176163042733,0.8068700533828106,0.5153818627061737,defined
random,tuned,21,cliff_participant,19,0.736730770851635,0.9957321931242374,0.38603431653284626,defined
random,tuned,21,other_validation,339,0.5824673362428873,0.773536176857153,0.5545963936997333,defined
random,tuned,84,cliff_participant,19,0.6917196642688562,0.9403764152948749,0.45240123821641387,defined
random,tuned,84,other_validation,339,0.6019800079242792,0.7855370971276286,0.5406688815164062,defined
random,tuned,2026,cliff_participant,19,0.732422045193419,0.9656552535470823,0.4225648517555578,defined
random,tuned,2026,other_validation,339,0.6323269049323893,0.8309932176445477,0.4859712286245842,defined
scaffold,tuned,42,cliff_participant,121,0.7706909728723352,0.9362118586499913,0.1758712328345945,defined
scaffold,tuned,42,other_validation,340,0.7148583208169298,0.8971083840635198,0.3707591131155432,defined
scaffold,tuned,7,cliff_participant,121,0.7815639209867341,0.9661793935760966,0.12226717604501047,defined
scaffold,tuned,7,other_validation,340,0.728868697314524,0.9217070876988749,0.33577845598962675,defined
scaffold,tuned,21,cliff_participant,121,0.7808982147810153,0.949736420303797,0.15188843897640425,defined
scaffold,tuned,21,other_validation,340,0.7160271903801871,0.9075076685457184,0.35608623267720085,defined
scaffold,tuned,84,cliff_participant,121,0.7265753705050945,0.8907916942778887,0.25389643303792264,defined
scaffold,tuned,84,other_validation,340,0.6723840952655316,0.8460705155666844,0.44031943652193517,defined
scaffold,tuned,2026,cliff_participant,121,0.7818152310887423,0.9594891552686978,0.13438068384246304,defined
scaffold,tuned,2026,other_validation,340,0.7190147338710393,0.9087210878466263,0.3543631403449995,defined
