split_strategy,model_variant,initialization_seed,training_phase,training_structures,epoch,training_mse_pki2
random,tuned,42,final_full_refit,2860,1,35.10528835265761
random,tuned,42,final_full_refit,2860,2,13.99836921791652
random,tuned,42,final_full_refit,2860,3,2.751725660282931
random,tuned,42,final_full_refit,2860,4,1.6609986387860776
random,tuned,42,final_full_refit,2860,5,1.4354837748364802
random,tuned,42,final_full_refit,2860,6,1.2726769224998364
random,tuned,42,final_full_refit,2860,7,1.1493671808643577
random,tuned,42,final_full_refit,2860,8,1.0526483213635867
random,tuned,42,final_full_refit,2860,9,0.9747997472004113
random,tuned,42,final_full_refit,2860,10,0.910804727158977
random,tuned,42,final_full_refit,2860,11,0.8572035951478446
random,tuned,42,final_full_refit,2860,12,0.8115755447788111
random,tuned,42,final_full_refit,2860,13,0.7720900561713476
random,tuned,42,final_full_refit,2860,14,0.7374545906775689
random,tuned,42,final_full_refit,2860,15,0.7067281938085521
random,tuned,42,final_full_refit,2860,16,0.6792547155555836
random,tuned,42,final_full_refit,2860,17,0.6544938897047116
random,tuned,42,final_full_refit,2860,18,0.6320256249815215
random,tuned,42,final_full_refit,2860,19,0.6114513762014379
random,tuned,42,final_full_refit,2860,20,0.5924690719961335
random,tuned,42,final_full_refit,2860,21,0.5748181544503537
random,tuned,42,final_full_refit,2860,22,0.5581905511766488
random,tuned,42,final_full_refit,2860,23,0.5420607805609551
random,tuned,42,final_full_refit,2860,24,0.5250087235622489
random,tuned,42,final_full_refit,2860,25,0.5076816877104838
random,tuned,42,final_full_refit,2860,26,0.4894868781340735
random,tuned,42,final_full_refit,2860,27,0.47154794528309557
random,tuned,42,final_full_refit,2860,28,0.4534491496195604
random,tuned,42,final_full_refit,2860,29,0.435783725605317
random,tuned,42,final_full_refit,2860,30,0.41688121210632595
random,tuned,42,final_full_refit,2860,31,0.39809310837674505
random,tuned,42,final_full_refit,2860,32,0.3789154349940609
random,tuned,42,final_full_refit,2860,33,0.36193188493458495
random,tuned,42,final_full_refit,2860,34,0.34524038493366255
random,tuned,42,final_full_refit,2860,35,0.32730443846531915
random,tuned,42,final_full_refit,2860,36,0.31153141081519503
random,tuned,42,final_full_refit,2860,37,0.2951356523601084
random,tuned,42,final_full_refit,2860,38,0.28087799836071947
random,tuned,42,final_full_refit,2860,39,0.2671321219488726
random,tuned,42,final_full_refit,2860,40,0.2538859776588658
random,tuned,42,final_full_refit,2860,41,0.24038296444117807
random,tuned,42,final_full_refit,2860,42,0.2277940382239734
random,tuned,42,final_full_refit,2860,43,0.21577304696009833
random,tuned,42,final_full_refit,2860,44,0.20549234853233966
random,tuned,42,final_full_refit,2860,45,0.19474456220334616
random,tuned,42,final_full_refit,2860,46,0.18571802822150837
random,tuned,42,final_full_refit,2860,47,0.17707877210911177
random,tuned,42,final_full_refit,2860,48,0.16890666686189088
random,tuned,42,final_full_refit,2860,49,0.16156497224073582
random,tuned,42,final_full_refit,2860,50,0.15377576797303266
random,tuned,42,final_full_refit,2860,51,0.1467506921151348
random,tuned,42,final_full_refit,2860,52,0.1399134165481057
random,tuned,42,final_full_refit,2860,53,0.13347238328302413
random,tuned,42,final_full_refit,2860,54,0.12755833493999416
random,tuned,42,final_full_refit,2860,55,0.12247017801306322
random,tuned,7,final_full_refit,2860,1,31.7710750264895
random,tuned,7,final_full_refit,2860,2,9.622704355356541
random,tuned,7,final_full_refit,2860,3,2.217864091686325
random,tuned,7,final_full_refit,2860,4,1.582557766959932
random,tuned,7,final_full_refit,2860,5,1.3331789581675901
random,tuned,7,final_full_refit,2860,6,1.1629799918675803
random,tuned,7,final_full_refit,2860,7,1.0383414777588609
random,tuned,7,final_full_refit,2860,8,0.9431030898435838
random,tuned,7,final_full_refit,2860,9,0.8676549340598485
random,tuned,7,final_full_refit,2860,10,0.8066553010692075
random,tuned,7,final_full_refit,2860,11,0.7556108224139763
random,tuned,7,final_full_refit,2860,12,0.7122586054936598
random,tuned,7,final_full_refit,2860,13,0.6751314443866638
random,tuned,7,final_full_refit,2860,14,0.6426112533966591
random,tuned,7,final_full_refit,2860,15,0.6139593364217858
random,tuned,7,final_full_refit,2860,16,0.587935165953608
random,tuned,7,final_full_refit,2860,17,0.5644674394311961
random,tuned,7,final_full_refit,2860,18,0.5434150444329752
random,tuned,7,final_full_refit,2860,19,0.5238759974355385
random,tuned,7,final_full_refit,2860,20,0.5067899443654603
random,tuned,7,final_full_refit,2860,21,0.48876572383194916
random,tuned,7,final_full_refit,2860,22,0.4726130866539948
random,tuned,7,final_full_refit,2860,23,0.45712045925686684
random,tuned,7,final_full_refit,2860,24,0.4419912154557077
random,tuned,7,final_full_refit,2860,25,0.42729009575945703
random,tuned,7,final_full_refit,2860,26,0.41321769722404456
random,tuned,7,final_full_refit,2860,27,0.3991150054275764
random,tuned,7,final_full_refit,2860,28,0.38547143730686967
random,tuned,7,final_full_refit,2860,29,0.37224751135484907
random,tuned,7,final_full_refit,2860,30,0.3597777007003739
random,tuned,7,final_full_refit,2860,31,0.3475977778817152
random,tuned,7,final_full_refit,2860,32,0.33563104275691147
random,tuned,7,final_full_refit,2860,33,0.3243798058830054
random,tuned,7,final_full_refit,2860,34,0.31354300414306296
random,tuned,7,final_full_refit,2860,35,0.3030497032468183
random,tuned,7,final_full_refit,2860,36,0.2929016593173169
random,tuned,7,final_full_refit,2860,37,0.2830111121481368
random,tuned,7,final_full_refit,2860,38,0.2738227133303252
random,tuned,7,final_full_refit,2860,39,0.2645967237067813
random,tuned,7,final_full_refit,2860,40,0.2566241289498819
random,tuned,7,final_full_refit,2860,41,0.24789936738559096
random,tuned,7,final_full_refit,2860,42,0.24008579699509625
random,tuned,7,final_full_refit,2860,43,0.2334139234844079
random,tuned,7,final_full_refit,2860,44,0.22573062968927585
random,tuned,7,final_full_refit,2860,45,0.21927682642408178
random,tuned,7,final_full_refit,2860,46,0.2125673005997393
random,tuned,7,final_full_refit,2860,47,0.2061630901759243
random,tuned,7,final_full_refit,2860,48,0.20041794989007897
random,tuned,7,final_full_refit,2860,49,0.19392167066346763
random,tuned,7,final_full_refit,2860,50,0.18863340850646843
random,tuned,7,final_full_refit,2860,51,0.1833643436051254
random,tuned,7,final_full_refit,2860,52,0.17792808769270066
random,tuned,21,final_full_refit,2860,1,36.204641006632436
random,tuned,21,final_full_refit,2860,2,17.541363650479752
random,tuned,21,final_full_refit,2860,3,5.071381085159082
random,tuned,21,final_full_refit,2860,4,1.937038896593593
random,tuned,21,final_full_refit,2860,5,1.587906813263084
random,tuned,21,final_full_refit,2860,6,1.3952802352859803
random,tuned,21,final_full_refit,2860,7,1.2505973975333036
random,tuned,21,final_full_refit,2860,8,1.1379199246952643
random,tuned,21,final_full_refit,2860,9,1.0479697938272934
random,tuned,21,final_full_refit,2860,10,0.9742058511168058
random,tuned,21,final_full_refit,2860,11,0.9123124479077822
random,tuned,21,final_full_refit,2860,12,0.8593113892453791
random,tuned,21,final_full_refit,2860,13,0.8130428143897328
random,tuned,21,final_full_refit,2860,14,0.7718951949690578
random,tuned,21,final_full_refit,2860,15,0.7352165160242038
random,tuned,21,final_full_refit,2860,16,0.702140508867094
random,tuned,21,final_full_refit,2860,17,0.6721052630624287
random,tuned,21,final_full_refit,2860,18,0.644621649130119
random,tuned,21,final_full_refit,2860,19,0.6193460924845193
random,tuned,21,final_full_refit,2860,20,0.5958907581208017
random,tuned,21,final_full_refit,2860,21,0.5740662251977159
random,tuned,21,final_full_refit,2860,22,0.5536894449414553
random,tuned,21,final_full_refit,2860,23,0.5345832675077814
random,tuned,21,final_full_refit,2860,24,0.5166022261971787
random,tuned,21,final_full_refit,2860,25,0.4997459791098594
random,tuned,21,final_full_refit,2860,26,0.48354807471159816
random,tuned,21,final_full_refit,2860,27,0.46825713299440497
random,tuned,21,final_full_refit,2860,28,0.4536859221270806
random,tuned,21,final_full_refit,2860,29,0.43970824802231545
random,tuned,21,final_full_refit,2860,30,0.42644317088491235
random,tuned,21,final_full_refit,2860,31,0.4134971370995248
random,tuned,21,final_full_refit,2860,32,0.401764078232444
random,tuned,21,final_full_refit,2860,33,0.38979947180562646
random,tuned,21,final_full_refit,2860,34,0.37858827625480784
random,tuned,21,final_full_refit,2860,35,0.3672662303928102
random,tuned,21,final_full_refit,2860,36,0.3550814266678469
random,tuned,21,final_full_refit,2860,37,0.3435578542090263
random,tuned,21,final_full_refit,2860,38,0.33194325060702345
random,tuned,21,final_full_refit,2860,39,0.32116626486312955
random,tuned,21,final_full_refit,2860,40,0.3105258911774515
random,tuned,21,final_full_refit,2860,41,0.300698009084083
random,tuned,21,final_full_refit,2860,42,0.2909341064142235
random,tuned,21,final_full_refit,2860,43,0.2820421775118936
random,tuned,21,final_full_refit,2860,44,0.27244028216750776
random,tuned,21,final_full_refit,2860,45,0.2640117933965039
random,tuned,21,final_full_refit,2860,46,0.2554384009277256
random,tuned,21,final_full_refit,2860,47,0.2468327745844516
random,tuned,21,final_full_refit,2860,48,0.23864066752315816
random,tuned,21,final_full_refit,2860,49,0.23065174455265858
random,tuned,21,final_full_refit,2860,50,0.22333126385230737
random,tuned,21,final_full_refit,2860,51,0.21613331200789013
random,tuned,21,final_full_refit,2860,52,0.20848086955090694
random,tuned,21,final_full_refit,2860,53,0.20210870608354703
random,tuned,21,final_full_refit,2860,54,0.1949198495355271
random,tuned,21,final_full_refit,2860,55,0.1882225995833081
random,tuned,21,final_full_refit,2860,56,0.1818525235544193
random,tuned,21,final_full_refit,2860,57,0.1746273264406352
random,tuned,21,final_full_refit,2860,58,0.16877496068512113
random,tuned,21,final_full_refit,2860,59,0.16273166017430082
random,tuned,84,final_full_refit,2860,1,33.72609598793087
random,tuned,84,final_full_refit,2860,2,17.69760672793379
random,tuned,84,final_full_refit,2860,3,4.391871498992231
random,tuned,84,final_full_refit,2860,4,1.6809131145378058
random,tuned,84,final_full_refit,2860,5,1.4270056668227888
random,tuned,84,final_full_refit,2860,6,1.2557821544463597
random,tuned,84,final_full_refit,2860,7,1.1277370231576462
random,tuned,84,final_full_refit,2860,8,1.0263745546802772
random,tuned,84,final_full_refit,2860,9,0.9445462326027123
random,tuned,84,final_full_refit,2860,10,0.8773607361824733
random,tuned,84,final_full_refit,2860,11,0.8211189071666941
random,tuned,84,final_full_refit,2860,12,0.7733254096771357
random,tuned,84,final_full_refit,2860,13,0.7321237856638103
random,tuned,84,final_full_refit,2860,14,0.6961582021292716
random,tuned,84,final_full_refit,2860,15,0.6645170915831531
random,tuned,84,final_full_refit,2860,16,0.6363436066444699
random,tuned,84,final_full_refit,2860,17,0.6112768602780734
random,tuned,84,final_full_refit,2860,18,0.5887612851881442
random,tuned,84,final_full_refit,2860,19,0.5682999759845813
random,tuned,84,final_full_refit,2860,20,0.5496091322003614
random,tuned,84,final_full_refit,2860,21,0.5324221760079982
random,tuned,84,final_full_refit,2860,22,0.516506087401379
random,tuned,84,final_full_refit,2860,23,0.5017142996336739
random,tuned,84,final_full_refit,2860,24,0.4878656587845093
random,tuned,84,final_full_refit,2860,25,0.4748506328982171
random,tuned,84,final_full_refit,2860,26,0.4625423617918798
random,tuned,84,final_full_refit,2860,27,0.45084963250622084
random,tuned,84,final_full_refit,2860,28,0.43959461815614576
random,tuned,84,final_full_refit,2860,29,0.4289884779882259
random,tuned,84,final_full_refit,2860,30,0.4188732460669953
random,tuned,84,final_full_refit,2860,31,0.40911901516377963
random,tuned,84,final_full_refit,2860,32,0.39967643516343865
random,tuned,84,final_full_refit,2860,33,0.3907023122738574
random,tuned,84,final_full_refit,2860,34,0.37927601984274883
random,tuned,84,final_full_refit,2860,35,0.3675080471481321
random,tuned,84,final_full_refit,2860,36,0.35637565467305427
random,tuned,84,final_full_refit,2860,37,0.34653185717800755
random,tuned,84,final_full_refit,2860,38,0.337198338235161
random,tuned,84,final_full_refit,2860,39,0.32804304183795024
random,tuned,84,final_full_refit,2860,40,0.31910644495020657
random,tuned,84,final_full_refit,2860,41,0.3102753662019192
random,tuned,84,final_full_refit,2860,42,0.30171736482212674
random,tuned,84,final_full_refit,2860,43,0.292882210718351
random,tuned,84,final_full_refit,2860,44,0.28416604484185326
random,tuned,84,final_full_refit,2860,45,0.2757001719715163
random,tuned,84,final_full_refit,2860,46,0.26721101414555215
random,tuned,84,final_full_refit,2860,47,0.25866896191850985
random,tuned,84,final_full_refit,2860,48,0.2501822066437654
random,tuned,84,final_full_refit,2860,49,0.24180713910799254
random,tuned,84,final_full_refit,2860,50,0.23367697598795212
random,tuned,84,final_full_refit,2860,51,0.22569843010968288
random,tuned,84,final_full_refit,2860,52,0.2182170886263191
random,tuned,84,final_full_refit,2860,53,0.21043265724390475
random,tuned,84,final_full_refit,2860,54,0.20356266062458575
random,tuned,84,final_full_refit,2860,55,0.19604790481327117
random,tuned,84,final_full_refit,2860,56,0.1888750805887288
random,tuned,84,final_full_refit,2860,57,0.18199860303113133
random,tuned,84,final_full_refit,2860,58,0.1752878507513035
random,tuned,84,final_full_refit,2860,59,0.1689739246185329
random,tuned,84,final_full_refit,2860,60,0.16307897389449472
random,tuned,84,final_full_refit,2860,61,0.15725173283250932
random,tuned,84,final_full_refit,2860,62,0.15173085737690606
random,tuned,2026,final_full_refit,2860,1,30.541402403107252
random,tuned,2026,final_full_refit,2860,2,5.730000628701701
random,tuned,2026,final_full_refit,2860,3,1.833714552151599
random,tuned,2026,final_full_refit,2860,4,1.483833998422123
random,tuned,2026,final_full_refit,2860,5,1.2708406689524672
random,tuned,2026,final_full_refit,2860,6,1.1220415101283
random,tuned,2026,final_full_refit,2860,7,1.010550571474415
random,tuned,2026,final_full_refit,2860,8,0.9234313935322759
random,tuned,2026,final_full_refit,2860,9,0.8533518808042132
random,tuned,2026,final_full_refit,2860,10,0.7954989023835755
random,tuned,2026,final_full_refit,2860,11,0.7467307054284699
random,tuned,2026,final_full_refit,2860,12,0.7050113779913115
random,tuned,2026,final_full_refit,2860,13,0.6688925728440981
random,tuned,2026,final_full_refit,2860,14,0.6372068196223238
random,tuned,2026,final_full_refit,2860,15,0.6091809641283559
random,tuned,2026,final_full_refit,2860,16,0.5841526995177171
random,tuned,2026,final_full_refit,2860,17,0.5615814072016699
random,tuned,2026,final_full_refit,2860,18,0.5410784581828596
random,tuned,2026,final_full_refit,2860,19,0.5222881258975033
random,tuned,2026,final_full_refit,2860,20,0.5050280020933342
random,tuned,2026,final_full_refit,2860,21,0.48907085381228826
random,tuned,2026,final_full_refit,2860,22,0.4743051654847417
random,tuned,2026,final_full_refit,2860,23,0.4604680588799
random,tuned,2026,final_full_refit,2860,24,0.44749869467847264
random,tuned,2026,final_full_refit,2860,25,0.43534149804995903
random,tuned,2026,final_full_refit,2860,26,0.423789352904756
random,tuned,2026,final_full_refit,2860,27,0.4128204906163018
random,tuned,2026,final_full_refit,2860,28,0.40237250066836
random,tuned,2026,final_full_refit,2860,29,0.3923060441449654
random,tuned,2026,final_full_refit,2860,30,0.38262574383598214
random,tuned,2026,final_full_refit,2860,31,0.373269144984996
random,tuned,2026,final_full_refit,2860,32,0.36427888843120193
random,tuned,2026,final_full_refit,2860,33,0.3554580791284473
random,tuned,2026,final_full_refit,2860,34,0.34673253797574644
random,tuned,2026,final_full_refit,2860,35,0.33816531323194116
random,tuned,2026,final_full_refit,2860,36,0.329704799723984
random,tuned,2026,final_full_refit,2860,37,0.321341400644048
random,tuned,2026,final_full_refit,2860,38,0.3134360077545339
random,tuned,2026,final_full_refit,2860,39,0.30524138600716305
scaffold,tuned,42,final_full_refit,2778,1,2.866847242220035
scaffold,tuned,42,final_full_refit,2778,2,1.3051843409492763
scaffold,tuned,42,final_full_refit,2778,3,0.9671334645223363
scaffold,tuned,42,final_full_refit,2778,4,0.7951517964735934
scaffold,tuned,42,final_full_refit,2778,5,0.6864172008556335
scaffold,tuned,42,final_full_refit,2778,6,0.6105864633903347
scaffold,tuned,42,final_full_refit,2778,7,0.5522894657983429
scaffold,tuned,42,final_full_refit,2778,8,0.504549113686422
scaffold,tuned,42,final_full_refit,2778,9,0.46365253828730424
scaffold,tuned,42,final_full_refit,2778,10,0.42876611130644887
scaffold,tuned,42,final_full_refit,2778,11,0.3995447957584717
scaffold,tuned,42,final_full_refit,2778,12,0.3728518024076382
scaffold,tuned,42,final_full_refit,2778,13,0.3524015159302763
scaffold,tuned,42,final_full_refit,2778,14,0.33002446685826325
scaffold,tuned,42,final_full_refit,2778,15,0.31256485566125736
scaffold,tuned,7,final_full_refit,2778,1,2.113544182776808
scaffold,tuned,7,final_full_refit,2778,2,1.2547663112614538
scaffold,tuned,7,final_full_refit,2778,3,0.9232213079942416
scaffold,tuned,7,final_full_refit,2778,4,0.7431079551278406
scaffold,tuned,7,final_full_refit,2778,5,0.6240908561279154
scaffold,tuned,7,final_full_refit,2778,6,0.5435694203836344
scaffold,tuned,7,final_full_refit,2778,7,0.48608846415103285
scaffold,tuned,7,final_full_refit,2778,8,0.44082225036923806
scaffold,tuned,7,final_full_refit,2778,9,0.4045243660338857
scaffold,tuned,7,final_full_refit,2778,10,0.37261452768631753
scaffold,tuned,21,final_full_refit,2778,1,4.623566382073796
scaffold,tuned,21,final_full_refit,2778,2,1.3915819024255136
scaffold,tuned,21,final_full_refit,2778,3,1.0273477495183492
scaffold,tuned,21,final_full_refit,2778,4,0.845252891454716
scaffold,tuned,21,final_full_refit,2778,5,0.7285471477342096
scaffold,tuned,21,final_full_refit,2778,6,0.6478013568718315
scaffold,tuned,21,final_full_refit,2778,7,0.5884841932065336
scaffold,tuned,21,final_full_refit,2778,8,0.5428856305202904
scaffold,tuned,21,final_full_refit,2778,9,0.5061004729658077
scaffold,tuned,21,final_full_refit,2778,10,0.4756869697986239
scaffold,tuned,21,final_full_refit,2778,11,0.449468640716659
scaffold,tuned,21,final_full_refit,2778,12,0.42679090141571774
scaffold,tuned,21,final_full_refit,2778,13,0.4060790259169155
scaffold,tuned,21,final_full_refit,2778,14,0.38670532231560334
scaffold,tuned,21,final_full_refit,2778,15,0.3693711011244213
scaffold,tuned,21,final_full_refit,2778,16,0.35374836067020793
scaffold,tuned,84,final_full_refit,2778,1,6.4162861513565135
scaffold,tuned,84,final_full_refit,2778,2,1.3456699947472015
scaffold,tuned,84,final_full_refit,2778,3,0.9761832842468302
scaffold,tuned,84,final_full_refit,2778,4,0.7782676536471088
scaffold,tuned,84,final_full_refit,2778,5,0.6527024728841768
scaffold,tuned,84,final_full_refit,2778,6,0.5691361512469894
scaffold,tuned,84,final_full_refit,2778,7,0.5085276154825228
scaffold,tuned,84,final_full_refit,2778,8,0.46161466006443586
scaffold,tuned,84,final_full_refit,2778,9,0.4240823615288913
scaffold,tuned,84,final_full_refit,2778,10,0.3937645448197803
scaffold,tuned,84,final_full_refit,2778,11,0.36707768081013253
scaffold,tuned,84,final_full_refit,2778,12,0.34371330222425145
scaffold,tuned,84,final_full_refit,2778,13,0.3230687662896536
scaffold,tuned,84,final_full_refit,2778,14,0.30488882761243324
scaffold,tuned,2026,final_full_refit,2778,1,2.598924941417202
scaffold,tuned,2026,final_full_refit,2778,2,1.2002977623074518
scaffold,tuned,2026,final_full_refit,2778,3,0.9069239582456724
scaffold,tuned,2026,final_full_refit,2778,4,0.7445456739693646
scaffold,tuned,2026,final_full_refit,2778,5,0.6411852025717344
scaffold,tuned,2026,final_full_refit,2778,6,0.5694863737020964
scaffold,tuned,2026,final_full_refit,2778,7,0.5155939475035798
scaffold,tuned,2026,final_full_refit,2778,8,0.4721932983749286
scaffold,tuned,2026,final_full_refit,2778,9,0.4356135914859221
scaffold,tuned,2026,final_full_refit,2778,10,0.40389369297368244
scaffold,tuned,2026,final_full_refit,2778,11,0.3761844961799593
