split_strategy,model_variant,initialization_seed,training_phase,epoch,fit_mse_pki2,stopping_mse_pki2
random,tuned,42,internal_selection,1,38.89915402641837,38.73688922049432
random,tuned,42,internal_selection,2,22.20567415113678,22.004560732301112
random,tuned,42,internal_selection,3,7.523148404196412,7.399503430057347
random,tuned,42,internal_selection,4,2.1825953013761734,2.173022409587186
random,tuned,42,internal_selection,5,1.6384320226113007,1.6988229561816937
random,tuned,42,internal_selection,6,1.4467253297032783,1.5420297310290305
random,tuned,42,internal_selection,7,1.3013604588197552,1.4264128919661914
random,tuned,42,internal_selection,8,1.1871140849724562,1.3379604432762906
random,tuned,42,internal_selection,9,1.094982885684177,1.2684478192848057
random,tuned,42,internal_selection,10,1.018851845940735,1.2117722673745708
random,tuned,42,internal_selection,11,0.9547513552027416,1.1646012597915893
random,tuned,42,internal_selection,12,0.8999615350892317,1.1246079888491682
random,tuned,42,internal_selection,13,0.8525506733359332,1.0901835877923436
random,tuned,42,internal_selection,14,0.8110626995217401,1.0602770223886027
random,tuned,42,internal_selection,15,0.7742151867619531,1.0340707254102834
random,tuned,42,internal_selection,16,0.7411950674035591,1.0109166866901267
random,tuned,42,internal_selection,17,0.7113497709888803,0.9903565448352041
random,tuned,42,internal_selection,18,0.6841917849746756,0.9720717773020787
random,tuned,42,internal_selection,19,0.6592444448709498,0.9557008040004555
random,tuned,42,internal_selection,20,0.6362112174410403,0.9410710450959907
random,tuned,42,internal_selection,21,0.6147165100215123,0.9277652635535697
random,tuned,42,internal_selection,22,0.5938101825937829,0.9139049050867804
random,tuned,42,internal_selection,23,0.5686565271430312,0.8934838161492206
random,tuned,42,internal_selection,24,0.5476459260106189,0.8809797431620763
random,tuned,42,internal_selection,25,0.5287199933455495,0.8713141009878203
random,tuned,42,internal_selection,26,0.51117078800479,0.8629224918937172
random,tuned,42,internal_selection,27,0.4947979561392988,0.8555645501277289
random,tuned,42,internal_selection,28,0.4791558903533482,0.8489359882669744
random,tuned,42,internal_selection,29,0.46438096184023386,0.8427321418619672
random,tuned,42,internal_selection,30,0.45010932082522004,0.836954024806823
random,tuned,42,internal_selection,31,0.4364194972467606,0.8321213588737973
random,tuned,42,internal_selection,32,0.4230411535499478,0.8272828434962297
random,tuned,42,internal_selection,33,0.4100201347686115,0.8223223434022616
random,tuned,42,internal_selection,34,0.397102891246307,0.8186349053965369
random,tuned,42,internal_selection,35,0.38427934278184483,0.8150115807287505
random,tuned,42,internal_selection,36,0.3714618751939941,0.8112692015470117
random,tuned,42,internal_selection,37,0.35888137683077825,0.8079610438828899
random,tuned,42,internal_selection,38,0.3467641456397254,0.8047533400239851
random,tuned,42,internal_selection,39,0.3345999180249394,0.8025248470315497
random,tuned,42,internal_selection,40,0.32266368410316504,0.7988820792987421
random,tuned,42,internal_selection,41,0.310937948277941,0.7972264208957379
random,tuned,42,internal_selection,42,0.2995785913973517,0.7950750061962877
random,tuned,42,internal_selection,43,0.2884135653404665,0.7942797710614073
random,tuned,42,internal_selection,44,0.27749398171477335,0.7935783524010321
random,tuned,42,internal_selection,45,0.26691784753610875,0.7931392440871428
random,tuned,42,internal_selection,46,0.25668502636617063,0.7909821292864584
random,tuned,42,internal_selection,47,0.2461129744476455,0.7900906310166931
random,tuned,42,internal_selection,48,0.23545992150576128,0.7893078108291024
random,tuned,42,internal_selection,49,0.2262609002220075,0.7877531905397461
random,tuned,42,internal_selection,50,0.21557559386951275,0.7840086638769455
random,tuned,42,internal_selection,51,0.2065063459138174,0.7833228581241701
random,tuned,42,internal_selection,52,0.19756629513846144,0.7823712246106468
random,tuned,42,internal_selection,53,0.18939972771071567,0.7822827092175412
random,tuned,42,internal_selection,54,0.18058996572639738,0.7827030895461012
random,tuned,42,internal_selection,55,0.17186089766363838,0.7810504664127773
random,tuned,42,internal_selection,56,0.16376045059115724,0.7828033942554581
random,tuned,42,internal_selection,57,0.1567279010590602,0.7825012288697546
random,tuned,42,internal_selection,58,0.1491382382128685,0.7829047203995942
random,tuned,42,internal_selection,59,0.14371692791900653,0.7823765886654631
random,tuned,42,internal_selection,60,0.13693036674288528,0.7810893964193113
random,tuned,42,internal_selection,61,0.12988677770258095,0.781768740121708
random,tuned,42,internal_selection,62,0.12320211412554698,0.7839270282186797
random,tuned,42,internal_selection,63,0.11761551472536363,0.7825158799501504
random,tuned,42,internal_selection,64,0.11263769147740361,0.7844762991033968
random,tuned,42,internal_selection,65,0.10663610757754034,0.7833782070839848
random,tuned,42,internal_selection,66,0.10223661202790892,0.7858997187480125
random,tuned,42,internal_selection,67,0.09744627593781058,0.7861149519399281
random,tuned,42,internal_selection,68,0.09401530571085354,0.7853611029060009
random,tuned,42,internal_selection,69,0.09117148003403265,0.7881529638730974
random,tuned,42,internal_selection,70,0.08735876203414951,0.788351855861306
random,tuned,42,internal_selection,71,0.08493971405486764,0.7898344708488655
random,tuned,42,internal_selection,72,0.08254484426595352,0.793351418781645
random,tuned,42,internal_selection,73,0.0793101114918646,0.7942435758564612
random,tuned,42,internal_selection,74,0.07743303907164732,0.7969567804521589
random,tuned,42,internal_selection,75,0.07254395269128451,0.7978844510150599
random,tuned,7,internal_selection,1,37.65226676186742,37.379594544231324
random,tuned,7,internal_selection,2,17.065419891866203,16.855004995470804
random,tuned,7,internal_selection,3,4.9994210061721045,4.893320150656408
random,tuned,7,internal_selection,4,1.929942646418547,1.9363667095232513
random,tuned,7,internal_selection,5,1.5529981680096578,1.6263949042562549
random,tuned,7,internal_selection,6,1.3365631107445461,1.4495671470832436
random,tuned,7,internal_selection,7,1.1830480261830776,1.329628556745514
random,tuned,7,internal_selection,8,1.0680202475592349,1.2427786054323307
random,tuned,7,internal_selection,9,0.9784770206743796,1.176768476143583
random,tuned,7,internal_selection,10,0.9062592702428015,1.1245378993359272
random,tuned,7,internal_selection,11,0.8464321306996726,1.0818456849315683
random,tuned,7,internal_selection,12,0.7958002911977479,1.0461303708179128
random,tuned,7,internal_selection,13,0.7520293832938765,1.01602250680587
random,tuned,7,internal_selection,14,0.7135706990430242,0.9903572248981917
random,tuned,7,internal_selection,15,0.67940918225228,0.9682125066095273
random,tuned,7,internal_selection,16,0.648888822606779,0.9493734144876043
random,tuned,7,internal_selection,17,0.6212107352768393,0.932998652215864
random,tuned,7,internal_selection,18,0.5959967706933001,0.9189019332570716
random,tuned,7,internal_selection,19,0.57274191674581,0.9065437055639859
random,tuned,7,internal_selection,20,0.5511973004202041,0.8959382586763633
random,tuned,7,internal_selection,21,0.5312260110883116,0.8864287392940442
random,tuned,7,internal_selection,22,0.5126442574715562,0.8783270888694078
random,tuned,7,internal_selection,23,0.4951793164928911,0.870786387792081
random,tuned,7,internal_selection,24,0.4785785681964479,0.8639760498466409
random,tuned,7,internal_selection,25,0.46269958058608274,0.8573439833903913
random,tuned,7,internal_selection,26,0.4474050074489608,0.8518307200184142
random,tuned,7,internal_selection,27,0.4327750058132853,0.8464615701071884
random,tuned,7,internal_selection,28,0.4188095431013603,0.8415369787813392
random,tuned,7,internal_selection,29,0.40525143655714346,0.836566334038465
random,tuned,7,internal_selection,30,0.39229371411796643,0.8325053515661313
random,tuned,7,internal_selection,31,0.3795476595036022,0.8289067449596805
random,tuned,7,internal_selection,32,0.36754546573771013,0.8257266411719566
random,tuned,7,internal_selection,33,0.3558115936206897,0.8221418718347014
random,tuned,7,internal_selection,34,0.3445851633107091,0.818795018125601
random,tuned,7,internal_selection,35,0.33331948438988546,0.8161707410557942
random,tuned,7,internal_selection,36,0.32281283341471784,0.8130423162724844
random,tuned,7,internal_selection,37,0.3124944707137988,0.8107729950957728
random,tuned,7,internal_selection,38,0.30248330988025635,0.808403362359838
random,tuned,7,internal_selection,39,0.29298352539065586,0.8061377352905494
random,tuned,7,internal_selection,40,0.2835679526545699,0.8038525774080206
random,tuned,7,internal_selection,41,0.2744176122012472,0.802676223575432
random,tuned,7,internal_selection,42,0.2656970641040094,0.8005992275548192
random,tuned,7,internal_selection,43,0.2572653013640406,0.7991760165540592
random,tuned,7,internal_selection,44,0.24951814948998347,0.7979217678576511
random,tuned,7,internal_selection,45,0.2413375762195032,0.7966328839332096
random,tuned,7,internal_selection,46,0.23414922879197397,0.7950877614282384
random,tuned,7,internal_selection,47,0.22631588129540095,0.7939438330506529
random,tuned,7,internal_selection,48,0.21956935769405317,0.7932776433851026
random,tuned,7,internal_selection,49,0.21225478645120763,0.7943909252742836
random,tuned,7,internal_selection,50,0.20621511490677438,0.7937546972811139
random,tuned,7,internal_selection,51,0.19916904460988213,0.7927373212603442
random,tuned,7,internal_selection,52,0.1928346145040976,0.791983261550393
random,tuned,7,internal_selection,53,0.18693745719930668,0.7923082070186485
random,tuned,7,internal_selection,54,0.18121914604345907,0.7936731318388904
random,tuned,7,internal_selection,55,0.17563117286530935,0.7939551683660351
random,tuned,7,internal_selection,56,0.17017587009079485,0.7937237232036086
random,tuned,7,internal_selection,57,0.16574311514843623,0.7948365716635909
random,tuned,7,internal_selection,58,0.16050909263505306,0.7945057739771826
random,tuned,7,internal_selection,59,0.15558669169630476,0.7933795086123447
random,tuned,7,internal_selection,60,0.15091429471362053,0.7945556991372735
random,tuned,7,internal_selection,61,0.14642755648872582,0.7959328169173394
random,tuned,7,internal_selection,62,0.14193069882863335,0.7972312595339791
random,tuned,7,internal_selection,63,0.13849891895522615,0.8000344471452921
random,tuned,7,internal_selection,64,0.13430937591898467,0.8010473798619454
random,tuned,7,internal_selection,65,0.1301507021681334,0.8014740192748133
random,tuned,7,internal_selection,66,0.12688575540463026,0.8027537931511682
random,tuned,7,internal_selection,67,0.1230702132549894,0.8026369204783507
random,tuned,7,internal_selection,68,0.11966368746263893,0.8032130992673574
random,tuned,7,internal_selection,69,0.11595491504544311,0.8048300215958167
random,tuned,7,internal_selection,70,0.11323174521332259,0.8059784061178348
random,tuned,7,internal_selection,71,0.11076230347515979,0.8097330675715235
random,tuned,7,internal_selection,72,0.10737933738925462,0.8106509383258577
random,tuned,21,internal_selection,1,39.796371858393805,39.5334135059741
random,tuned,21,internal_selection,2,24.745897336021894,24.538642040475565
random,tuned,21,internal_selection,3,11.373098338369024,11.230397180109
random,tuned,21,internal_selection,4,3.8697649966655865,3.820722679117297
random,tuned,21,internal_selection,5,1.9194914527940838,1.9564945061623606
random,tuned,21,internal_selection,6,1.6058290164942008,1.6921751357150872
random,tuned,21,internal_selection,7,1.4332168687964277,1.5495136079331027
random,tuned,21,internal_selection,8,1.2978750505943812,1.4395192279874531
random,tuned,21,internal_selection,9,1.1892413730302573,1.353387560899013
random,tuned,21,internal_selection,10,1.1004197283854664,1.2842129078037188
random,tuned,21,internal_selection,11,1.026343919585745,1.2273783063592354
random,tuned,21,internal_selection,12,0.9632752538461825,1.179496356254625
random,tuned,21,internal_selection,13,0.9088064151612775,1.1384770336299077
random,tuned,21,internal_selection,14,0.861078970074435,1.1027873545893094
random,tuned,21,internal_selection,15,0.8187594666739403,1.0712773633209756
random,tuned,21,internal_selection,16,0.7807295888596676,1.043253097441318
random,tuned,21,internal_selection,17,0.7463033426475023,1.018351583635281
random,tuned,21,internal_selection,18,0.7149171279155007,0.9958947960951436
random,tuned,21,internal_selection,19,0.6861686743406868,0.9759431302365092
random,tuned,21,internal_selection,20,0.6597494157986877,0.95826030801147
random,tuned,21,internal_selection,21,0.6354341956326303,0.9422836487597986
random,tuned,21,internal_selection,22,0.6130009530767521,0.9278619518927725
random,tuned,21,internal_selection,23,0.5921470993511958,0.9151992210273868
random,tuned,21,internal_selection,24,0.5727816970012407,0.9035353810926139
random,tuned,21,internal_selection,25,0.5546528012332714,0.8932648446415031
random,tuned,21,internal_selection,26,0.537731075488678,0.8839059780279405
random,tuned,21,internal_selection,27,0.5218170500393058,0.8757033435117176
random,tuned,21,internal_selection,28,0.5068443340290771,0.8681690095630705
random,tuned,21,internal_selection,29,0.4927303144174584,0.8614520443705785
random,tuned,21,internal_selection,30,0.47942768151187165,0.8552908065936081
random,tuned,21,internal_selection,31,0.466755099822626,0.8496827212152407
random,tuned,21,internal_selection,32,0.4547311893571871,0.8447792463943722
random,tuned,21,internal_selection,33,0.44317549261167083,0.8402948133360585
random,tuned,21,internal_selection,34,0.4321881985130439,0.8359508287954494
random,tuned,21,internal_selection,35,0.42165407128293825,0.8319720589622894
random,tuned,21,internal_selection,36,0.4114661504336606,0.8282975259298626
random,tuned,21,internal_selection,37,0.4015645763176408,0.8250183573569269
random,tuned,21,internal_selection,38,0.3918876910505188,0.8216404673807737
random,tuned,21,internal_selection,39,0.38240542406099626,0.8188834260836544
random,tuned,21,internal_selection,40,0.37313663341157793,0.8157566594921863
random,tuned,21,internal_selection,41,0.3640304775225027,0.8132679661706149
random,tuned,21,internal_selection,42,0.3551461067606687,0.8106977118071208
random,tuned,21,internal_selection,43,0.3465041359706681,0.8084078481425686
random,tuned,21,internal_selection,44,0.3380391271593502,0.8064039003083183
random,tuned,21,internal_selection,45,0.3297128216598581,0.804326195693356
random,tuned,21,internal_selection,46,0.3215917787109509,0.8027588862642974
random,tuned,21,internal_selection,47,0.3135575024439668,0.800987081816966
random,tuned,21,internal_selection,48,0.30591328324618405,0.7990400278945491
random,tuned,21,internal_selection,49,0.2981751707277754,0.797582616687505
random,tuned,21,internal_selection,50,0.2906793169021069,0.7962908784937469
random,tuned,21,internal_selection,51,0.2832902946307178,0.7949934143557986
random,tuned,21,internal_selection,52,0.27600469923096677,0.7939321635903516
random,tuned,21,internal_selection,53,0.2690497260520142,0.7934975542309703
random,tuned,21,internal_selection,54,0.26199478097296436,0.7927254093229232
random,tuned,21,internal_selection,55,0.25535428037117663,0.7916231167157322
random,tuned,21,internal_selection,56,0.24872292851556316,0.7911080724491014
random,tuned,21,internal_selection,57,0.24202664196856147,0.7905241394682233
random,tuned,21,internal_selection,58,0.23509679794004254,0.7902270101242588
random,tuned,21,internal_selection,59,0.22817528435958376,0.7901715461278177
random,tuned,21,internal_selection,60,0.22156621281430441,0.7902187413456739
random,tuned,21,internal_selection,61,0.2152118554220613,0.7921303163146213
random,tuned,21,internal_selection,62,0.20937599227589718,0.7924967675761113
random,tuned,21,internal_selection,63,0.20320547371736716,0.7936871586569655
random,tuned,21,internal_selection,64,0.19752875787223842,0.7951805932402347
random,tuned,21,internal_selection,65,0.19177800995054833,0.7953744546242072
random,tuned,21,internal_selection,66,0.1860895905416945,0.7966194247115328
random,tuned,21,internal_selection,67,0.1807792530629423,0.7979363013972133
random,tuned,21,internal_selection,68,0.1750931417291622,0.7985211491294165
random,tuned,21,internal_selection,69,0.1693720012450612,0.7987820298044718
random,tuned,21,internal_selection,70,0.16424244782866387,0.8009218221317305
random,tuned,21,internal_selection,71,0.1591657793996904,0.802601070256996
random,tuned,21,internal_selection,72,0.1546774498764206,0.8042791177380879
random,tuned,21,internal_selection,73,0.15006706652616575,0.8066605077406009
random,tuned,21,internal_selection,74,0.1450460367881908,0.8087828716400669
random,tuned,21,internal_selection,75,0.14014419282425622,0.8089219225076408
random,tuned,21,internal_selection,76,0.1354461852372256,0.8112813093354448
random,tuned,21,internal_selection,77,0.1308122163605491,0.8130070030683809
random,tuned,21,internal_selection,78,0.12622862290838788,0.8138917282476599
random,tuned,21,internal_selection,79,0.12271493958817974,0.8172174614013084
random,tuned,84,internal_selection,1,36.79878378800874,36.58929785784692
random,tuned,84,internal_selection,2,24.631016725799526,24.427513109154486
random,tuned,84,internal_selection,3,11.550562593986752,11.402065440501628
random,tuned,84,internal_selection,4,3.4724043154585336,3.4280963489418506
random,tuned,84,internal_selection,5,1.6947027883467825,1.7483499243719025
random,tuned,84,internal_selection,6,1.447503502187192,1.5493498958327976
random,tuned,84,internal_selection,7,1.2821022240037183,1.4148539063866588
random,tuned,84,internal_selection,8,1.1546384761983073,1.3155225338123926
random,tuned,84,internal_selection,9,1.0528554248431115,1.2375011739610435
random,tuned,84,internal_selection,10,0.9702589794490011,1.1750985099884261
random,tuned,84,internal_selection,11,0.9017355459037172,1.1238439992730391
random,tuned,84,internal_selection,12,0.8440376987594757,1.0814155843119904
random,tuned,84,internal_selection,13,0.7946534401941346,1.0456430453280838
random,tuned,84,internal_selection,14,0.751842403756297,1.0152846426246882
random,tuned,84,internal_selection,15,0.7141437452681711,0.9894282449208047
random,tuned,84,internal_selection,16,0.6807973004855635,0.9672856328324413
random,tuned,84,internal_selection,17,0.6509577270617871,0.9482504792426558
random,tuned,84,internal_selection,18,0.6242343319167882,0.9318534858124714
random,tuned,84,internal_selection,19,0.6000681905478631,0.9175837181797709
random,tuned,84,internal_selection,20,0.578115442028524,0.9052719322992933
random,tuned,84,internal_selection,21,0.5581876317112426,0.8945861365548756
random,tuned,84,internal_selection,22,0.5398188878196981,0.8852063274946262
random,tuned,84,internal_selection,23,0.5229595117908158,0.8771817670300445
random,tuned,84,internal_selection,24,0.5074228606812992,0.8702986545163265
random,tuned,84,internal_selection,25,0.4927931361019218,0.8639040791503081
random,tuned,84,internal_selection,26,0.4793311678837131,0.8587528860019428
random,tuned,84,internal_selection,27,0.46671080966423545,0.8540438404520325
random,tuned,84,internal_selection,28,0.454858734617326,0.8495656875625548
random,tuned,84,internal_selection,29,0.44367953167274327,0.8457473191920291
random,tuned,84,internal_selection,30,0.4331977609659798,0.8422108839072597
random,tuned,84,internal_selection,31,0.42311816317578427,0.8390194034752816
random,tuned,84,internal_selection,32,0.41362483908869635,0.8361648663474593
random,tuned,84,internal_selection,33,0.40463234296853345,0.8336658711149393
random,tuned,84,internal_selection,34,0.3960114670057698,0.8315283756461028
random,tuned,84,internal_selection,35,0.3877049312009414,0.8293698414715034
random,tuned,84,internal_selection,36,0.3796341914917089,0.8274875625596076
random,tuned,84,internal_selection,37,0.37202254661957307,0.8257672399829914
random,tuned,84,internal_selection,38,0.36460129085294024,0.8241838068421277
random,tuned,84,internal_selection,39,0.35731579189192364,0.8225732598602203
random,tuned,84,internal_selection,40,0.3503354875997258,0.8212428836176021
random,tuned,84,internal_selection,41,0.3434725487352125,0.8199227893367883
random,tuned,84,internal_selection,42,0.33693659356118394,0.8187107256800018
random,tuned,84,internal_selection,43,0.33051123899255436,0.8177541011093279
random,tuned,84,internal_selection,44,0.3242244179893746,0.8170357939582398
random,tuned,84,internal_selection,45,0.3180213826266231,0.8159724144139964
random,tuned,84,internal_selection,46,0.3119379405958746,0.8152667806242857
random,tuned,84,internal_selection,47,0.30584500804522047,0.8145171867933634
random,tuned,84,internal_selection,48,0.2998396612562038,0.8137086571023
random,tuned,84,internal_selection,49,0.2940139971104141,0.813322314261004
random,tuned,84,internal_selection,50,0.2882401919317935,0.812761962158117
random,tuned,84,internal_selection,51,0.28247670016282084,0.8123783649020193
random,tuned,84,internal_selection,52,0.27688198714517537,0.8123401253290252
random,tuned,84,internal_selection,53,0.27125560237796126,0.812782035553305
random,tuned,84,internal_selection,54,0.2655526254582303,0.8117985795163404
random,tuned,84,internal_selection,55,0.26004049033767684,0.8118597512288466
random,tuned,84,internal_selection,56,0.2543486369241031,0.811024290199249
random,tuned,84,internal_selection,57,0.24897556955025907,0.8109262937819548
random,tuned,84,internal_selection,58,0.2436038559076849,0.8106554972967199
random,tuned,84,internal_selection,59,0.2382862803106717,0.8104840827364029
random,tuned,84,internal_selection,60,0.23296772686840594,0.8104310314773339
random,tuned,84,internal_selection,61,0.22766092824907203,0.8102893575119008
random,tuned,84,internal_selection,62,0.22235822302794706,0.810011764169964
random,tuned,84,internal_selection,63,0.21732669147988812,0.8108152757267609
random,tuned,84,internal_selection,64,0.2121151915467942,0.8112906086010091
random,tuned,84,internal_selection,65,0.20701616727601801,0.811571475972417
random,tuned,84,internal_selection,66,0.2019657910227699,0.8112979660080674
random,tuned,84,internal_selection,67,0.197117763209611,0.8121940424517983
random,tuned,84,internal_selection,68,0.19251555842883541,0.8129146982344044
random,tuned,84,internal_selection,69,0.18778877615740575,0.81399780083144
random,tuned,84,internal_selection,70,0.18327755059049733,0.8144386314251849
random,tuned,84,internal_selection,71,0.17861849524086415,0.8160101421405241
random,tuned,84,internal_selection,72,0.17389761732173217,0.8165715305723346
random,tuned,84,internal_selection,73,0.1694854157458576,0.8171202051404904
random,tuned,84,internal_selection,74,0.1648639494350161,0.818768395573864
random,tuned,84,internal_selection,75,0.1607476832590763,0.8209386564067604
random,tuned,84,internal_selection,76,0.15632622008268923,0.820709741297748
random,tuned,84,internal_selection,77,0.15214737801027833,0.8232861046042632
random,tuned,84,internal_selection,78,0.14764677854778077,0.8241709900111975
random,tuned,84,internal_selection,79,0.14346668252149386,0.8267754972120683
random,tuned,84,internal_selection,80,0.13960628258765148,0.8259492635277285
random,tuned,84,internal_selection,81,0.13529935037673987,0.8277354570649756
random,tuned,84,internal_selection,82,0.1316846913331315,0.8306897626356069
random,tuned,2026,internal_selection,1,36.48452826679407,36.12990533954039
random,tuned,2026,internal_selection,2,13.13912912898374,12.883604708065143
random,tuned,2026,internal_selection,3,2.641594223721675,2.57717846670229
random,tuned,2026,internal_selection,4,1.72649160724026,1.7761174437611165
random,tuned,2026,internal_selection,5,1.458099749792375,1.550297433025177
random,tuned,2026,internal_selection,6,1.2752911541628997,1.4074304287916093
random,tuned,2026,internal_selection,7,1.1399748398746774,1.3048375662357496
random,tuned,2026,internal_selection,8,1.0350745844423934,1.2269902696897887
random,tuned,2026,internal_selection,9,0.9510336882676035,1.1656899585537344
random,tuned,2026,internal_selection,10,0.8817855649196026,1.1159153177206047
random,tuned,2026,internal_selection,11,0.8234680654805135,1.074665089727807
random,tuned,2026,internal_selection,12,0.7733332092510755,1.0399764138596985
random,tuned,2026,internal_selection,13,0.7296968475111397,1.010927050698494
random,tuned,2026,internal_selection,14,0.6913151216934793,0.9865470523837279
random,tuned,2026,internal_selection,15,0.657418374449876,0.9661458067033925
random,tuned,2026,internal_selection,16,0.6271991321185512,0.9489802716768915
random,tuned,2026,internal_selection,17,0.6001110565946016,0.9347064624432894
random,tuned,2026,internal_selection,18,0.5756841044236675,0.9227730110956314
random,tuned,2026,internal_selection,19,0.5535310414420639,0.9128804792398568
random,tuned,2026,internal_selection,20,0.5333996778701647,0.9046423872790872
random,tuned,2026,internal_selection,21,0.5149165678329981,0.8974963175390896
random,tuned,2026,internal_selection,22,0.4979372541253895,0.891619512385044
random,tuned,2026,internal_selection,23,0.4821808871763155,0.8865281241559185
random,tuned,2026,internal_selection,24,0.46755348223926474,0.8821723523000621
random,tuned,2026,internal_selection,25,0.45389675364205395,0.8785099417331822
random,tuned,2026,internal_selection,26,0.4411740071222984,0.8753177197011829
random,tuned,2026,internal_selection,27,0.429192091120031,0.8727492580954288
random,tuned,2026,internal_selection,28,0.4178821926699128,0.8704403877315016
random,tuned,2026,internal_selection,29,0.407122777342895,0.868453742552725
random,tuned,2026,internal_selection,30,0.3969536249543814,0.8667585143393808
random,tuned,2026,internal_selection,31,0.3873101395979837,0.8655125255943616
random,tuned,2026,internal_selection,32,0.3780939501767541,0.8643001141745732
random,tuned,2026,internal_selection,33,0.369240836490044,0.8633904291868424
random,tuned,2026,internal_selection,34,0.3608149241478862,0.8626239783288425
random,tuned,2026,internal_selection,35,0.3527362648248266,0.8620744748705618
random,tuned,2026,internal_selection,36,0.34493261876956344,0.8616725810610852
random,tuned,2026,internal_selection,37,0.3374023021474479,0.8611408489816829
random,tuned,2026,internal_selection,38,0.3300316601301585,0.8612010284439416
random,tuned,2026,internal_selection,39,0.32283810398478824,0.8610691093834697
random,tuned,2026,internal_selection,40,0.3157267320475624,0.8617126453038286
random,tuned,2026,internal_selection,41,0.30877047864553403,0.8621001488777812
random,tuned,2026,internal_selection,42,0.3018550493389882,0.8623904413051278
random,tuned,2026,internal_selection,43,0.29490030065873873,0.8627850693389791
random,tuned,2026,internal_selection,44,0.2881873625586707,0.8636805838292666
random,tuned,2026,internal_selection,45,0.28161984033468745,0.8649665709014384
random,tuned,2026,internal_selection,46,0.2749270848344928,0.8658117976702283
random,tuned,2026,internal_selection,47,0.26832823920349896,0.8667493328602479
random,tuned,2026,internal_selection,48,0.2619077761318852,0.8677539754213249
random,tuned,2026,internal_selection,49,0.2556430296197125,0.8687910343840702
random,tuned,2026,internal_selection,50,0.24914791880784287,0.8701025799098528
random,tuned,2026,internal_selection,51,0.24274521721552209,0.870934881134484
random,tuned,2026,internal_selection,52,0.23627581612605952,0.872554312638961
random,tuned,2026,internal_selection,53,0.23016272898926743,0.8748801199841177
random,tuned,2026,internal_selection,54,0.22390427695002849,0.8761403960142844
random,tuned,2026,internal_selection,55,0.2176880209198855,0.8772602385471959
random,tuned,2026,internal_selection,56,0.212151222698357,0.8784702052056311
random,tuned,2026,internal_selection,57,0.2073227226843685,0.8807767351248013
random,tuned,2026,internal_selection,58,0.20085226677747173,0.8823653999179119
random,tuned,2026,internal_selection,59,0.19474287586573574,0.8848647747602839
scaffold,tuned,42,internal_selection,1,9.73680548571541,9.609979549708815
scaffold,tuned,42,internal_selection,2,1.5526796120806903,1.7771618408529277
scaffold,tuned,42,internal_selection,3,1.07190061603372,1.5055953649507456
scaffold,tuned,42,internal_selection,4,0.8734051077363452,1.3924186315647893
scaffold,tuned,42,internal_selection,5,0.7482010592022633,1.2995425815746937
scaffold,tuned,42,internal_selection,6,0.6617074676968886,1.2259476624632146
scaffold,tuned,42,internal_selection,7,0.5973705012494716,1.1660996801033952
scaffold,tuned,42,internal_selection,8,0.5475688610546857,1.1193217247627554
scaffold,tuned,42,internal_selection,9,0.5080822515193457,1.084193136127371
scaffold,tuned,42,internal_selection,10,0.4759076242492367,1.0573064733448814
scaffold,tuned,42,internal_selection,11,0.4501269160385577,1.0378510091126611
scaffold,tuned,42,internal_selection,12,0.42870783882539615,1.024422187563467
scaffold,tuned,42,internal_selection,13,0.4107004602607311,1.0162700185722153
scaffold,tuned,42,internal_selection,14,0.396088280474196,1.0108711324326516
scaffold,tuned,42,internal_selection,15,0.38348013765793093,1.0104839968324668
scaffold,tuned,42,internal_selection,16,0.36918736385477297,1.0153597298894572
scaffold,tuned,42,internal_selection,17,0.3515305556439711,1.0146798428710613
scaffold,tuned,42,internal_selection,18,0.3461833550571439,1.015378263735954
scaffold,tuned,42,internal_selection,19,0.3392407579739565,1.0172793138134202
scaffold,tuned,42,internal_selection,20,0.33173854623792154,1.0204114358376204
scaffold,tuned,42,internal_selection,21,0.3244182701155022,1.0255243838155208
scaffold,tuned,42,internal_selection,22,0.31845240133855496,1.0273109109888827
scaffold,tuned,42,internal_selection,23,0.31155660050783884,1.0299427531175624
scaffold,tuned,42,internal_selection,24,0.3025853597981854,1.0358916564091394
scaffold,tuned,42,internal_selection,25,0.2937234973476375,1.0380445824131035
scaffold,tuned,42,internal_selection,26,0.2810820823158297,1.0419560992940238
scaffold,tuned,42,internal_selection,27,0.26972313995820385,1.0434357398355438
scaffold,tuned,42,internal_selection,28,0.2550018892018225,1.0408378513105492
scaffold,tuned,42,internal_selection,29,0.2406797281250348,1.0433439602504517
scaffold,tuned,42,internal_selection,30,0.22891208462491539,1.0510448674399415
scaffold,tuned,42,internal_selection,31,0.21557851713314166,1.0512693729105365
scaffold,tuned,42,internal_selection,32,0.21006162401665182,1.0557386974584133
scaffold,tuned,42,internal_selection,33,0.1999758440360797,1.0608110519112175
scaffold,tuned,42,internal_selection,34,0.19302835575742996,1.06671037590007
scaffold,tuned,42,internal_selection,35,0.18838523279742297,1.0707342462525715
scaffold,tuned,7,internal_selection,1,5.8996001012412425,5.680874664550897
scaffold,tuned,7,internal_selection,2,1.486613443948673,1.6829419144292919
scaffold,tuned,7,internal_selection,3,0.9972131180932294,1.4072238752587691
scaffold,tuned,7,internal_selection,4,0.7614619379416261,1.2642877916726414
scaffold,tuned,7,internal_selection,5,0.623128393067899,1.163591098036986
scaffold,tuned,7,internal_selection,6,0.5317325585955175,1.0952134304920487
scaffold,tuned,7,internal_selection,7,0.46681556283532183,1.0566294857821892
scaffold,tuned,7,internal_selection,8,0.4168406278591688,1.0384604123070404
scaffold,tuned,7,internal_selection,9,0.3780677060416283,1.0331583483326225
scaffold,tuned,7,internal_selection,10,0.34578922630773734,1.026969432266055
scaffold,tuned,7,internal_selection,11,0.31796090347365746,1.0305174007310864
scaffold,tuned,7,internal_selection,12,0.29308566997589663,1.0315691264295068
scaffold,tuned,7,internal_selection,13,0.2725401201850035,1.0348504167428523
scaffold,tuned,7,internal_selection,14,0.2541391656695185,1.041321757122216
scaffold,tuned,7,internal_selection,15,0.23684407540598162,1.047567340368022
scaffold,tuned,7,internal_selection,16,0.22045222825104943,1.0484116719327914
scaffold,tuned,7,internal_selection,17,0.20735524492032287,1.0532779925931488
scaffold,tuned,7,internal_selection,18,0.19505282406020796,1.0576244095490328
scaffold,tuned,7,internal_selection,19,0.18165445754905984,1.0616447058207332
scaffold,tuned,7,internal_selection,20,0.17117563084352172,1.0769550686814429
scaffold,tuned,7,internal_selection,21,0.1614739876535582,1.0845471003733373
scaffold,tuned,7,internal_selection,22,0.15326709550558526,1.0899077104882353
scaffold,tuned,7,internal_selection,23,0.14477633411378504,1.09657495788493
scaffold,tuned,7,internal_selection,24,0.13785011070273917,1.1043761991809633
scaffold,tuned,7,internal_selection,25,0.1311336394678706,1.1142601491860222
scaffold,tuned,7,internal_selection,26,0.12545285724799696,1.1205794079291482
scaffold,tuned,7,internal_selection,27,0.12166131246151217,1.1293667513326995
scaffold,tuned,7,internal_selection,28,0.11599162276706808,1.1411208701165838
scaffold,tuned,7,internal_selection,29,0.11007105946314097,1.1440739934909578
scaffold,tuned,7,internal_selection,30,0.105056431095358,1.1539155293645111
scaffold,tuned,21,internal_selection,1,12.939428559569755,12.820291562118792
scaffold,tuned,21,internal_selection,2,1.912361420707438,1.9427303618661353
scaffold,tuned,21,internal_selection,3,1.1962283631890511,1.5861477087905114
scaffold,tuned,21,internal_selection,4,0.9553239691518594,1.4073036566069599
scaffold,tuned,21,internal_selection,5,0.8132599152824384,1.3199717564593094
scaffold,tuned,21,internal_selection,6,0.7156618894690231,1.2518343908370873
scaffold,tuned,21,internal_selection,7,0.6434352393684131,1.1951040013639167
scaffold,tuned,21,internal_selection,8,0.5875509171204887,1.149930561517971
scaffold,tuned,21,internal_selection,9,0.5428531992108508,1.1152971835139682
scaffold,tuned,21,internal_selection,10,0.5063701654272085,1.0915450010982433
scaffold,tuned,21,internal_selection,11,0.47556139328698693,1.0728044002535388
scaffold,tuned,21,internal_selection,12,0.44891878468609125,1.0610731383712289
scaffold,tuned,21,internal_selection,13,0.4255485203438049,1.052772653529461
scaffold,tuned,21,internal_selection,14,0.4047084082327977,1.0469326696260783
scaffold,tuned,21,internal_selection,15,0.3858616489255976,1.0442861931828498
scaffold,tuned,21,internal_selection,16,0.3688202624521777,1.0421483906768987
scaffold,tuned,21,internal_selection,17,0.3533035465871353,1.0447253747016816
scaffold,tuned,21,internal_selection,18,0.33847901357503096,1.0469761448187243
scaffold,tuned,21,internal_selection,19,0.3252144464267715,1.047204805320188
scaffold,tuned,21,internal_selection,20,0.3123767320453712,1.0555822225659104
scaffold,tuned,21,internal_selection,21,0.300121260290218,1.0533403577182618
scaffold,tuned,21,internal_selection,22,0.2888055816443592,1.0591195298394571
scaffold,tuned,21,internal_selection,23,0.27815479442919944,1.0652129234521104
scaffold,tuned,21,internal_selection,24,0.26821872552698534,1.0645267114814454
scaffold,tuned,21,internal_selection,25,0.25822119638554514,1.076476755334238
scaffold,tuned,21,internal_selection,26,0.24845458988326816,1.077315761904419
scaffold,tuned,21,internal_selection,27,0.2384343683943214,1.0806337394682146
scaffold,tuned,21,internal_selection,28,0.22759794621303225,1.0954828566813455
scaffold,tuned,21,internal_selection,29,0.21768745988214458,1.0996056199076536
scaffold,tuned,21,internal_selection,30,0.20755622280851196,1.1066301667217506
scaffold,tuned,21,internal_selection,31,0.1967588904573651,1.0995138749973181
scaffold,tuned,21,internal_selection,32,0.1877428381117102,1.1158645544117303
scaffold,tuned,21,internal_selection,33,0.1773367635347125,1.125071581718242
scaffold,tuned,21,internal_selection,34,0.16807113389066491,1.1291654677607443
scaffold,tuned,21,internal_selection,35,0.15902986275839048,1.1371746967961531
scaffold,tuned,21,internal_selection,36,0.15151916932585024,1.1429162772326804
scaffold,tuned,84,internal_selection,1,14.583644026330104,14.21955675930788
scaffold,tuned,84,internal_selection,2,1.8449911101994296,1.9079882105257873
scaffold,tuned,84,internal_selection,3,1.1462022720715639,1.5243558503783954
scaffold,tuned,84,internal_selection,4,0.8956577488549586,1.3568329794559633
scaffold,tuned,84,internal_selection,5,0.7496557718946748,1.2711032882008724
scaffold,tuned,84,internal_selection,6,0.650351003413723,1.195294435570203
scaffold,tuned,84,internal_selection,7,0.5784807931216555,1.1273483133307898
scaffold,tuned,84,internal_selection,8,0.5235369718719137,1.0746192562767554
scaffold,tuned,84,internal_selection,9,0.48000783450014844,1.0379778770283934
scaffold,tuned,84,internal_selection,10,0.4444319388379257,1.010300755792847
scaffold,tuned,84,internal_selection,11,0.4149932531368575,0.9951338941361746
scaffold,tuned,84,internal_selection,12,0.3887284483076319,0.9860875693993092
scaffold,tuned,84,internal_selection,13,0.36475640892678646,0.985335128305924
scaffold,tuned,84,internal_selection,14,0.3439665164176909,0.9832989889200476
scaffold,tuned,84,internal_selection,15,0.32462781049033745,0.9858068676958447
scaffold,tuned,84,internal_selection,16,0.3065001320317519,0.9875962276277336
scaffold,tuned,84,internal_selection,17,0.2910364955600433,0.9910445909816489
scaffold,tuned,84,internal_selection,18,0.2754333863454554,0.9968563304258957
scaffold,tuned,84,internal_selection,19,0.2615760799453457,1.0000464924432588
scaffold,tuned,84,internal_selection,20,0.2486015970074735,1.003793050723586
scaffold,tuned,84,internal_selection,21,0.236191241522512,1.0063186947522436
scaffold,tuned,84,internal_selection,22,0.2265324595029343,1.0113211062492595
scaffold,tuned,84,internal_selection,23,0.2182818365381563,1.0131482307962627
scaffold,tuned,84,internal_selection,24,0.2083323733708742,1.0175195739135132
scaffold,tuned,84,internal_selection,25,0.1988240323836091,1.0249761963980286
scaffold,tuned,84,internal_selection,26,0.18915425882932635,1.0327928284884604
scaffold,tuned,84,internal_selection,27,0.18201934472590844,1.030965687270198
scaffold,tuned,84,internal_selection,28,0.1751844082463662,1.0422627281213714
scaffold,tuned,84,internal_selection,29,0.1688286354936355,1.0412466765881816
scaffold,tuned,84,internal_selection,30,0.1613745469729787,1.0491012095975911
scaffold,tuned,84,internal_selection,31,0.15514463158633335,1.054420738368113
scaffold,tuned,84,internal_selection,32,0.14885031818981873,1.0594504570614844
scaffold,tuned,84,internal_selection,33,0.1422911283583995,1.0631396409796043
scaffold,tuned,84,internal_selection,34,0.13757685159848623,1.070452322938537
scaffold,tuned,2026,internal_selection,1,2.889752224648925,2.8553156619693123
scaffold,tuned,2026,internal_selection,2,1.4041737759732036,1.7360108718085927
scaffold,tuned,2026,internal_selection,3,1.0142388973254384,1.4533674756148034
scaffold,tuned,2026,internal_selection,4,0.8134930378089569,1.3282122495182682
scaffold,tuned,2026,internal_selection,5,0.6891187004488329,1.2233892146017342
scaffold,tuned,2026,internal_selection,6,0.6018088242512946,1.1468957167237537
scaffold,tuned,2026,internal_selection,7,0.5355651634273146,1.096310145571396
scaffold,tuned,2026,internal_selection,8,0.4844493099353963,1.0669463895470086
scaffold,tuned,2026,internal_selection,9,0.4420763870190083,1.048906145597327
scaffold,tuned,2026,internal_selection,10,0.4052517441207797,1.0481822849536502
scaffold,tuned,2026,internal_selection,11,0.37394906894653795,1.045813442679649
scaffold,tuned,2026,internal_selection,12,0.34630730864028414,1.0494252431438322
scaffold,tuned,2026,internal_selection,13,0.3210196142322564,1.0501892270897217
scaffold,tuned,2026,internal_selection,14,0.30152313965920347,1.052018507011683
scaffold,tuned,2026,internal_selection,15,0.2832524242008117,1.055994703257344
scaffold,tuned,2026,internal_selection,16,0.2643622107613565,1.0685395031922003
scaffold,tuned,2026,internal_selection,17,0.2473451573806649,1.0747065684536314
scaffold,tuned,2026,internal_selection,18,0.23355745980405335,1.0888790100676429
scaffold,tuned,2026,internal_selection,19,0.21997293187504743,1.0955896920878485
scaffold,tuned,2026,internal_selection,20,0.20712698190134,1.1027084670653522
scaffold,tuned,2026,internal_selection,21,0.1949740543308285,1.1060678540477307
scaffold,tuned,2026,internal_selection,22,0.1865673946006036,1.108781430319889
scaffold,tuned,2026,internal_selection,23,0.17864121444994527,1.1094888243623766
scaffold,tuned,2026,internal_selection,24,0.170983523760305,1.1170539208224017
scaffold,tuned,2026,internal_selection,25,0.1648195088176816,1.1196836711791571
scaffold,tuned,2026,internal_selection,26,0.15704004573103086,1.1284649392768915
scaffold,tuned,2026,internal_selection,27,0.15185270011037227,1.1280211652596595
scaffold,tuned,2026,internal_selection,28,0.14689732721734958,1.1403852162671304
scaffold,tuned,2026,internal_selection,29,0.13827122537733025,1.1427188375147892
scaffold,tuned,2026,internal_selection,30,0.13469619668116053,1.15396745981305
scaffold,tuned,2026,internal_selection,31,0.13050230395069212,1.1583248300761448
