split_strategy,candidate_index,parameters_json,mean_cv_mae_pki,std_cv_mae_pki,rank,selected,fold_1_validation_mae_pki,fold_2_validation_mae_pki,fold_3_validation_mae_pki,fold_4_validation_mae_pki,fold_5_validation_mae_pki
random,0,"{""max_depth"": null, ""max_features"": 0.3333333333333333, ""min_samples_leaf"": 1}",0.5606634089827759,0.015734036517296327,1,True,0.5396308156821243,0.5854486709839218,0.5698989414213236,0.5517736260068788,0.5565649908196312
random,1,"{""max_depth"": null, ""max_features"": 0.3333333333333333, ""min_samples_leaf"": 2}",0.5692220001881974,0.013903588269975346,3,False,0.5495522512207333,0.590757831368743,0.5769379633834587,0.5667128516797869,0.5621491032882648
random,2,"{""max_depth"": null, ""max_features"": 0.3333333333333333, ""min_samples_leaf"": 4}",0.5913952682265979,0.015483704799032976,6,False,0.5743850667182305,0.618963894942318,0.5958416642156696,0.5868089054942517,0.5809768097625199
random,3,"{""max_depth"": null, ""max_features"": ""sqrt"", ""min_samples_leaf"": 1}",0.5662293779839244,0.014298734504112943,2,False,0.5475558550771785,0.5883861187203296,0.5740583603913522,0.5659291868287925,0.5552173689019687
random,4,"{""max_depth"": null, ""max_features"": ""sqrt"", ""min_samples_leaf"": 2}",0.6091065462635128,0.012632766873453608,8,False,0.5971262952017046,0.6291335985115717,0.6176330704107293,0.6054720651714365,0.5961677020221221
random,5,"{""max_depth"": null, ""max_features"": ""sqrt"", ""min_samples_leaf"": 4}",0.6564793523323088,0.011414437864619955,11,False,0.6467531635788618,0.6731962336412861,0.662203231671305,0.659171959382819,0.6410721733872718
random,6,"{""max_depth"": 20, ""max_features"": 0.3333333333333333, ""min_samples_leaf"": 1}",0.5850456128763462,0.014184240183736327,4,False,0.5692741043596214,0.6028251689256032,0.600301739073858,0.5709667370534688,0.5818603149691794
random,7,"{""max_depth"": 20, ""max_features"": 0.3333333333333333, ""min_samples_leaf"": 2}",0.5903569616314066,0.013686904819732436,5,False,0.5752313403023298,0.6111974715802292,0.6008942370671183,0.5783292805498496,0.5861324786575055
random,8,"{""max_depth"": 20, ""max_features"": 0.3333333333333333, ""min_samples_leaf"": 4}",0.6040485532109541,0.014203338535646285,7,False,0.5881293310425804,0.6288038612714836,0.609734787096878,0.5983113806084888,0.5952634060353396
random,9,"{""max_depth"": 20, ""max_features"": ""sqrt"", ""min_samples_leaf"": 1}",0.6274696903568897,0.011883914329501921,9,False,0.6169580105390456,0.6382020635918326,0.6451606467324064,0.620394598626214,0.6166331322949492
random,10,"{""max_depth"": 20, ""max_features"": ""sqrt"", ""min_samples_leaf"": 2}",0.6514783158139297,0.009904050024713246,10,False,0.6459248279403847,0.6638055648636018,0.6623063191400804,0.6468900351899267,0.6384648319356545
random,11,"{""max_depth"": 20, ""max_features"": ""sqrt"", ""min_samples_leaf"": 4}",0.6809675260729434,0.008541984503913518,12,False,0.6758356503202225,0.6906757226904426,0.6893907790135274,0.6811309447185898,0.667804533621935
scaffold,0,"{""max_depth"": null, ""max_features"": 0.3333333333333333, ""min_samples_leaf"": 1}",0.6596316874047041,0.01720358985147229,1,True,0.6671413113689068,0.6862137357511995,0.643370298892972,0.6386040415113327,0.6628290494991101
scaffold,1,"{""max_depth"": null, ""max_features"": 0.3333333333333333, ""min_samples_leaf"": 2}",0.6643181840444466,0.019441015081730652,3,False,0.6742371005089394,0.6918745121882269,0.6464973868783624,0.6383463056556377,0.6706356149910667
scaffold,2,"{""max_depth"": null, ""max_features"": 0.3333333333333333, ""min_samples_leaf"": 4}",0.681376525846554,0.026635138239677895,6,False,0.7009794943516622,0.717003596019439,0.6506795685321102,0.6510773867253173,0.6871425836042412
scaffold,3,"{""max_depth"": null, ""max_features"": ""sqrt"", ""min_samples_leaf"": 1}",0.6612109307828439,0.021605753817262752,2,False,0.6561536999162857,0.6911370934329325,0.6393662985168126,0.638121813646359,0.681275748401829
scaffold,4,"{""max_depth"": null, ""max_features"": ""sqrt"", ""min_samples_leaf"": 2}",0.6918101452626026,0.021152218352724555,8,False,0.692233113351705,0.72181957848189,0.6739392769186568,0.6638721313619717,0.7071866261987897
scaffold,5,"{""max_depth"": null, ""max_features"": ""sqrt"", ""min_samples_leaf"": 4}",0.7266471771059816,0.02527496102763248,10,False,0.7328280959880217,0.7651808758871119,0.7000497039664841,0.6975945115350157,0.7375826981532745
scaffold,6,"{""max_depth"": 20, ""max_features"": 0.3333333333333333, ""min_samples_leaf"": 1}",0.6748005786476823,0.021181985022707617,4,False,0.679348316351107,0.7114921159876322,0.6601412971391009,0.6490950864326546,0.6739260773279161
scaffold,7,"{""max_depth"": 20, ""max_features"": 0.3333333333333333, ""min_samples_leaf"": 2}",0.6761016427779001,0.023946500565247466,5,False,0.6818872803426381,0.7147270228737191,0.6568465368310458,0.6454320893557203,0.6816152844863771
scaffold,8,"{""max_depth"": 20, ""max_features"": 0.3333333333333333, ""min_samples_leaf"": 4}",0.6900229840435775,0.026244468187201497,7,False,0.7054010791261519,0.7284928490161565,0.6609097119682078,0.6607151674052489,0.6945961127021226
scaffold,9,"{""max_depth"": 20, ""max_features"": ""sqrt"", ""min_samples_leaf"": 1}",0.7115948828692344,0.021403400374437102,9,False,0.7150759355561244,0.7427591343552122,0.6947920767371576,0.6818687332558041,0.7234785344418738
scaffold,10,"{""max_depth"": 20, ""max_features"": ""sqrt"", ""min_samples_leaf"": 2}",0.7267060454387899,0.02553698662489818,11,False,0.7331971313447917,0.7622574206895613,0.7071021288207429,0.689809971736369,0.7411635746024844
scaffold,11,"{""max_depth"": 20, ""max_features"": ""sqrt"", ""min_samples_leaf"": 4}",0.7474188484433573,0.025617641209565896,12,False,0.7501103431134872,0.7876691982677188,0.7224115938994251,0.7176213426794771,0.7592817642566783
