split_strategy,left_subset,right_subset,left_rdkit_smiles,right_rdkit_smiles,fingerprint_group_id
random,train,test,CC1(C)Oc2cc(C3(CCCCCCCN=[N+]=[N-])CCCC3)cc(O)c2[C@@H]2C[C@H](CO)CC[C@H]21,CC1(C)Oc2cc(C3(CCCCCCN=[N+]=[N-])CCCC3)cc(O)c2[C@@H]2C[C@H](CO)CC[C@H]21,9b983abab23056c8bda5805f008a67358e873cb165fb8a48ab155b7fed2e55e4
random,train,test,CC1CCC(NC(=O)c2cc3cccnc3n(Cc3ccccc3)c2=O)CC1,C[C@H]1CC[C@H](NC(=O)c2cc3cccnc3n(Cc3ccccc3)c2=O)CC1,f129de12c7bf8d8295b674732cd0b30527b2f3d2243f1e931baac2cd26f0babd
random,train,test,CCC(C)(C)C(=O)Cc1cc(C)c(C)c(S(=O)(=O)N2CCCCCC2)c1,CCC(C)(C)C(=O)Cc1cc(C)c(C)c(S(=O)(=O)N2CCCCC2)c1,1ec1a62cf91d5d83e07d73bfcbeeb83490450d602c3303f8238c3406334bfa88
random,train,test,CCCCCC1=NN(C(=O)NC2CCCCC2)CC1c1ccccc1,CCCCCC1=NN(C(=O)NC2CCCCCCC2)CC1c1ccccc1,d9022ce7ce7466647d2706f63439008cd9bd75edbedba0ef17d7be69ff0db3d5
random,train,test,CCCCCC1=NN(C(=O)NC2CCCCCC2)CC1c1ccccc1,CCCCCC1=NN(C(=O)NC2CCCCCCC2)CC1c1ccccc1,d9022ce7ce7466647d2706f63439008cd9bd75edbedba0ef17d7be69ff0db3d5
random,train,test,CCCCCCC(C)(C)c1cc(O)cc(OCCCCCCCCCCC(=O)NC(CO)CO)c1,CCCCCCC(C)(C)c1cc(O)cc(OCCCCCCCC(=O)NC(CO)CO)c1,7247b294471d37adafd8844caddb9ba9e00c05bf63545df586ba016ed8aeaff6
random,train,test,CCCCCCC(C)(C)c1cc(O)cc(OCCCCCCCCCCC(=O)NC2CC2)c1,CCCCCCC(C)(C)c1cc(O)cc(OCCCCCCCC(=O)NC2CC2)c1,a5fd92980679e818a6d5a5dfc1b3cf7851020a10c8691b5a0a526f4d2c829b04
random,train,test,CCCCCCC(C)(C)c1cc(O)cc(OCCCCCCCCCCCC(=O)NC2CC2)c1,CCCCCCC(C)(C)c1cc(O)cc(OCCCCCCCC(=O)NC2CC2)c1,a5fd92980679e818a6d5a5dfc1b3cf7851020a10c8691b5a0a526f4d2c829b04
random,train,test,CCCCCCC(C)(C)c1cc(OC)cc(OCCCCCCCC(=O)NC2CC2)c1,CCCCCCC(C)(C)c1cc(OC)cc(OCCCCCCCCCCC(=O)NC2CC2)c1,595a5fb43ca7f6bee964a248b377d45ec95d2b65bf0f406a79992f8ea0340114
random,train,test,CCCCCCC(C)(C)c1cccc(OCC/C=C\C/C=C\C/C=C\CCCC(=O)N[C@H](C)CO)c1,CCCCCCC(C)(C)c1cccc(OCC/C=C\C/C=C\CCCC(=O)N[C@H](C)CO)c1,9bf853658aecbbf0b40a94114304699478a6b31d0cc8f6f87aaf9d73917e9518
random,train,test,CCCCCCCC(C)(C)c1cc(OC)c2cc(Cc3ccccc3OC)c(=O)oc2c1,CCCCCCC(C)(C)c1cc(OC)c2cc(Cc3ccccc3OC)c(=O)oc2c1,40b9f5ddf1c9d9b45def4cda69da567a8c21671d615cfd17d6eb57f8d1278d2f
random,train,test,CCCCCCc1ccc(OCCCCCC(=O)NC2CC2)cc1O,CCCCCCc1ccc(OCCCCCCCC(=O)NC2CC2)cc1O,57a548c235d7b9e54d39597fbe3dc313049ce4c43e248627547f2581cbb6e57b
random,train,test,CCCCCCc1ccc(OCCCCCC(=O)NC2CC2)cc1O,CCCCCCc1ccc(OCCCCCCCCCCC(=O)NC2CC2)cc1O,57a548c235d7b9e54d39597fbe3dc313049ce4c43e248627547f2581cbb6e57b
random,train,test,CCCCCCc1ccc(OCCCCCCCCCCCC(=O)NC2CC2)cc1O,CCCCCCc1ccc(OCCCCCCCC(=O)NC2CC2)cc1O,57a548c235d7b9e54d39597fbe3dc313049ce4c43e248627547f2581cbb6e57b
random,train,test,CCCCCCc1ccc(OCCCCCCCCCCCC(=O)NC2CC2)cc1O,CCCCCCc1ccc(OCCCCCCCCCCC(=O)NC2CC2)cc1O,57a548c235d7b9e54d39597fbe3dc313049ce4c43e248627547f2581cbb6e57b
random,train,test,CCCCCc1cc(O)cc(OCCCCCCCC(=O)NCCO)c1,CCCCCc1cc(O)cc(OCCCCCCCCCCC(=O)NCCO)c1,585549452b9ba450214eb8ebc48a4ca6a2ce19f3a0af2ddc4464140240a4f232
random,train,test,CCCCCc1cc(O)cc(OCCCCCCCCCCCC(=O)NCCO)c1,CCCCCc1cc(O)cc(OCCCCCCCCCCC(=O)NCCO)c1,585549452b9ba450214eb8ebc48a4ca6a2ce19f3a0af2ddc4464140240a4f232
random,train,test,CCCCCc1cc(O)cc(OCCCCCCCCOC(CO)CO)c1,CCCCCc1cc(O)cc(OCCCCCCOC(CO)CO)c1,ecb9962be5ab382e1033bf94e610748124ac5aafa2a1b123242f17c1f4739848
random,train,test,CCCCCc1ccc(OCCCCCCCCCCC(=O)NC2CC2)cc1O,CCCCCCc1ccc(OCCCCCCCC(=O)NC2CC2)cc1O,57a548c235d7b9e54d39597fbe3dc313049ce4c43e248627547f2581cbb6e57b
random,train,test,CCCCCc1ccc(OCCCCCCCCCCC(=O)NC2CC2)cc1O,CCCCCCc1ccc(OCCCCCCCCCCC(=O)NC2CC2)cc1O,57a548c235d7b9e54d39597fbe3dc313049ce4c43e248627547f2581cbb6e57b
random,train,test,CCCCCn1cc(C(=O)NC23CC4CC(CC(C4)C2)C3)c(=O)c2cc(-c3ccccc3)ccc21,CCCCCn1cc(C(=O)NC23CC4CC(CC(C4)C2)C3)c(=O)c2cc(-c3ccc(-c4ccccc4)cc3)ccc21,f311a7f67f609a6cd3b2b9f2cedeaf153b62dfb97bd22f4940e4bea49cc7cdfb
random,train,test,CCCCCn1cc(C(=O)NC2CCCCC2)c(=O)n2nc(C)cc12,CCCCCn1cc(C(=O)NC2CCCCCC2)c(=O)n2nc(C)cc12,85b940e51f5ae8d2fada705b1e51a6c7ea17b5ce1c53c7b0245105bfd78d0e7a
random,train,test,CCCCCn1cc(C(=O)NC2CCCCCC2)c(=O)c2c(C)csc21,CCCCCn1cc(C(=O)NC2CCCCC2)c(=O)c2c(C)csc21,aeade6603c2252b8a7b75eb4f9791b81c4959759a68c9338da5766f5eeb1010a
random,train,test,CCCCCn1cc(C(=O)NC2CCCCCC2)c(=O)n2nc(-c3ccccc3)nc12,CCCCCn1cc(C(=O)NC2CCCCC2)c(=O)n2nc(-c3ccccc3)nc12,de392625fe597d1652d24ea49d738a9b5abc413fd5b0b7176fc8d8a2b6fa85be
random,train,test,CCCCCn1cc(C(=O)NC2CCCCCC2)c(=O)n2nc(CC)cc12,CCCCCn1cc(C(=O)NC2CCCCC2)c(=O)n2nc(CC)cc12,542e6c6d9161e676df24fc95034b175ffdc0d77637e3c2fdf8d1cb6a9289a00c
random,train,test,CCCC[Si](C)(C)c1cc(O)c(C2CCCCC2)c(O)c1,CCCC[Si](C)(C)c1cc(O)c(C2CCCCCC2)c(O)c1,7e09895a3020c8daf894b14243aa0e56f92fe6573e1681dd5b08cbb7dd4bbb5e
random,train,test,CCCC[Si](C)(C)c1cc(O)c(C2CCCCCC2)c(OC)c1,CCCC[Si](C)(C)c1cc(O)c(C2CCCCC2)c(OC)c1,fa9346c14541324f6a51a106681eb29cc3ff95ea894c6a4d9ccc885254c13cba
random,train,test,CCOCCn1cc(C(=O)NC23CC4CC(CC(C4)C2)C3)c(=O)c2cccc(OC)c21,CCOCCn1cc(C(=O)NC23CC4CC(CC(C4)C2)C3)c(=O)c2cccc(O[11CH3])c21,b1d4e86958ffa3faea0b648e8e95f2e5a90b6e4662db5fbdd67c274788e35965
random,train,test,CCOc1ccc(Cc2nc3cc(C(=O)NCCCCCCNc4c5c(nc6ccccc46)CCCC5)ccc3n2CCC(C)C)cc1,CCOc1ccc(Cc2nc3cc(C(=O)NCCCCCNc4c5c(nc6ccccc46)CCCC5)ccc3n2CCC(C)C)cc1,c153cf504511af8c17386fd366ba8f73ce484fbf1e424ae68dee5c1f8e40b09d
random,train,test,COc1ccc(S(=O)(=O)c2cc(OC)ccc2S(=O)(=O)c2ccc([C@H](C)NS(C)(=O)=O)cc2)cc1,COc1ccc(S(=O)(=O)c2ccc([C@H](C)NS(C)(=O)=O)cc2)c(S(=O)(=O)c2ccc(O[11CH3])cc2)c1,7616accd3a649411778743f007afdf6db13bc10c0082dfb9fef18caa6a02095a
random,train,test,C[C@H]1CC[C@@H](NC(=O)c2cc3cccnc3n(Cc3ccc(F)cc3)c2=O)CC1,C[C@H]1CC[C@H](NC(=O)c2cc3cccnc3n(Cc3ccc(F)cc3)c2=O)CC1,82b10465cdcede5f6ba4b9cfeee696c0a2e6f51644cd0d6ac48d8b40d57c6f6b
random,train,test,C[C@H]1CC[C@@H](NC(=O)c2cc3cccnc3n(Cc3ccccc3)c2=O)CC1,C[C@H]1CC[C@H](NC(=O)c2cc3cccnc3n(Cc3ccccc3)c2=O)CC1,f129de12c7bf8d8295b674732cd0b30527b2f3d2243f1e931baac2cd26f0babd
random,train,test,C[C@H]1CC[C@H](NC(=O)c2cc(-c3ccccc3)nn(Cc3ccc(F)cc3)c2=O)CC1,C[C@H]1CC[C@@H](NC(=O)c2cc(-c3ccccc3)nn(Cc3ccc(F)cc3)c2=O)CC1,f9f8dc64d37bc96d3f813d2bfc5a8c59489e706ab1cc2416e5ac039fb83cf177
random,train,test,Cc1c(C(=O)NC2CCCCCC2)nn(-c2ccc(Cl)c(Cl)c2)c1-n1cccc1,Cc1c(C(=O)NC2CCCCC2)nn(-c2ccc(Cl)c(Cl)c2)c1-n1cccc1,87b84e25108ada8644cd95c36babd9df8e009db62b1638e6c0765c4401734476
random,train,test,Cc1c(C(=O)NCCCCCCCCCN(C)CCCCCCCCCN)nn(-c2ccc(Cl)cc2Cl)c1-c1ccc(Cl)cc1,Cc1c(C(=O)NCCCCCCCN(C)CCCCCCCN)nn(-c2ccc(Cl)cc2Cl)c1-c1ccc(Cl)cc1,42868d344ec96ae23e01c6a2937acecfb3eab7c100da5f0ae707761b14b97708
random,train,test,O=C(NC1(C(=O)O)CCCC1)c1cc2c(n(CC3CCCCC3)c1=O)CCCCCC2,O=C(NC1(C(=O)O)CCCCCCC1)c1cc2c(n(CC3CCCCC3)c1=O)CCCCCC2,c67956f277ce22dfaa48d99b25638cf74aa8404c4dbe279b7f0b20b3c4bc154d
random,train,test,O=C(NC1(C(=O)O)CCCCC1)c1cc2c(n(CC3CCCCC3)c1=O)CCCCCC2,O=C(NC1(C(=O)O)CCCCCCC1)c1cc2c(n(CC3CCCCC3)c1=O)CCCCCC2,c67956f277ce22dfaa48d99b25638cf74aa8404c4dbe279b7f0b20b3c4bc154d
random,train,test,O=C(NC1CCCCCC1)c1cccnc1OCc1ccc(F)cc1,O=C(NC1CCCCC1)c1cccnc1OCc1ccc(F)cc1,1435566f41f22cb24db194e512fe2649767e436a65645ff6ad626453a34e63bc
random,train,test,O=C(c1cn(CCN2CCOCC2)c2ccccc12)C1CCCCC1,O=C(c1cn(CCN2CCOCC2)c2ccccc12)C1CCCCCC1,39d6178bbf78237acc9ad21836cc1d8879f75b5b49780929b2acc461b8bc4d53
random,train,test,O=S(=O)(N[C@H]1CC[C@H](NS(=O)(=O)C(F)(F)F)CC1)c1ccc(Cl)cc1S(=O)(=O)c1ccccc1F,O=S(=O)(N[C@H]1CC[C@@H](NS(=O)(=O)C(F)(F)F)CC1)c1ccc(Cl)cc1S(=O)(=O)c1ccccc1F,3656b9cac6a18bf0fd950b430f2642e2d5b79394f729a4693585e7ac31d9bae5
random,train,validation,CC1(C)Oc2cc(C3(CCCCCCBr)CCCC3)cc(O)c2[C@@H]2CC(=O)CC[C@H]21,CC1(C)Oc2cc(C3(CCCCCBr)CCCC3)cc(O)c2[C@@H]2CC(=O)CC[C@H]21,94805ea64c42e9cb6ab3aa4cd776e87380261e9e308ec7385540519bb449667c
random,train,validation,CC1(C)Oc2cc(C3(CCCCCCCN=C=S)CCCC3)cc(O)c2[C@@H]2C[C@H](CO)CC[C@H]21,CC1(C)Oc2cc(C3(CCCCCCN=C=S)CCCC3)cc(O)c2[C@@H]2C[C@H](CO)CC[C@H]21,e95c45e290549083de6bb4dbd961522f8d6864475ed4012a5fd5f9f5fc2de7e2
random,train,validation,CC1CCC(NC(=O)c2cc3cc(-c4cccs4)cnc3n(Cc3ccc(F)cc3)c2=O)CC1,C[C@H]1CC[C@@H](NC(=O)c2cc3cc(-c4cccs4)cnc3n(Cc3ccc(F)cc3)c2=O)CC1,927e26ed2fb034c3830ab80378dbe36a65581f9ed230aa40125d7be0e6193159
random,train,validation,CC1CCC(NC(=O)c2cc3cccnc3n(CCCCCF)c2=O)CC1,CC1CCC(NC(=O)c2cc3cccnc3n(CCCCCCF)c2=O)CC1,a87f37ada2eaa7198ca45dbc5950c46396715cd271f309ea6069f5dacf1789e1
random,train,validation,CCCCCCC(C)(C)c1cc(O)cc(OCCCCCCCCCCCCOC(CO)CO)c1,CCCCCCC(C)(C)c1cc(O)cc(OCCCCCCCCCCOC(CO)CO)c1,04c272c4e1e8b2be72bc2bf5e9329bf577cdf7d16ad54c969425ecc0d797dd83
random,train,validation,CCCCCCC(C)(C)c1cc(O)cc(OCCCCCCCCCCCCOC(CO)CO)c1,CCCCCCC(C)(C)c1cc(O)cc(OCCCCCCCCOC(CO)CO)c1,04c272c4e1e8b2be72bc2bf5e9329bf577cdf7d16ad54c969425ecc0d797dd83
random,train,validation,CCCCCCC(C)(C)c1cc(O)cc(OCCCCCCOC(CO)CO)c1,CCCCCCC(C)(C)c1cc(O)cc(OCCCCCCCCCCOC(CO)CO)c1,04c272c4e1e8b2be72bc2bf5e9329bf577cdf7d16ad54c969425ecc0d797dd83
random,train,validation,CCCCCCC(C)(C)c1cc(O)cc(OCCCCCCOC(CO)CO)c1,CCCCCCC(C)(C)c1cc(O)cc(OCCCCCCCCOC(CO)CO)c1,04c272c4e1e8b2be72bc2bf5e9329bf577cdf7d16ad54c969425ecc0d797dd83
random,train,validation,CCCCCCC(C)(C)c1cc(OC)cc(OCCCCCCCC(=O)NCCO)c1,CCCCCCC(C)(C)c1cc(OC)cc(OCCCCCCCCCCC(=O)NCCO)c1,6e24c27cfaf8a714318fd0971ef77f5dffdf83babc1a80dfa395cdbbd8a1579c
random,train,validation,CCCCCCCC(C)(C)c1ccc([C@@H]2C[C@H](O)CC[C@H]2CCCO)cc1,CCCCCCC(C)(C)c1ccc([C@@H]2C[C@H](O)CC[C@H]2CCCO)cc1,af19387cf0163bdc88f0e42d1f4cca4ee79de2232ba15272502126aee5a8bdd5
random,train,validation,CCCCCCCCC(C)(C)c1ccc([C@@H]2C[C@H](O)CC[C@H]2CCCO)cc1,CCCCCCC(C)(C)c1ccc([C@@H]2C[C@H](O)CC[C@H]2CCCO)cc1,af19387cf0163bdc88f0e42d1f4cca4ee79de2232ba15272502126aee5a8bdd5
random,train,validation,CCCCCCCNC(=O)c1nn(-c2ccc(F)cc2F)c(-n2c(C)ccc2C)c1C,CCCCCCNC(=O)c1nn(-c2ccc(F)cc2F)c(-n2c(C)ccc2C)c1C,52e1e3639899e88c11a66d0ccd70603324e69810a1ccb14a8b44138cfec99eb6
random,train,validation,CCCCCCCn1c2ccccc2c2cc(C(=O)N3CCCCC3)ccc21,CCCCCCn1c2ccccc2c2cc(C(=O)N3CCCCC3)ccc21,38a98ceb95909f0e1b5a4f8a187d79439a7747c537595c796de23e23366d12ed
random,train,validation,CCCCCCNC(=O)c1nn(-c2ccc(Cl)cc2Cl)c(-n2cccc2)c1C,CCCCCCCNC(=O)c1nn(-c2ccc(Cl)cc2Cl)c(-n2cccc2)c1C,530905c9c19f9cc52decce779e13c44405c48caa6ef0aa60ed48df0b45ce4369
random,train,validation,CCCCCCc1ccc(O)cc1OCCCCCCCC(=O)OC(CO)CO,CCCCCCc1ccc(O)cc1OCCCCCCCCCCC(=O)OC(CO)CO,98ce33c01cce4edc379ca0553ce4b9e290efe66bd2c81f5f8c38c349c6784b1c
random,train,validation,CCCCCOc1ccccc1-c1cc(C(=O)NC2CCCCC2)no1,CCCCCOc1ccccc1-c1cc(C(=O)NC2CCCCCC2)no1,a31ca1351b4c42a7e2c9b001eb88e7640cb74a3af3febe23c60ff6ab518fcd53
random,train,validation,CCCCCOc1ccccc1-c1cc(C(=O)NC2CCCCCCC2)no1,CCCCCOc1ccccc1-c1cc(C(=O)NC2CCCCCC2)no1,a31ca1351b4c42a7e2c9b001eb88e7640cb74a3af3febe23c60ff6ab518fcd53
random,train,validation,CCCCCc1cc(O)cc(OCCCCCC(=O)NC2CC2)c1,CCCCCc1cc(O)cc(OCCCCCCCC(=O)NC2CC2)c1,65d556d7fe062bfcc29dd7663a78fe19fa35baf6efd13ccef3d49226d49a28b0
random,train,validation,CCCCCc1cc(O)cc(OCCCCCCCCCCC(=O)NC2CC2)c1,CCCCCc1cc(O)cc(OCCCCCCCC(=O)NC2CC2)c1,65d556d7fe062bfcc29dd7663a78fe19fa35baf6efd13ccef3d49226d49a28b0
random,train,validation,CCCCCc1cc(O)cc(OCCCCCCCCCCCC(=O)NC2CC2)c1,CCCCCc1cc(O)cc(OCCCCCCCC(=O)NC2CC2)c1,65d556d7fe062bfcc29dd7663a78fe19fa35baf6efd13ccef3d49226d49a28b0
random,train,validation,CCCCCn1cc(C(=O)NC2CCCCC2)c(=O)c2c(C)nn(C)c21,CCCCCn1cc(C(=O)NC2CCCCCC2)c(=O)c2c(C)nn(C)c21,7cce95a66ac4bae2e9b6b548390f4ed212eaab983f751a9301f5b3d4ffe14474
random,train,validation,CCCCCn1cc(C(=O)NC2CCCCC2)c(=O)n2nc(-c3ccc(Cl)cc3Cl)cc12,CCCCCn1cc(C(=O)NC2CCCCCC2)c(=O)n2nc(-c3ccc(Cl)cc3Cl)cc12,123d4f857e7c0f3d1106ab23ea4839e344df1bfd42604762b1f4924ae762ca59
random,train,validation,CCCCCn1cc(C(=O)NC2CCCCCC2)c(=O)n2nc(-c3ccc(C)cc3)nc12,CCCCCn1cc(C(=O)NC2CCCCC2)c(=O)n2nc(-c3ccc(C)cc3)nc12,d32d16879f204e31b71b0119c3dfda0c4ac1aacb7fadf2aa257793fef4c8a072
random,train,validation,CCCCCn1cc(C(=O)NC2CCCCCC2)c(=O)n2nc(-c3ccccc3C)cc12,CCCCCn1cc(C(=O)NC2CCCCC2)c(=O)n2nc(-c3ccccc3C)cc12,54084ebbe16907949eeb588483b327d1a3592d254feb393bf192d70de38ade0b
random,train,validation,CCCCCn1cc(C(=O)NC2CCCCCC2)c(=O)n2nc(C(C)(C)C)cc12,CCCCCn1cc(C(=O)NC2CCCCC2)c(=O)n2nc(C(C)(C)C)cc12,8e21acf91748793dee107646444c3971da6a2c83735495a495ed201583f862d3
random,train,validation,CCCCc1cc(-c2ccccc2)cc(C(=O)N[C@H]2CC[C@H](C)CC2)c1OC,CCCCc1cc(-c2ccccc2)cc(C(=O)N[C@H]2CC[C@@H](C)CC2)c1OC,4a4cbbe862d2432762ba053437933d8cdbb9a9ec8eff5402dfbccb00f990518a
random,train,validation,C[C@H]1CC[C@@H](NC(=O)c2cc3cccnc3n(Cc3ccc(F)cc3)c2=O)CC1,CC1CCC(NC(=O)c2cc3cccnc3n(Cc3ccc(F)cc3)c2=O)CC1,82b10465cdcede5f6ba4b9cfeee696c0a2e6f51644cd0d6ac48d8b40d57c6f6b
random,train,validation,C[C@H]1CC[C@H](NC(=O)c2cc3cc(-c4cccs4)cnc3n(Cc3ccc(F)cc3)c2=O)CC1,C[C@H]1CC[C@@H](NC(=O)c2cc3cc(-c4cccs4)cnc3n(Cc3ccc(F)cc3)c2=O)CC1,927e26ed2fb034c3830ab80378dbe36a65581f9ed230aa40125d7be0e6193159
random,train,validation,Cc1c(C(=O)NC2CCCCC2)nn(-c2ccc(F)cc2F)c1-n1cccc1,Cc1c(C(=O)NC2CCCCCC2)nn(-c2ccc(F)cc2F)c1-n1cccc1,69c99e64acba37af56b12811dad5c253d3d4016df0de99114391bbb12f1a1125
random,train,validation,Cc1c(C(=O)NCCCCCCCCCN(C)CCCCCCCCCN)nn(-c2ccc(Cl)cc2Cl)c1-c1ccc(Cl)cc1,Cc1c(C(=O)NCCCCCCCCCCCN(C)CCCCCCCCCCCN)nn(-c2ccc(Cl)cc2Cl)c1-c1ccc(Cl)cc1,42868d344ec96ae23e01c6a2937acecfb3eab7c100da5f0ae707761b14b97708
random,train,validation,Cc1c(C(=O)NCCCCCCCN(C)CCCCCCCNC(=O)c2nn(-c3ccc(Cl)cc3Cl)c(-c3ccc(Cl)cc3)c2C)nn(-c2ccc(Cl)cc2Cl)c1-c1ccc(Cl)cc1,Cc1c(C(=O)NCCCCCN(C)CCCCCNC(=O)c2nn(-c3ccc(Cl)cc3Cl)c(-c3ccc(Cl)cc3)c2C)nn(-c2ccc(Cl)cc2Cl)c1-c1ccc(Cl)cc1,be2fbad482787bf0fd3f839d06d65aee4b3b8d1449fa11a3b758396920658314
random,train,validation,Cc1cc(-c2cc(C(=O)N[C@H]3CC[C@H](C)CC3)c(=O)n(Cc3ccc(F)cc3)n2)ccc1Cl,Cc1cc(-c2cc(C(=O)N[C@H]3CC[C@@H](C)CC3)c(=O)n(Cc3ccc(F)cc3)n2)ccc1Cl,9b8379e29d612b8e1235e719b913f21f6c02d6a49b9cf1cedbc6a06a4adde1d0
random,train,validation,O=C(NC1CCCCC1)c1cn2c3c(cccc3c1=O)OCC2C1CC1,O=C(NC1CCCCCC1)c1cn2c3c(cccc3c1=O)OCC2C1CC1,e288206518b7e068e82067f2645f6f17d7f9fc72d0cedd7deac50c3e13e89c80
random,train,validation,O=C(NC1CCCCCC1)c1cccn(CCN2CCOCC2)c1=O,O=C(NC1CCCCC1)c1cccn(CCN2CCOCC2)c1=O,18d34202e79c5a714664073dbaf567f77ec748d81366f0ec2c7d3c317e247934
random,validation,test,CC1CCC(NC(=O)c2cc3cccnc3n(Cc3ccc(F)cc3)c2=O)CC1,C[C@H]1CC[C@H](NC(=O)c2cc3cccnc3n(Cc3ccc(F)cc3)c2=O)CC1,82b10465cdcede5f6ba4b9cfeee696c0a2e6f51644cd0d6ac48d8b40d57c6f6b
random,validation,test,CCC(C)(C)C(=O)Nc1cc(C)c(C)c(S(=O)(=O)N2CCCCCC2)c1,CCC(C)(C)C(=O)Nc1cc(C)c(C)c(S(=O)(=O)N2CCCCC2)c1,6405dd16bb0de440e72082a37d56581b903d04dddbe653493cad37050d196499
random,validation,test,Cc1c(C(=O)NC2CCCCC2)nc(-c2ccc(Cl)cc2Cl)n1-c1ccc(Cl)cc1,Cc1c(C(=O)NC2CCCCCC2)nc(-c2ccc(Cl)cc2Cl)n1-c1ccc(Cl)cc1,5108cc4a5174ebb71e2073c462023f9c39a181da23f827372af5a3a2b3f3c947
random,validation,test,Cc1c(C(=O)NCCCCCCCCCCCN(C)CCCCCCCCCCCN)nn(-c2ccc(Cl)cc2Cl)c1-c1ccc(Cl)cc1,Cc1c(C(=O)NCCCCCCCN(C)CCCCCCCN)nn(-c2ccc(Cl)cc2Cl)c1-c1ccc(Cl)cc1,42868d344ec96ae23e01c6a2937acecfb3eab7c100da5f0ae707761b14b97708
random,validation,test,O=C(NC1CCCCCC1)c1cc2cccnc2n(Cc2ccc(F)cc2)c1=O,O=C(NC1CCCCC1)c1cc2cccnc2n(Cc2ccc(F)cc2)c1=O,63f91b94395316f8b102bfe02c3d27e609dd846993fc718964e25da9e8be877e
scaffold,train,test,CCCCCCC(C)(C)c1cc(O)cc(OCCCCCCCC(=O)NC2CC2)c1,CCCCCCC(C)(C)c1cc(O)cc(OCCCCCCCCCCCC(=O)NC2CC2)c1,a5fd92980679e818a6d5a5dfc1b3cf7851020a10c8691b5a0a526f4d2c829b04
scaffold,train,test,CCCCCCc1c(O)cccc1OCCCCCCCC(=O)NC1CC1,CCCCCCc1c(O)cccc1OCCCCCCCCCCCC(=O)NC1CC1,65883dd6a52b22ad077d0dba4a023ad53d753ec0331032bb776af39794c8cb47
scaffold,train,test,CCCCCCc1ccc(OCCCCCCCC(=O)NC2CC2)cc1O,CCCCCCc1ccc(OCCCCCCCCCCCC(=O)NC2CC2)cc1O,57a548c235d7b9e54d39597fbe3dc313049ce4c43e248627547f2581cbb6e57b
scaffold,train,test,CCCCCc1cc(O)cc(OCCCCCCCC(=O)NC2CC2)c1,CCCCCc1cc(O)cc(OCCCCCCCCCCCC(=O)NC2CC2)c1,65d556d7fe062bfcc29dd7663a78fe19fa35baf6efd13ccef3d49226d49a28b0
scaffold,train,test,CCCCCn1cc(C(=O)NC23CC4CC(CC(C4)C2)C3)c(=O)c2cc(-c3ccc(-c4ccccc4)cc3)ccc21,CCCCCn1cc(C(=O)NC23CC4CC(CC(C4)C2)C3)c(=O)c2cc(-c3ccccc3)ccc21,f311a7f67f609a6cd3b2b9f2cedeaf153b62dfb97bd22f4940e4bea49cc7cdfb
scaffold,train,test,Cc1c(C(=O)NCCCCCN(C)CCCCCNC(=O)c2nn(-c3ccc(Cl)cc3Cl)c(-c3ccc(Cl)cc3)c2C)nn(-c2ccc(Cl)cc2Cl)c1-c1ccc(Cl)cc1,Cc1c(C(=O)NCCCCCCCN(C)CCCCCCCNC(=O)c2nn(-c3ccc(Cl)cc3Cl)c(-c3ccc(Cl)cc3)c2C)nn(-c2ccc(Cl)cc2Cl)c1-c1ccc(Cl)cc1,be2fbad482787bf0fd3f839d06d65aee4b3b8d1449fa11a3b758396920658314
scaffold,train,test,Cc1c(C(=O)NCCCCCNCCCCCNC(=O)c2nn(-c3ccc(Cl)cc3Cl)c(-c3ccc(Cl)cc3)c2C)nn(-c2ccc(Cl)cc2Cl)c1-c1ccc(Cl)cc1,Cc1c(C(=O)NCCCCCCCNCCCCCCCNC(=O)c2nn(-c3ccc(Cl)cc3Cl)c(-c3ccc(Cl)cc3)c2C)nn(-c2ccc(Cl)cc2Cl)c1-c1ccc(Cl)cc1,65ed82daa5e2eff43e2aa601cf9d48cec13645f12d22201aa8793bd7d49e8f36
scaffold,train,test,O=C(NC1CCCCC1)c1cc2ccccc2n(Cc2ccc(F)cc2)c1=O,O=C(NC1CCCCCC1)c1cc2ccccc2n(Cc2ccc(F)cc2)c1=O,a67a0713cffc1a251bf38480bbc33e20317d1f9a6d612388a1ef227642ef900c
scaffold,train,test,O=C(NC1CCCCCC1)c1cc2ccccc2n(CCN2CCOCC2)c1=O,O=C(NC1CCCCC1)c1cc2ccccc2n(CCN2CCOCC2)c1=O,5eca68f4486640d10cfc80823fddea51d0181a040815a6663863e82013efca46
scaffold,train,test,O=C(NC1CCCCCC1)c1cccnc1OCc1ccc(F)cc1,O=C(NC1CCCCC1)c1cccnc1OCc1ccc(F)cc1,1435566f41f22cb24db194e512fe2649767e436a65645ff6ad626453a34e63bc
scaffold,train,test,O=C(NC1CCCCCC1)c1cccnc1OCc1ccccc1,O=C(NC1CCCCC1)c1cccnc1OCc1ccccc1,2aa3e17d3fb564a53564b99e9b9b06dcbcab7e4d6465d9ad773b6d5d784e86c2
scaffold,train,test,O=C(NN1CCCCC1)c1nn(-c2ccc(Cl)cc2Cl)c2c1CCCc1cc(Cl)ccc1-2,O=C(NN1CCCCCC1)c1nn(-c2ccc(Cl)cc2Cl)c2c1CCCc1cc(Cl)ccc1-2,f0cad6328b30797a56c966bf586d8cf3a52a44c557546f2b83afe1ba7fb99d11
scaffold,train,validation,CCC(C)(C)C(=O)Cc1cc(C)c(C)c(S(=O)(=O)N2CCCCC2)c1,CCC(C)(C)C(=O)Cc1cc(C)c(C)c(S(=O)(=O)N2CCCCCC2)c1,1ec1a62cf91d5d83e07d73bfcbeeb83490450d602c3303f8238c3406334bfa88
scaffold,train,validation,CCC(C)(C)C(=O)Nc1cc(C)c(C)c(S(=O)(=O)N2CCCCC2)c1,CCC(C)(C)C(=O)Nc1cc(C)c(C)c(S(=O)(=O)N2CCCCCC2)c1,6405dd16bb0de440e72082a37d56581b903d04dddbe653493cad37050d196499
scaffold,train,validation,CCCCCCC(C)(C)c1cc(O)cc(OCCCCCCCC(=O)NC2CC2)c1,CCCCCCC(C)(C)c1cc(O)cc(OCCCCCCCCCCC(=O)NC2CC2)c1,a5fd92980679e818a6d5a5dfc1b3cf7851020a10c8691b5a0a526f4d2c829b04
scaffold,train,validation,CCCCCCC(C)(C)c1cc(OC)cc(OCCCCCCCC(=O)NC2CC2)c1,CCCCCCC(C)(C)c1cc(OC)cc(OCCCCCCCCCCC(=O)NC2CC2)c1,595a5fb43ca7f6bee964a248b377d45ec95d2b65bf0f406a79992f8ea0340114
scaffold,train,validation,CCCCCC[Si](C)(C)c1cc(O)c(C2CCCCC2)c(O)c1,CCCCCC[Si](C)(C)c1cc(O)c(C2CCCCCC2)c(O)c1,24dec62468feecdb3bea8d97bd2e241b6c4eafde2127f6c54b2be3efca03e002
scaffold,train,validation,CCCCCC[Si](C)(C)c1cc(O)c(C2CCCCC2)c(OC)c1,CCCCCC[Si](C)(C)c1cc(O)c(C2CCCCCC2)c(OC)c1,d8408655145805642148c34ea307728be92add48398c14108dcbab463f57fc26
scaffold,train,validation,CCCCCCc1ccc(O)cc1OCCCCCCCCCCCCCCCC(=O)NC1CC1,CCCCCCc1ccc(O)cc1OCCCCCC(=O)NC1CC1,0e40ea964e42038d6c8782dc69be9def8425e499c35be7d7bd7678ccc3e97deb
scaffold,train,validation,CCCCCCc1ccc(O)cc1OCCCCCCCCCCCCCCCC(=O)NC1CC1,CCCCCCc1ccc(O)cc1OCCCCCCCCCCC(=O)NC1CC1,0e40ea964e42038d6c8782dc69be9def8425e499c35be7d7bd7678ccc3e97deb
scaffold,train,validation,CCCCCCc1ccc(OCCCCCCCC(=O)NC2CC2)cc1O,CCCCCCc1ccc(OCCCCCC(=O)NC2CC2)cc1O,57a548c235d7b9e54d39597fbe3dc313049ce4c43e248627547f2581cbb6e57b
scaffold,train,validation,CCCCCCc1ccc(OCCCCCCCC(=O)NC2CC2)cc1O,CCCCCCc1ccc(OCCCCCCCCCCC(=O)NC2CC2)cc1O,57a548c235d7b9e54d39597fbe3dc313049ce4c43e248627547f2581cbb6e57b
scaffold,train,validation,CCCCCCc1ccc(OCCCCCCCC(=O)NC2CC2)cc1O,CCCCCc1ccc(OCCCCCCCCCCC(=O)NC2CC2)cc1O,57a548c235d7b9e54d39597fbe3dc313049ce4c43e248627547f2581cbb6e57b
scaffold,train,validation,CCCCCc1cc(O)cc(OCCCCCCCC(=O)NC2CC2)c1,CCCCCc1cc(O)cc(OCCCCCC(=O)NC2CC2)c1,65d556d7fe062bfcc29dd7663a78fe19fa35baf6efd13ccef3d49226d49a28b0
scaffold,train,validation,CCCCCc1cc(O)cc(OCCCCCCCC(=O)NC2CC2)c1,CCCCCc1cc(O)cc(OCCCCCCCCCCC(=O)NC2CC2)c1,65d556d7fe062bfcc29dd7663a78fe19fa35baf6efd13ccef3d49226d49a28b0
scaffold,train,validation,CCCC[Si](C)(C)c1cc(O)c(C2CCCCC2)c(O)c1,CCCC[Si](C)(C)c1cc(O)c(C2CCCCCC2)c(O)c1,7e09895a3020c8daf894b14243aa0e56f92fe6573e1681dd5b08cbb7dd4bbb5e
scaffold,train,validation,CCCC[Si](C)(C)c1cc(O)c(C2CCCCC2)c(OC)c1,CCCC[Si](C)(C)c1cc(O)c(C2CCCCCC2)c(OC)c1,fa9346c14541324f6a51a106681eb29cc3ff95ea894c6a4d9ccc885254c13cba
scaffold,train,validation,CSc1c(C(=O)NN2CCCCC2)nn(-c2ccc(Cl)cc2Cl)c1-c1ccc(Cl)cc1,CSc1c(C(=O)NN2CCCCCC2)nn(-c2ccc(Cl)cc2Cl)c1-c1ccc(Cl)cc1,7c65641e6418e1cd3ee869e23a08aabc2b58aecb96a2a622c57109ec42de656b
scaffold,train,validation,O=C(NC1CCCCCC1)c1c(O)c2cccnc2n(CCN2CCOCC2)c1=O,O=C(NC1CCCCC1)c1c(O)c2cccnc2n(CCN2CCOCC2)c1=O,ecc7c1563d027e18ed5c1ec03444f1c7bf9f6b24b4851f6b56b47cb2cacaee36
scaffold,train,validation,O=C(NC1CCCCCC1)c1cc2cccnc2n(CCN2CCOCC2)c1=O,O=C(NC1CCCCC1)c1cc2cccnc2n(CCN2CCOCC2)c1=O,6248cbf12a147795391595768d210cab0ed16787d14d1ff47af019fdfd87f54f
scaffold,validation,test,CCCCCCC(C)(C)c1cc(O)cc(OCCCCCCCCCCC(=O)NC2CC2)c1,CCCCCCC(C)(C)c1cc(O)cc(OCCCCCCCCCCCC(=O)NC2CC2)c1,a5fd92980679e818a6d5a5dfc1b3cf7851020a10c8691b5a0a526f4d2c829b04
scaffold,validation,test,CCCCCCc1ccc(OCCCCCC(=O)NC2CC2)cc1O,CCCCCCc1ccc(OCCCCCCCCCCCC(=O)NC2CC2)cc1O,57a548c235d7b9e54d39597fbe3dc313049ce4c43e248627547f2581cbb6e57b
scaffold,validation,test,CCCCCCc1ccc(OCCCCCCCCCCC(=O)NC2CC2)cc1O,CCCCCCc1ccc(OCCCCCCCCCCCC(=O)NC2CC2)cc1O,57a548c235d7b9e54d39597fbe3dc313049ce4c43e248627547f2581cbb6e57b
scaffold,validation,test,CCCCCc1cc(O)cc(OCCCCCC(=O)NC2CC2)c1,CCCCCc1cc(O)cc(OCCCCCCCCCCCC(=O)NC2CC2)c1,65d556d7fe062bfcc29dd7663a78fe19fa35baf6efd13ccef3d49226d49a28b0
scaffold,validation,test,CCCCCc1cc(O)cc(OCCCCCCCCCCC(=O)NC2CC2)c1,CCCCCc1cc(O)cc(OCCCCCCCCCCCC(=O)NC2CC2)c1,65d556d7fe062bfcc29dd7663a78fe19fa35baf6efd13ccef3d49226d49a28b0
scaffold,validation,test,CCCCCc1ccc(OCCCCCCCCCCC(=O)NC2CC2)cc1O,CCCCCCc1ccc(OCCCCCCCCCCCC(=O)NC2CC2)cc1O,57a548c235d7b9e54d39597fbe3dc313049ce4c43e248627547f2581cbb6e57b
scaffold,validation,test,Cc1cc(-c2cc(C(=O)NC3CCCCCC3)c(=O)n(Cc3ccc(F)cc3)n2)ccc1Cl,Cc1cc(-c2cc(C(=O)NC3CCCCC3)c(=O)n(Cc3ccc(F)cc3)n2)ccc1Cl,4c5848a49c1c4812c77634edfb50a252ef096c2e992c2f5cdf5284fd61323cbf
scaffold,validation,test,O=C(NC1CCCCC1)c1cc2cccnc2n(Cc2ccc(F)cc2)c1=O,O=C(NC1CCCCCC1)c1cc2cccnc2n(Cc2ccc(F)cc2)c1=O,63f91b94395316f8b102bfe02c3d27e609dd846993fc718964e25da9e8be877e
scaffold,validation,test,O=C(NC1CCCCC1)c1cc2cccnc2n(Cc2ccccc2)c1=O,O=C(NC1CCCCCC1)c1cc2cccnc2n(Cc2ccccc2)c1=O,f042d59345b96cf3d312b239b655b1f36944e16a66f365450b399f897cf9c019
scaffold,validation,test,O=C(NC1CCCCCC1)c1cc(-c2ccccc2)nn(Cc2ccc(F)cc2)c1=O,O=C(NC1CCCCC1)c1cc(-c2ccccc2)nn(Cc2ccc(F)cc2)c1=O,ccfda737653b35100f10b281ecf8b265e481348b4131aed7c96719f89660d6ce
