fingerprint_group_id,structure_count,unique_key_count,target_min,target_max,target_range,same_scaffold,target_gap_ge_1,unordered_pair_count
007a09b2d0e2206656a773fc37809d05fd7b748f73486e7bc0a16564bf0c5642,3,3,6.797939075968737,7.511458439842073,0.7135193638733366,True,False,3
041b6e6f668524e6ce71f825ec4731a3145cd9d6795eca2babab82f9e179dc6c,2,2,7.455931955649724,8.161150909262744,0.70521895361302,True,False,1
04c272c4e1e8b2be72bc2bf5e9329bf577cdf7d16ad54c969425ecc0d797dd83,4,4,5.777283528852417,6.958607314841775,1.181323785989358,True,True,6
0678f56a5cf3504537a02c5d00e2377d5d2bfc6bd8a475bdb3c7016fa04950dd,2,2,7.327902142064282,7.987162775294828,0.659260633230546,False,False,1
07f90ac4fc878aa6cca12ccfdbe683483662e433f5d4e95a16a20a1f946aaf63,2,2,7.207608310501746,8.148741651280925,0.9411333407791798,True,False,1
08b57a92f819ea700fa8f244a84539645efb424904f854ae01c5633f41d2a7e5,2,2,7.744727494896693,8.443697499232712,0.6989700043360196,True,False,1
0d0b4a2783c31f6aad5200854a626bb7502e324cdc0965ace4bb6f1c4900e27b,2,2,5.7537476877006775,5.849857838151442,0.09611015045076421,True,False,1
0e40ea964e42038d6c8782dc69be9def8425e499c35be7d7bd7678ccc3e97deb,3,3,5.447331783887806,7.522878745280337,2.075546961392531,False,True,3
1077708bae0ecf891f7a6271b34556fe377f97495a2a8afabd1509e1f6a1876e,2,2,7.376750709602099,7.508638306165727,0.1318875965636277,False,False,1
123d4f857e7c0f3d1106ab23ea4839e344df1bfd42604762b1f4924ae762ca59,2,2,7.2839966563652,7.431798275933005,0.14780161956780535,False,False,1
1435566f41f22cb24db194e512fe2649767e436a65645ff6ad626453a34e63bc,2,2,6.6020599913279625,7.602059991327962,0.9999999999999991,False,False,1
14cb056a022fd84c4060d57f47ecf6311f74841af833ef8933ff96411dfa37b8,2,2,7.587546764348944,8.644109035201687,1.0565622708527433,False,True,1
14d4437c7005035b49dfeb3bbb0e7e59cea4cec9fbc0fed351efce3c968881f0,2,2,6.795880017344075,6.835647144215563,0.03976712687148787,True,False,1
18d34202e79c5a714664073dbaf567f77ec748d81366f0ec2c7d3c317e247934,2,2,5.102372908709558,6.102372908709558,1.0,False,True,1
1bc4840d7848786df2abc70d4b8b41914d4c396b85e9d9840d4252508a8bb1e5,2,2,7.060480747381382,7.096910013008056,0.03642926562667448,False,False,1
1c97b58da2e35dc7355fdd6f07e5ae850970c019e4ffdd3e175e26e29761d2e2,2,2,6.332547047110046,6.795880017344075,0.4633329702340294,True,False,1
1d9e49ed6dbfb1f369df8ba699c74565168e24b6ca5c1b627775b489b129beb7,2,2,8.55284196865778,8.55284196865778,0.0,True,False,1
1ec1a62cf91d5d83e07d73bfcbeeb83490450d602c3303f8238c3406334bfa88,2,2,8.045757490560675,8.568636235841012,0.5228787452803374,False,False,1
21804add6574c18848fa52a622eb2458c1f23759b15679cf100830158a821fd1,2,2,7.025949097207123,9.173925197299171,2.1479761000920483,True,True,1
24a4b3cde5d0c631e462ff431ee32566473c411c3af6c60f55cf6927d5c64e97,2,2,6.844663962534938,7.657577319177793,0.8129133566428557,True,False,1
24dec62468feecdb3bea8d97bd2e241b6c4eafde2127f6c54b2be3efca03e002,2,2,8.041914151478915,8.185086818724926,0.1431726672460112,False,False,1
2aa3e17d3fb564a53564b99e9b9b06dcbcab7e4d6465d9ad773b6d5d784e86c2,2,2,6.03810452633215,6.317854923626168,0.27975039729401807,False,False,1
2aab2ce46eddad1ffc065ab07732b2910f6f729aaef615b5c0d67b9265eb554a,2,2,6.035033625168902,6.314079207805465,0.279045582636563,True,False,1
2ffe12cd7821d4308b4651d85838433e22dd3210a3cf6fc0f46b2b52d0bf7e47,2,2,8.481486060122112,8.481486060122112,0.0,True,False,1
32eaff7af33f0f021566d805e7abc67fce934be0d404760ee9d1fea9160803f1,2,2,5.104025267640935,6.060480747381382,0.9564554797404465,True,False,1
3656b9cac6a18bf0fd950b430f2642e2d5b79394f729a4693585e7ac31d9bae5,2,2,5.889410289700751,6.630784142589857,0.7413738528891054,True,False,1
380d0d7e6f37bd65f06365caa9733db8ed8d935a91fe3deddaee122863d97c0b,2,2,5.136677139879544,5.366531544420413,0.2298544045408688,False,False,1
38a98ceb95909f0e1b5a4f8a187d79439a7747c537595c796de23e23366d12ed,2,2,6.082494490447454,7.017728766960431,0.9352342765129773,True,False,1
39d6178bbf78237acc9ad21836cc1d8879f75b5b49780929b2acc461b8bc4d53,2,2,6.860057981489657,7.954307228960816,1.0942492474711587,False,True,1
3df319cfde2e3a683dc0a8b278145eab0bab6168fb02ec71678a9b53c4240bf6,2,2,5.582196277360119,5.95624487303132,0.3740485956712014,True,False,1
40b9f5ddf1c9d9b45def4cda69da567a8c21671d615cfd17d6eb57f8d1278d2f,2,2,5.0,5.521433504406156,0.521433504406156,True,False,1
4189ba9644bff9903f727a9269f70b45533aaf5d7033393b35607c7f346fa737,2,2,8.017728766960431,8.017728766960431,0.0,True,False,1
42868d344ec96ae23e01c6a2937acecfb3eab7c100da5f0ae707761b14b97708,3,3,5.713543530253017,6.576754126063192,0.863210595810175,True,False,3
4642c397d32273975f30854fca81c2c5c254b36805d604cfa24f4cb44de4d5c3,3,3,8.950781977329818,9.920818753952377,0.9700367766225586,True,False,3
46f180620afcfbb92810031843d811cde62f9148f1722025df934cb063122838,2,2,7.795880017344075,7.797925375395152,0.00204535805107664,True,False,1
48bc000b52a6b18ebe9d14cc11ca0b0e7744fed8b5e2162668ac5525b6e3056e,2,2,7.431915684554926,8.522951139760405,1.0910354552054793,True,True,1
4a4cbbe862d2432762ba053437933d8cdbb9a9ec8eff5402dfbccb00f990518a,2,2,5.621602099051863,5.898940645091884,0.2773385460400215,True,False,1
4c5848a49c1c4812c77634edfb50a252ef096c2e992c2f5cdf5284fd61323cbf,2,2,8.309803919971486,8.327902142064282,0.01809822209279588,False,False,1
4fbeea232c7188cbb9cbbff6441a3dd84aa96256177a47702f1943e4418b6c01,3,3,6.72584215073632,7.607303046740334,0.8814608960040138,True,False,3
5108cc4a5174ebb71e2073c462023f9c39a181da23f827372af5a3a2b3f3c947,2,2,6.45717457304082,6.795880017344075,0.33870544430325467,False,False,1
52e1e3639899e88c11a66d0ccd70603324e69810a1ccb14a8b44138cfec99eb6,2,2,6.312203588618706,6.437112618706121,0.12490903008741494,True,False,1
530905c9c19f9cc52decce779e13c44405c48caa6ef0aa60ed48df0b45ce4369,2,2,6.416461180745648,6.5932895413902095,0.17682836064456176,True,False,1
54084ebbe16907949eeb588483b327d1a3592d254feb393bf192d70de38ade0b,2,2,7.397940008672037,8.049148541111453,0.6512085324394166,False,False,1
542e6c6d9161e676df24fc95034b175ffdc0d77637e3c2fdf8d1cb6a9289a00c,2,2,7.982966660701219,8.282329496997738,0.2993628362965186,False,False,1
57a548c235d7b9e54d39597fbe3dc313049ce4c43e248627547f2581cbb6e57b,5,5,5.404503778174426,7.886056647693163,2.4815528695187368,False,True,10
585549452b9ba450214eb8ebc48a4ca6a2ce19f3a0af2ddc4464140240a4f232,3,3,6.4089353929735005,7.4089353929735005,1.0,True,True,3
595a5fb43ca7f6bee964a248b377d45ec95d2b65bf0f406a79992f8ea0340114,2,2,7.583359492661719,8.3767507096021,0.7933912169403801,False,False,1
5a38ad36df1be006bb5269029b31e3e89a0d350ab2bd938f54d23cf7eca1997b,2,2,6.823908740944319,7.045757490560675,0.22184874961635614,True,False,1
5bf655cb3ff6a96c044b25f6423461c5a612c9147f5c6ff4909f838052648ec4,2,2,6.216096420727265,6.296708621881338,0.0806122011540733,False,False,1
5c5b4dd3645e1e3d2bc078ec37562e6230a07019eb6c1318a23d859d1914920c,2,2,8.598599459218455,9.09151498112135,0.4929155219028942,False,False,1
5eca68f4486640d10cfc80823fddea51d0181a040815a6663863e82013efca46,2,2,8.045757490560675,8.698970004336019,0.653212513775344,False,False,1
6248cbf12a147795391595768d210cab0ed16787d14d1ff47af019fdfd87f54f,2,2,8.102372908709558,8.522878745280337,0.4205058365707792,False,False,1
6273cf1d062f1c9ff2b781cac5e168b2b631f4f77832ead5cdc23aaa85e2d415,2,2,7.943095148663527,7.97469413473523,0.031598986071702306,True,False,1
63f91b94395316f8b102bfe02c3d27e609dd846993fc718964e25da9e8be877e,2,2,8.657577319177793,9.154901959985745,0.49732464080795147,False,False,1
6405dd16bb0de440e72082a37d56581b903d04dddbe653493cad37050d196499,2,2,8.045757490560675,8.568636235841012,0.5228787452803374,False,False,1
64d4a0b87afbfe41d80bf57ce954969049c315742748f0111639b3172561acf1,2,2,5.404503778174426,5.847711655616943,0.443207877442517,True,False,1
65883dd6a52b22ad077d0dba4a023ad53d753ec0331032bb776af39794c8cb47,2,2,5.7447274948966935,7.4089353929735005,1.664207898076807,False,True,1
65d556d7fe062bfcc29dd7663a78fe19fa35baf6efd13ccef3d49226d49a28b0,4,4,6.017728766960431,7.886056647693163,1.868327880732732,False,True,6
65ed82daa5e2eff43e2aa601cf9d48cec13645f12d22201aa8793bd7d49e8f36,2,2,6.257274868695301,6.345823458122039,0.08854858942673793,False,False,1
65f6d59f48cfa6bb7548e0cce37998e86d6a4da8e872324e07c5e023ab58a09e,2,2,6.625251653989896,6.987162775294828,0.3619111213049324,False,False,1
69c825e43e3536c15f2ce737b229f6176281d2a9e20ea6855a96f4023260ea85,2,2,7.657577319177793,8.034328028779893,0.3767507096020992,False,False,1
69c99e64acba37af56b12811dad5c253d3d4016df0de99114391bbb12f1a1125,2,2,6.698970004336019,7.187086643357144,0.48811663902112556,False,False,1
6b2c0f91a122e031661f273eac7c1d26bd0545aa406a897112f8eb002c02f9c9,2,2,5.9641701747471725,6.4723700991286615,0.508199924381489,True,False,1
6cf897db187b2590d58c63cd02de852bfa063cd7f77e2b5634a1b955bff1034e,2,2,7.1938200260161125,7.698970004336019,0.5051499783199063,False,False,1
6d103e37d762d2c1429863c0282cb1a6c348f2e31061bea22fa1b43f203a09e1,2,2,5.104025267640935,5.104025267640935,0.0,True,False,1
6e24c27cfaf8a714318fd0971ef77f5dffdf83babc1a80dfa395cdbbd8a1579c,2,2,6.888065723667319,6.981299501333757,0.09323377766643759,True,False,1
7247b294471d37adafd8844caddb9ba9e00c05bf63545df586ba016ed8aeaff6,2,2,6.088948979671874,6.638272163982407,0.5493231843105333,True,False,1
744fa38153304b255c8b4d76db5c95c807a18adfc6f3534f4872584938c10729,2,2,7.221848749616356,7.42021640338319,0.19836765376683374,False,False,1
7616accd3a649411778743f007afdf6db13bc10c0082dfb9fef18caa6a02095a,2,2,8.346787486224656,9.397940008672036,1.0511525224473797,True,True,1
7c22827c663313a28278bf90abc2b0e39305b454aa4b9b7005e6377dd9f60b26,2,2,8.602059991327963,8.602059991327963,0.0,True,False,1
7c65641e6418e1cd3ee869e23a08aabc2b58aecb96a2a622c57109ec42de656b,2,2,6.094743951251549,6.430626090384954,0.33588213913340503,False,False,1
7cce95a66ac4bae2e9b6b548390f4ed212eaab983f751a9301f5b3d4ffe14474,2,2,7.070581074285707,7.950781977329818,0.8802009030441109,False,False,1
7e09895a3020c8daf894b14243aa0e56f92fe6573e1681dd5b08cbb7dd4bbb5e,2,2,7.196952789508871,7.503208684299958,0.3062558947910867,False,False,1
7ec015272886afebd3268204e5b629cb30ad75499902d958dd8b338ec565480c,3,3,6.096910013008056,6.102372908709558,0.005462895701501935,True,False,3
7ef4e5ce7f694271383d6ff7ab6e98b1b5ccf2b57687a640fd8554dd43d945f0,2,2,8.853871964321762,9.397940008672036,0.5440680443502739,True,False,1
82b10465cdcede5f6ba4b9cfeee696c0a2e6f51644cd0d6ac48d8b40d57c6f6b,3,3,8.045757490560675,9.154901959985745,1.10914446942507,True,True,3
82e84b93ac0f7e43b138cd0167d7f13af6f8246dd7df78020379840b6983e4e7,3,3,5.9677842967020185,6.8124792791635365,0.844694982461518,True,False,3
85b940e51f5ae8d2fada705b1e51a6c7ea17b5ce1c53c7b0245105bfd78d0e7a,2,2,7.657577319177793,7.987162775294828,0.3295854561170346,False,False,1
87b84e25108ada8644cd95c36babd9df8e009db62b1638e6c0765c4401734476,2,2,8.769551078621726,8.886056647693163,0.11650556907143717,False,False,1
8c64b4455fc1aec27cb065e5ae1c8041502cb3bb360529e80ff79d3c6ccfcd58,2,2,6.698970004336019,8.096910013008056,1.3979400086720375,False,True,1
8e21acf91748793dee107646444c3971da6a2c83735495a495ed201583f862d3,2,2,7.910094888560602,8.141462802430361,0.23136791386975908,False,False,1
9126ffbf3ad205ca25c609764850f53349728df438afcdf734b11920200c7e09,2,2,5.995678626217357,6.008773924307505,0.013095298090147978,True,False,1
927e26ed2fb034c3830ab80378dbe36a65581f9ed230aa40125d7be0e6193159,3,3,7.18309616062434,9.017728766960431,1.8346326063360907,True,True,3
930fdf83d00cb1bd326294ec4ae5cc62b50034219a2b007a3b5564b0c413611e,2,2,6.9233595563296575,7.012333735073725,0.08897417874406788,True,False,1
94805ea64c42e9cb6ab3aa4cd776e87380261e9e308ec7385540519bb449667c,2,2,8.51999305704285,8.87942606879415,0.3594330117512996,True,False,1
98ce33c01cce4edc379ca0553ce4b9e290efe66bd2c81f5f8c38c349c6784b1c,2,2,5.7447274948966935,5.7447274948966935,0.0,True,False,1
9abb750746a46c0cfe82bf8b16aae56f75b4c2610ddb2c125452608d197ed55f,2,2,6.288192770958808,6.293282217663242,0.0050894467044333425,False,False,1
9b8379e29d612b8e1235e719b913f21f6c02d6a49b9cf1cedbc6a06a4adde1d0,2,2,8.045757490560675,8.698970004336019,0.653212513775344,True,False,1
9b983abab23056c8bda5805f008a67358e873cb165fb8a48ab155b7fed2e55e4,2,2,8.823908740944319,9.096910013008056,0.2730012720637376,True,False,1
9be758923254977442ff8f998211adfb338d7bbe144ffb209dc1bae3765c418f,2,2,5.587707490676953,5.986320302708807,0.39861281203185417,False,False,1
9bf853658aecbbf0b40a94114304699478a6b31d0cc8f6f87aaf9d73917e9518,2,2,6.723538195826755,7.667965722972482,0.9444275271457263,True,False,1
9c218c1cdb17ca9908f2cf8acdbe6af7697e3fa5844fcc04234e992e7689db90,2,2,8.021363051615525,8.18243463044022,0.16107157882469458,False,False,1
9f65fd31f8a642c9a5646f6d1bbd16a4512d895c861b29988ea8a7efd21a0d4d,2,2,6.2441251443275085,6.958607314841775,0.7144821705142661,False,False,1
9fb3b4e82cabe6faf9b3006803e648f4aedb1882dc7422d17026ce2e45ef3949,3,3,6.210923460899194,7.484279608680778,1.273356147781584,False,True,3
a12e9b302e2fc424dc591a330a9e37af7e000ea3c9e6d05d96360f41fbf16f20,3,3,5.191789027075778,5.619788758288394,0.4279997312126156,True,False,3
a31ca1351b4c42a7e2c9b001eb88e7640cb74a3af3febe23c60ff6ab518fcd53,3,3,7.133712660915805,7.642065152999546,0.5083524920837412,False,False,3
a5fd92980679e818a6d5a5dfc1b3cf7851020a10c8691b5a0a526f4d2c829b04,3,3,7.699513552156626,8.101194173080083,0.40168062092345735,False,False,3
a67a0713cffc1a251bf38480bbc33e20317d1f9a6d612388a1ef227642ef900c,2,2,8.537602002101044,9.602059991327964,1.06445798922692,False,True,1
a6a6d9c03cafa5c6e68b7e3c51455d9ba073010e599a524f4e8a38bf2b4227b1,2,2,9.193820026016112,9.193820026016112,0.0,True,False,1
a87f37ada2eaa7198ca45dbc5950c46396715cd271f309ea6069f5dacf1789e1,2,2,8.835647144215564,9.2518119729938,0.4161648287782356,True,False,1
ae89f4661d0b5b6741c88b837404601738c7ec41205f7e729d49f7ad5795d77b,2,2,5.928117992693874,6.6790233226571765,0.7509053299633024,True,False,1
aeade6603c2252b8a7b75eb4f9791b81c4959759a68c9338da5766f5eeb1010a,2,2,7.910094888560602,8.158015195409886,0.24792030684928434,False,False,1
af19387cf0163bdc88f0e42d1f4cca4ee79de2232ba15272502126aee5a8bdd5,3,3,6.375717904164332,6.761953896871205,0.38623599270687325,True,False,3
b1d4e86958ffa3faea0b648e8e95f2e5a90b6e4662db5fbdd67c274788e35965,2,2,9.154901959985745,9.154901959985745,0.0,True,False,1
b2408468753521abade93aee25a61d9b2a9687c5de41937f88347bd5f0c45a91,2,2,6.090979145788844,6.707743928643524,0.6167647828546796,True,False,1
b7f12c4257ac1bec3cf5c549ca235f3f36103c9c506864f42f4ae1d65b5edfb1,2,2,6.017728766960431,6.045757490560675,0.028028723600243666,True,False,1
b9e11378a09634d07d431657394836de5a31427dccb71bb64ed91d748dffcf9b,3,3,5.950781977329818,6.636388020107855,0.685606042778037,True,False,3
ba80458353718c57705e49134a5738696b5b6ce66aaabff38298a217afd111ce,2,2,5.636388020107855,5.747146969020107,0.11075894891225158,True,False,1
bbea03441bfb701fedb78fe1948f222d628983d277f1403fd01aea26d175463b,2,2,7.045757490560675,7.221848749616356,0.17609125905568135,True,False,1
bdc8b856535d177724ca2e9d7a1bd0319172fa56535a8b69a598e793c90a1d18,2,2,5.441291429466834,5.548213564475709,0.10692213500887515,False,False,1
be2fbad482787bf0fd3f839d06d65aee4b3b8d1449fa11a3b758396920658314,2,2,5.984221243610959,6.165579296318468,0.18135805270750893,False,False,1
c153cf504511af8c17386fd366ba8f73ce484fbf1e424ae68dee5c1f8e40b09d,2,2,5.017728766960431,5.3979400086720375,0.38021124171160636,False,False,1
c67956f277ce22dfaa48d99b25638cf74aa8404c4dbe279b7f0b20b3c4bc154d,3,3,7.251811972993799,8.207608310501746,0.9557963375079463,False,False,3
c8f4cc64f28554ec5ac029cabe6c466d8a0a0924a97625a3935cc77f0127162d,2,2,7.698970004336019,8.10790539730952,0.40893539297350046,False,False,1
ccfda737653b35100f10b281ecf8b265e481348b4131aed7c96719f89660d6ce,2,2,7.356547323513812,7.795880017344075,0.43933269383026285,False,False,1
d32d16879f204e31b71b0119c3dfda0c4ac1aacb7fadf2aa257793fef4c8a072,2,2,7.508638306165727,7.657577319177793,0.14893901301206647,False,False,1
d57c856e5a59768e9d80d4410d5876b8f1cb8163e37767f3eef86ca33a888def,3,3,5.653647025549361,5.696803942579511,0.04315691703015023,True,False,3
d6eed11f03b62a06ed7df90ec22ba3198f4412fea3cf7d1b6d20e979fa8dd12c,2,2,5.969805214643249,6.488116639021126,0.5183114243778766,False,False,1
d8408655145805642148c34ea307728be92add48398c14108dcbab463f57fc26,2,2,6.782858362061719,7.172630726946174,0.3897723648844549,False,False,1
d9022ce7ce7466647d2706f63439008cd9bd75edbedba0ef17d7be69ff0db3d5,3,3,7.102372908709558,7.703334809738469,0.6009619010289109,False,False,3
d97977508cc293c7af812c632452e8d5a3264c623a87617e1b35a89026632787,2,2,7.732828271596986,8.058488567365597,0.32566029576861055,False,False,1
de392625fe597d1652d24ea49d738a9b5abc413fd5b0b7176fc8d8a2b6fa85be,2,2,7.318758762624412,7.366531544420413,0.04777278179600053,False,False,1
defb789dddf0d4a90a88648d2f06dc7f1e3f494f78bf1bad55f9414d7eb3cb66,2,2,5.621602099051863,5.94692155651658,0.32531945746471713,True,False,1
e02efc91dc3d7b0f0bc6930273e98e087abd8e39b22325540666cc38bb63f005,2,2,5.317945222926193,5.573976984310123,0.25603176138393025,True,False,1
e288206518b7e068e82067f2645f6f17d7f9fc72d0cedd7deac50c3e13e89c80,2,2,7.815308569182401,8.505845405981557,0.690536836799156,False,False,1
e452648a7bb13ce7bfbc5a910e3e8c4d37e94b108dc70bf65361d2c74a71b388,2,2,7.259637310505756,8.199970640755865,0.9403333302501089,False,False,1
e642441be0fd40272765608dec1c3fa3f0e5705d03fc72f4dea42cd19dc8a717,2,2,8.3767507096021,8.886056647693163,0.5093059380910638,False,False,1
e95c45e290549083de6bb4dbd961522f8d6864475ed4012a5fd5f9f5fc2de7e2,2,2,8.886056647693163,9.0,0.11394335230683694,True,False,1
e9fba2f26a952856f404764dd87a070ae15568ff057b3f2d35aa6960855a498e,2,2,7.377785977033705,7.478861916295964,0.10107593926225888,True,False,1
ecb9962be5ab382e1033bf94e610748124ac5aafa2a1b123242f17c1f4739848,2,2,5.935542010773082,6.040958607678906,0.10541659690582428,True,False,1
ecc7c1563d027e18ed5c1ec03444f1c7bf9f6b24b4851f6b56b47cb2cacaee36,2,2,8.619788758288394,8.744727494896694,0.1249387366082999,False,False,1
f042d59345b96cf3d312b239b655b1f36944e16a66f365450b399f897cf9c019,2,2,7.508638306165727,7.657577319177793,0.14893901301206647,False,False,1
f0cad6328b30797a56c966bf586d8cf3a52a44c557546f2b83afe1ba7fb99d11,2,2,7.161852605029786,7.55129368009492,0.38944107506513426,False,False,1
f129de12c7bf8d8295b674732cd0b30527b2f3d2243f1e931baac2cd26f0babd,3,3,7.400116927926312,8.236572006437063,0.8364550785107507,True,False,3
f1c0718974d9aa4f4a8615643ac0d6e4e90c81cc6313219669ed8e089af78117,2,2,6.534617148551582,6.6777807052660805,0.14316355671449887,True,False,1
f1ff7dfb50a996e2bfae775e6c4372cbe0d1fc59614fb71bec20672fc7bf5966,3,3,6.206209615309181,6.515700160653214,0.3094905453440333,True,False,3
f311a7f67f609a6cd3b2b9f2cedeaf153b62dfb97bd22f4940e4bea49cc7cdfb,2,2,6.742321425130816,8.42021640338319,1.6778949782523735,False,True,1
f37645ef048d09b6128feb418da94f8bcb5f59b2f6ef21ca50e15ed545f4155a,2,2,7.29929628285498,7.673664139071248,0.374367856216268,True,False,1
f9f8dc64d37bc96d3f813d2bfc5a8c59489e706ab1cc2416e5ac039fb83cf177,2,2,7.180456064458131,8.244125144327509,1.0636690798693778,True,True,1
fa0c6174ccd077ba148d6c32b1da3923e7ddab4f36a239e66617832b18c3cef2,2,2,7.244125144327507,7.987162775294828,0.7430376309673212,False,False,1
fa9346c14541324f6a51a106681eb29cc3ff95ea894c6a4d9ccc885254c13cba,2,2,6.210694334081714,6.40207456743954,0.19138023335782606,False,False,1
faeeaa7acfe2398f3d4496908494f019852453ac9489ad93c9eb5d47eb61413e,3,3,6.75448733218585,7.892790030352131,1.1383026981662816,True,True,3
