split_strategy,left_rdkit_smiles,right_rdkit_smiles,tanimoto,left_observed_pki,right_observed_pki,observed_difference_pki,exact_fingerprint_pair
random,C/C=C\C=C/CC/C=C/C=C/C(=O)NCC(C)C,C/C=C\C=C\CC/C=C/C=C/C(=O)NCC(C)C,0.8108108108108109,7.244125144327507,5.343422708603886,1.9007024357236206,False
random,CC(C)(NC(=O)c1cc2c(n(CC3CCCCC3)c1=O)CCCCCC2)C(=O)NCC(=O)O,CC(C)(NC(=O)c1cc2c(n(CC3CCCCC3)c1=O)CCCCCC2)C(=O)NCC(N)=O,0.8448275862068966,5.54928912185308,8.221848749616356,-2.6725596277632757,False
random,CC1CCC(NC(=O)c2cc3cccnc3n(CCCCCCF)c2=O)CC1,CC1CCC(NC(=O)c2cc3cccnc3n(CCCO)c2=O)CC1,0.8135593220338984,8.835647144215564,6.889410289700751,1.9462368545148125,False
random,CC1CCC(NC(=O)c2cc3cccnc3n(CCCO)c2=O)CC1,CCCCCn1c(=O)c(C(=O)NC2CCC(C)CC2)cc2cccnc21,0.8421052631578947,6.889410289700751,8.549750891680638,-1.660340601979887,False
random,CC1CCC(NC(=O)c2cc3cccnc3n(CCCO)c2=O)CC1,CCCCn1c(=O)c(C(=O)NC2CCC(C)CC2)cc2cccnc21,0.8571428571428571,6.889410289700751,8.4089353929735,-1.5195251032727493,False
random,CCCCCCC1(c2ccc(-c3cc(C)cc(C)c3)c(O)c2)CC1,CCCCCCC1(c2ccc(-c3cc(C)cc(C)c3)c(O)c2)CCCC1,0.9024390243902439,7.259637310505756,8.259637310505756,-1.0,False
random,CCCCCCC1(c2ccc(-c3cc(C)cc(C)c3)c(O)c2)CC1,CCCCCCC1(c2ccc(-c3cc(C)cc(C)c3)c(O)c2)CCCCC1,0.8809523809523809,7.259637310505756,8.769551078621726,-1.50991376811597,False
random,CCCCCOc1c(OC)ccc2cc(C(=O)NCCc3ccc(F)cc3)c(=O)n(C)c12,CCCCCOc1c(OC)ccc2cc(C(=O)NCCc3ccncc3)c(=O)n(C)c12,0.8153846153846154,10.67788413334184,9.124967691504128,1.552916441837711,False
random,CCCCCn1c(C)c(C(=O)c2ccc(OC)c3ccccc23)c2ccccc21,CCCn1c(C)c(C(=O)c2ccc(OC)c3ccccc23)c2ccccc21,0.851063829787234,8.721017883134557,7.013004460275619,1.7080134228589383,False
random,CCCCCn1cc2c(=O)n(CC34CC5CC(CC(C5)C3)C4)nc-2c2ccccc21,CCCCCn1cc2c(=O)n(CCC34CC5CC(CC(C5)C3)C4)nc-2c2ccccc21,0.8421052631578947,9.4089353929735,7.583359492661719,1.8255759003117813,False
random,CCCCOc1c(OC)ccc2cc(C(=O)NCC(F)c3ccccc3)c(=O)[nH]c12,COc1ccc2cc(C(=O)NCC(F)c3ccccc3)c(=O)[nH]c2c1OC,0.8166666666666667,9.096910013008056,7.657577319177793,1.4393326938302629,False
scaffold,C=CCn1cc(C(=O)NC23CC4CC(CC(C4)C2)C3)c2cc(-c3ccc(O)cc3)ccc21,C=CCn1cc(C(=O)NC23CC4CC(CC(C4)C2)C3)c2cc(-c3ccccc3)ccc21,0.8545454545454545,7.653647025549361,8.739928612014925,-1.0862815864655637,False
scaffold,CC/C=C\C/C=C\C/C=C\CCCCCCCC(=O)NCc1ccccc1,CCCCC/C=C\C/C=C\CCCCCCCC(=O)NCc1ccccc1,0.8536585365853658,4.356942316248547,5.386158178123931,-1.0292158618753833,False
scaffold,CC1(C)C(C(=O)c2cn(CCN3CCCCC3)c3ccccc23)C1(C)C,CC1(C)C(C(=O)c2cn(CCN3CCCCCC3)c3ccccc23)C1(C)C,1.0,8.644109035201687,7.587546764348944,1.0565622708527433,True
scaffold,CC1(C)Oc2cc(C34CC5CC(CC(C5)O3)C4)cc(O)c2[C@@H]2C[C@@H](O)CC[C@H]21,CC1(C)Oc2cc(C34CC5CC(CC(C5)O3)C4)cc(O)c2[C@@H]2C[C@H](O)CC[C@H]21,0.9591836734693877,5.886056647693163,7.721246399047171,-1.835189751354008,False
scaffold,CC1CCC(NC(=O)c2c(O)c3cccnc3n(CCCO)c2=O)CC1,CCCCn1c(=O)c(C(=O)NC2CCC(C)CC2)c(O)c2cccnc21,0.8596491228070176,6.667561540084394,7.950781977329818,-1.283220437245424,False
scaffold,CC1CCC(NC(=O)c2cc3cc(-c4cccs4)cnc3n(Cc3ccc(F)cc3)c2=O)CC1,C[C@H]1CC[C@H](NC(=O)c2cc3cc(-c4cccs4)cnc3n(Cc3ccc(F)cc3)c2=O)CC1,1.0,8.732828271596986,7.18309616062434,1.5497321109726458,True
scaffold,CC1CCC(NC(=O)c2cc3cccnc3n(CCCC(=O)O)c2=O)CC1,CC1CCC(NC(=O)c2cc3cccnc3n(CCCCCCO)c2=O)CC1,0.8,5.608006927740288,7.744727494896693,-2.136720567156405,False
scaffold,CC1CCC(NC(=O)c2cc3cccnc3n(CCCC(=O)O)c2=O)CC1,CC1CCC(NC(=O)c2cc3cccnc3n(CCCCCO)c2=O)CC1,0.8,5.608006927740288,8.443697499232712,-2.8356905714924245,False
scaffold,CC1CCC(NC(=O)c2cc3cccnc3n(CCCC(=O)O)c2=O)CC1,CC1CCC(NC(=O)c2cc3cccnc3n(CCCCF)c2=O)CC1,0.8,5.608006927740288,8.866461091629782,-3.2584541638894944,False
scaffold,CC1CCC(NC(=O)c2cc3cccnc3n(CCCC(=O)O)c2=O)CC1,CC1CCC(NC(=O)c2cc3cccnc3n(CCCCO)c2=O)CC1,0.8135593220338984,5.608006927740288,7.273272790973428,-1.6652658632331399,False
scaffold,CC1CCC(NC(=O)c2cc3cccnc3n(CCCC(=O)O)c2=O)CC1,CC1CCC(NC(=O)c2cc3cccnc3n(CCCO)c2=O)CC1,0.8275862068965517,5.608006927740288,6.889410289700751,-1.2814033619604634,False
scaffold,CC1CCC(NC(=O)c2cc3cccnc3n(CCCC(=O)O)c2=O)CC1,CCCCCn1c(=O)c(C(=O)NC2CCC(C)CC2)cc2cccnc21,0.8135593220338984,5.608006927740288,8.549750891680638,-2.9417439639403504,False
scaffold,CC1CCC(NC(=O)c2cc3cccnc3n(CCCC(=O)O)c2=O)CC1,CCCCn1c(=O)c(C(=O)NC2CCC(C)CC2)cc2cccnc21,0.8275862068965517,5.608006927740288,8.4089353929735,-2.8009284652332127,False
scaffold,CC1CCC(NC(=O)c2cc3cccnc3n(CCCCC(=O)O)c2=O)CC1,CC1CCC(NC(=O)c2cc3cccnc3n(CCCCCCF)c2=O)CC1,0.8032786885245902,5.872571222148402,8.835647144215564,-2.963075922067162,False
scaffold,CC1CCC(NC(=O)c2cc3cccnc3n(CCCCC(=O)O)c2=O)CC1,CC1CCC(NC(=O)c2cc3cccnc3n(CCCCCCO)c2=O)CC1,0.8166666666666667,5.872571222148402,7.744727494896693,-1.872156272748291,False
scaffold,CC1CCC(NC(=O)c2cc3cccnc3n(CCCCC(=O)O)c2=O)CC1,CC1CCC(NC(=O)c2cc3cccnc3n(CCCCCF)c2=O)CC1,0.8032786885245902,5.872571222148402,9.2518119729938,-3.3792407508453977,False
scaffold,CC1CCC(NC(=O)c2cc3cccnc3n(CCCCC(=O)O)c2=O)CC1,CC1CCC(NC(=O)c2cc3cccnc3n(CCCCCO)c2=O)CC1,0.8166666666666667,5.872571222148402,8.443697499232712,-2.5711262770843106,False
scaffold,CC1CCC(NC(=O)c2cc3cccnc3n(CCCCC(=O)O)c2=O)CC1,CC1CCC(NC(=O)c2cc3cccnc3n(CCCCF)c2=O)CC1,0.8166666666666667,5.872571222148402,8.866461091629782,-2.9938898694813805,False
scaffold,CC1CCC(NC(=O)c2cc3cccnc3n(CCCCC(=O)O)c2=O)CC1,CC1CCC(NC(=O)c2cc3cccnc3n(CCCCO)c2=O)CC1,0.8305084745762712,5.872571222148402,7.273272790973428,-1.400701568825026,False
scaffold,CC1CCC(NC(=O)c2cc3cccnc3n(CCCCC(=O)O)c2=O)CC1,CC1CCC(NC(=O)c2cc3cccnc3n(CCCO)c2=O)CC1,0.8135593220338984,5.872571222148402,6.889410289700751,-1.0168390675523495,False
scaffold,CC1CCC(NC(=O)c2cc3cccnc3n(CCCCC(=O)O)c2=O)CC1,CCCCCn1c(=O)c(C(=O)NC2CCC(C)CC2)cc2cccnc21,0.8305084745762712,5.872571222148402,8.549750891680638,-2.6771796695322365,False
scaffold,CC1CCC(NC(=O)c2cc3cccnc3n(CCCCC(=O)O)c2=O)CC1,CCCCn1c(=O)c(C(=O)NC2CCC(C)CC2)cc2cccnc21,0.8135593220338984,5.872571222148402,8.4089353929735,-2.536364170825099,False
scaffold,CC1CCC(NC(=O)c2cc3cccnc3n(CCCCC(=O)O)c2=O)CC1,COC(=O)CCCCn1c(=O)c(C(=O)NC2CCC(C)CC2)cc2cccnc21,0.8360655737704918,5.872571222148402,7.567030709125595,-1.694459486977193,False
scaffold,CC1CCC(NC(=O)c2cc3cccnc3n(CCCCCCF)c2=O)CC1,CC1CCC(NC(=O)c2cc3cccnc3n(CCCCCCO)c2=O)CC1,0.847457627118644,8.835647144215564,7.744727494896693,1.090919649318871,False
scaffold,CC1CCC(NC(=O)c2cc3cccnc3n(CCCCCCF)c2=O)CC1,CC1CCC(NC(=O)c2cc3cccnc3n(CCCCO)c2=O)CC1,0.8305084745762712,8.835647144215564,7.273272790973428,1.5623743532421361,False
scaffold,CC1CCC(NC(=O)c2cc3cccnc3n(CCCCCCF)c2=O)CC1,CC1CCC(NC(=O)c2cc3cccnc3n(CCCO)c2=O)CC1,0.8135593220338984,8.835647144215564,6.889410289700751,1.9462368545148125,False
scaffold,CC1CCC(NC(=O)c2cc3cccnc3n(CCCCCCO)c2=O)CC1,CC1CCC(NC(=O)c2cc3cccnc3n(CCCCCF)c2=O)CC1,0.847457627118644,7.744727494896693,9.2518119729938,-1.5070844780971067,False
scaffold,CC1CCC(NC(=O)c2cc3cccnc3n(CCCCCCO)c2=O)CC1,CC1CCC(NC(=O)c2cc3cccnc3n(CCCCF)c2=O)CC1,0.8305084745762712,7.744727494896693,8.866461091629782,-1.1217335967330895,False
scaffold,CC1CCC(NC(=O)c2cc3cccnc3n(CCCCCCO)c2=O)CC1,CC1CCC(NC(=O)c2cc3cccnc3n(CCO)c2=O)CC1,0.8571428571428571,7.744727494896693,5.678608721688311,2.066118773208381,False
scaffold,CC1CCC(NC(=O)c2cc3cccnc3n(CCCCCF)c2=O)CC1,CC1CCC(NC(=O)c2cc3cccnc3n(CCCCO)c2=O)CC1,0.8305084745762712,9.2518119729938,7.273272790973428,1.9785391820203717,False
scaffold,CC1CCC(NC(=O)c2cc3cccnc3n(CCCCCF)c2=O)CC1,CC1CCC(NC(=O)c2cc3cccnc3n(CCCO)c2=O)CC1,0.8135593220338984,9.2518119729938,6.889410289700751,2.362401683293048,False
scaffold,CC1CCC(NC(=O)c2cc3cccnc3n(CCCCCO)c2=O)CC1,CC1CCC(NC(=O)c2cc3cccnc3n(CCCCO)c2=O)CC1,0.9814814814814815,8.443697499232712,7.273272790973428,1.1704247082592847,False
scaffold,CC1CCC(NC(=O)c2cc3cccnc3n(CCCCCO)c2=O)CC1,CC1CCC(NC(=O)c2cc3cccnc3n(CCCO)c2=O)CC1,0.9272727272727272,8.443697499232712,6.889410289700751,1.554287209531961,False
scaffold,CC1CCC(NC(=O)c2cc3cccnc3n(CCCCCO)c2=O)CC1,CC1CCC(NC(=O)c2cc3cccnc3n(CCO)c2=O)CC1,0.8571428571428571,8.443697499232712,5.678608721688311,2.765088777544401,False
scaffold,CC1CCC(NC(=O)c2cc3cccnc3n(CCCCF)c2=O)CC1,CC1CCC(NC(=O)c2cc3cccnc3n(CCCCO)c2=O)CC1,0.8448275862068966,8.866461091629782,7.273272790973428,1.5931883006563545,False
scaffold,CC1CCC(NC(=O)c2cc3cccnc3n(CCCCF)c2=O)CC1,CC1CCC(NC(=O)c2cc3cccnc3n(CCCO)c2=O)CC1,0.8275862068965517,8.866461091629782,6.889410289700751,1.977050801929031,False
scaffold,CC1CCC(NC(=O)c2cc3cccnc3n(CCCCO)c2=O)CC1,CC1CCC(NC(=O)c2cc3cccnc3n(CCO)c2=O)CC1,0.8727272727272727,7.273272790973428,5.678608721688311,1.5946640692851162,False
scaffold,CC1CCC(NC(=O)c2cc3cccnc3n(CCCCO)c2=O)CC1,CCCCCn1c(=O)c(C(=O)NC2CCC(C)CC2)cc2cccnc21,0.8596491228070176,7.273272790973428,8.549750891680638,-1.2764781007072106,False
scaffold,CC1CCC(NC(=O)c2cc3cccnc3n(CCCCO)c2=O)CC1,CCCCn1c(=O)c(C(=O)NC2CCC(C)CC2)cc2cccnc21,0.8421052631578947,7.273272790973428,8.4089353929735,-1.1356626020000729,False
scaffold,CC1CCC(NC(=O)c2cc3cccnc3n(CCCO)c2=O)CC1,CC1CCC(NC(=O)c2cc3cccnc3n(CCO)c2=O)CC1,0.8888888888888888,6.889410289700751,5.678608721688311,1.2108015680124398,False
scaffold,CC1CCC(NC(=O)c2cc3cccnc3n(CCCO)c2=O)CC1,CCCCCn1c(=O)c(C(=O)NC2CCC(C)CC2)cc2cccnc21,0.8421052631578947,6.889410289700751,8.549750891680638,-1.660340601979887,False
scaffold,CC1CCC(NC(=O)c2cc3cccnc3n(CCCO)c2=O)CC1,CCCCn1c(=O)c(C(=O)NC2CCC(C)CC2)cc2cccnc21,0.8571428571428571,6.889410289700751,8.4089353929735,-1.5195251032727493,False
scaffold,CC1CCC(NC(=O)c2cc3cccnc3n(CCO)c2=O)CC1,CCCCCn1c(=O)c(C(=O)NC2CCC(C)CC2)cc2cccnc21,0.8070175438596491,5.678608721688311,8.549750891680638,-2.8711421699923267,False
scaffold,CC1CCC(NC(=O)c2cc3cccnc3n(CCO)c2=O)CC1,CCCCn1c(=O)c(C(=O)NC2CCC(C)CC2)cc2cccnc21,0.8214285714285714,5.678608721688311,8.4089353929735,-2.730326671285189,False
scaffold,CC1CCC(NC(=O)c2cc3cccnc3n(Cc3ccc(F)cc3)c2=O)CC1,C[C@H]1CC[C@H](NC(=O)c2cc3cccnc3n(Cc3ccc(F)cc3)c2=O)CC1,1.0,9.045757490560677,8.045757490560675,1.0000000000000018,True
scaffold,CC1CCC(NC(=O)c2cc3cccnc3n(Cc3ccc(F)cc3)c2=O)CC1,C[C@H]1CC[C@H](NC(=O)c2cc3cccnc3n(Cc3ccccc3)c2=O)CC1,0.8448275862068966,9.045757490560677,7.400116927926312,1.6456405626343642,False
scaffold,CC1CCC(NC(=O)c2cc3cccnc3n(Cc3ccccc3)c2=O)CC1,C[C@H]1CC[C@@H](NC(=O)c2cc3cccnc3n(Cc3ccc(F)cc3)c2=O)CC1,0.8448275862068966,8.10790539730952,9.154901959985745,-1.0469965626762257,False
scaffold,CCCCCCC(C)(C)c1cc(O)cc(OCCCCCCCC(=O)NC(CO)CO)c1,CCCCCCC(C)(C)c1cc(O)cc(OCCCCCCCC(=O)N[C@H](C)CO)c1,0.8333333333333334,6.088948979671874,7.29929628285498,-1.2103473031831067,False
scaffold,CCCCCCC(C)(C)c1cc(O)cc(OCCCCCCCC(=O)NC(CO)CO)c1,CCCCCCC(C)(C)c1cc(O)cc(OCCCCCCCCCCC(=O)N[C@H](C)CO)c1,0.8333333333333334,6.088948979671874,7.673664139071248,-1.5847151593993747,False
scaffold,CCCCCCC(C)(C)c1cc(O)cc(OCCCCCCCCCCC(=O)NC(CO)CO)c1,CCCCCCC(C)(C)c1cc(O)cc(OCCCCCCCCCCC(=O)N[C@H](C)CO)c1,0.8333333333333334,6.638272163982407,7.673664139071248,-1.0353919750888414,False
scaffold,CCCCCCC(C)(C)c1cc(O)cc(OCCCCCCCCCCCCOC(CO)CO)c1,CCCCCCC(C)(C)c1cc(O)cc(OCCCCCCCCOC(CO)CO)c1,1.0,5.777283528852417,6.958607314841775,-1.181323785989358,True
scaffold,CCCCCCC(C)(C)c1cccc(OCC/C=C\C/C=C\C/C=C\CCCC(=O)N[C@H](C)CO)c1,C[C@H](CO)NC(=O)CCC/C=C\C/C=C\CCOc1cccc(C(C)(C)CCCC#N)c1,0.803030303030303,6.723538195826755,8.504455662453552,-1.7809174666267964,False
scaffold,CCCCCCC(C)(C)c1cccc(OCC/C=C\C/C=C\C/C=C\CCCC(=O)N[C@H](C)CO)c1,C[C@H](CO)NC(=O)CCC/C=C\C/C=C\CCOc1cccc(C(C)(C)CCCCBr)c1,0.84375,6.723538195826755,8.127261172527332,-1.4037229767005766,False
scaffold,CCCCCCC(C)(C)c1cccc(OCC/C=C\C/C=C\C/C=C\CCCC(=O)N[C@H](C)CO)c1,C[C@H](CO)NC(=O)CCC/C=C\C/C=C\CCOc1cccc(C(C)(C)CCCCO)c1,0.8709677419354839,6.723538195826755,7.962573502059376,-1.239035306232621,False
scaffold,CCCCCCCOc1cc(O)cc(OCCCCCCCCCCC(=O)NC2CC2)c1,CCCCCc1cc(O)cc(OCCCCCCCCCCC(=O)NC2CC2)c1,0.8297872340425532,6.688886251356134,7.886056647693163,-1.1971703963370288,False
scaffold,CCCCCCCOc1cc(O)cc(OCCCCCCCCCCC(=O)NC2CC2)c1,O=C(CCCCCCCCCCOc1cc(O)cc(O)c1)NC1CC1,0.8292682926829268,6.688886251356134,5.0,1.6888862513561342,False
scaffold,CCCCCCCOc1cc(O)cc(OCCCCCCCCCCC(=O)NCCO)c1,CCCCCc1cc(O)cc(OCCCCCCCCCCC(=O)NCCO)c1,0.8260869565217391,5.608092008521595,6.795880017344075,-1.18778800882248,False
scaffold,CCCCCCCOc1cc(O)cc(OCCCCCCCCCCC(=O)NCCO)c1,CCCCCc1cc(O)cc(OCCCCCCCCCCCC(=O)NCCO)c1,0.8260869565217391,5.608092008521595,7.4089353929735005,-1.8008433844519054,False
scaffold,CCCCCCc1ccc(O)cc1OCCCCCC(=O)NC1CC1,CCCCCCc1ccc(O)cc1OCCCCCCCCCCC(=O)NC1CC1,1.0,5.447331783887806,7.522878745280337,-2.075546961392531,True
scaffold,CCCCCCc1ccc(OCCCCCC(=O)NC2CC2)cc1O,CCCCCc1ccc(OCCCCCCCCCCC(=O)NC2CC2)cc1O,1.0,6.267606240177031,7.886056647693163,-1.6184504075161321,True
scaffold,CCCCCCc1ccc(OCCCCCCCCCCC(=O)NC2CC2)cc1O,CCCCCc1ccc(OCCCCCCCCCCC(=O)NC2CC2)cc1O,1.0,6.455931955649724,7.886056647693163,-1.4301246920434387,True
scaffold,CCCCCc1cc(O)cc(OCCCCCC(=O)NC2CC2)c1,CCCCCc1cc(O)cc(OCCCCCCCCCCC(=O)NC2CC2)c1,1.0,6.017728766960431,7.886056647693163,-1.868327880732732,True
scaffold,CCCCCc1cc(O)cc(OCCCCCC(=O)NC2CC2)c1,CCCCCc1cc(OC)cc(OCCCCCCCCCCC(=O)NC2CC2)c1,0.803921568627451,6.017728766960431,8.920818753952375,-2.9030899869919438,False
scaffold,CCCCCc1cc(O)cc(OCCCCCC(=O)NC2CC2)c1,CCCCCc1cc(OCC)cc(OCCCCCCCCCCC(=O)NC2CC2)c1,0.82,6.017728766960431,8.173925197299173,-2.156196430338742,False
scaffold,CCCCCc1cc(O)cc(OCCCCCC(=O)NC2CC2)c1,CCCCCc1cc(OCCCC)cc(OCCCCCCCCCCC(=O)NC2CC2)c1,0.8541666666666666,6.017728766960431,7.667561540084394,-1.649832773123963,False
scaffold,CCCCCc1cc(O)cc(OCCCCCCCC(=O)NCCO)c1,CCCCCc1cc(O)cc(OCCCCCCCCCCCC(=O)NCCO)c1,1.0,6.4089353929735005,7.4089353929735005,-1.0,True
scaffold,CCCCCc1cc(O)cc(OCCCCCCCC(=O)NCCO)c1,CCCCCc1cc(OC)cc(OCCCCCCCCCCC(=O)NCCO)c1,0.8,6.4089353929735005,7.478861916295964,-1.0699265233224633,False
scaffold,CCCCCc1cc(O)cc(OCCCCCCCCCCC(=O)NC2CC2)c1,CCCCCc1cc(OC)cc(OCCCCCCCCCCC(=O)NC2CC2)c1,0.803921568627451,7.886056647693163,8.920818753952375,-1.0347621062592118,False
scaffold,CCCCCc1cc(OC)cc(OCCCCCCCCCCC(=O)NC2CC2)c1,CCCCCc1cc(OCCCC)cc(OCCCCCCCCCCC(=O)NC2CC2)c1,0.8936170212765957,8.920818753952375,7.667561540084394,1.2532572138679807,False
scaffold,CCCCCn1c(C)c(C(=O)c2ccc(Br)c3ccccc23)c2ccccc21,CCCn1c(C)c(C(=O)c2ccc(Br)c3ccccc23)c2ccccc21,0.8444444444444444,8.55284196865778,7.508638306165727,1.0442036624920537,False
scaffold,CCCCCn1c(C)c(C(=O)c2ccc(C)c3ccccc23)c2ccccc21,CCCn1c(C)c(C(=O)c2ccc(C)c3ccccc23)c2ccccc21,0.8372093023255814,9.13697470377053,7.853871964321762,1.2831027394487684,False
scaffold,CCCCCn1c(C)c(C(=O)c2ccc(CC)c3ccccc23)c2ccccc21,CCCCCn1c(C)c(C(=O)c2ccc(CCCC)c3ccccc23)c2ccccc21,0.8695652173913043,9.37695756575362,8.18701983396052,1.1899377317931012,False
scaffold,CCCCCn1c(C)c(C(=O)c2ccc(CC)c3ccccc23)c2ccccc21,CCCn1c(C)c(C(=O)c2ccc(CC)c3ccccc23)c2ccccc21,0.8409090909090909,9.37695756575362,7.921180816901151,1.45577674885247,False
scaffold,CCCCCn1c(C)c(C(=O)c2ccc(CCC)c3ccccc23)c2ccccc21,CCCCCn1c(C)c(C(=O)c2ccc(CCCC)c3ccccc23)c2ccccc21,0.9130434782608695,9.208028798979232,8.18701983396052,1.0210089650187122,False
scaffold,CCCCCn1c(C)c(C(=O)c2ccc(CCC)c3ccccc23)c2ccccc21,CCCCc1ccc(C(=O)c2c(C)n(CCC)c3ccccc23)c2ccccc12,0.8125,9.208028798979232,7.309981219211305,1.898047579767927,False
scaffold,CCCCCn1c(C)c(C(=O)c2ccc(CCC)c3ccccc23)c2ccccc21,CCCc1ccc(C(=O)c2c(C)n(CCC)c3ccccc23)c2ccccc12,0.8478260869565217,9.208028798979232,7.921180816901151,1.286847982078081,False
scaffold,CCCCCn1c(C)c(C(=O)c2ccc(F)c3ccccc23)c2ccccc21,CCCn1c(C)c(C(=O)c2ccc(F)c3ccccc23)c2ccccc21,0.8444444444444444,8.657577319177793,7.42021640338319,1.2373609157946035,False
scaffold,CCCCCn1c(C)c(C(=O)c2ccc(OC)c3ccccc23)c2ccccc21,CCCCCn1c(C)c(C(=O)c2ccc(OCC)c3ccccc23)c2ccccc21,0.82,8.721017883134557,7.602059991327962,1.1189578918065957,False
scaffold,CCCCCn1c(C)c(C(=O)c2ccc(OC)c3ccccc23)c2ccccc21,CCCn1c(C)c(C(=O)c2ccc(OC)c3ccccc23)c2ccccc21,0.851063829787234,8.721017883134557,7.013004460275619,1.7080134228589383,False
scaffold,CCCCCn1c(C)c(C(=O)c2cccc3ccc(C)cc23)c2ccccc21,CCCCCn1c(C)c(C(=O)c2cccc3ccc(CC)cc23)c2ccccc21,0.8113207547169812,9.309981219211304,8.251967105869856,1.0580141133414482,False
scaffold,CCCCCn1c(C)c(C(=O)c2cccc3ccc(C)cc23)c2ccccc21,CCCn1c(C)c(C(=O)c2cccc3ccc(C)cc23)c2ccccc21,0.8571428571428571,9.309981219211304,7.795880017344075,1.5141012018672289,False
scaffold,CCCCCn1c(C)c(C(=O)c2cccc3ccc(CC)cc23)c2ccccc21,CCCn1c(C)c(C(=O)c2cccc3ccc(CC)cc23)c2ccccc21,0.8627450980392157,8.251967105869856,6.620005959834258,1.6319611460355974,False
scaffold,CCCCCn1c(C)c(C(=O)c2cccc3ccc(OC)cc23)c2ccccc21,CCCn1c(C)c(C(=O)c2cccc3ccc(OC)cc23)c2ccccc21,0.8679245283018868,7.982966660701219,6.356004794421518,1.626961866279701,False
scaffold,CCCCCn1c(C)c(C(=O)c2cccc3cccc(Br)c23)c2ccccc21,CCCn1c(C)c(C(=O)c2cccc3cccc(Br)c23)c2ccccc21,0.8571428571428571,8.0,6.555955204081924,1.4440447959180762,False
scaffold,CCCCCn1c(C)c(C(=O)c2cccc3cccc(I)c23)c2ccccc21,CCCn1c(C)c(C(=O)c2cccc3cccc(I)c23)c2ccccc21,0.8571428571428571,7.886056647693163,6.270835210307229,1.6152214373859337,False
scaffold,CCCCCn1cc(C(=O)NC23CC4CC(CC(C4)C2)C3)c(=O)n2nc(-c3c(Cl)cccc3Cl)cc12,CCCCCn1cc(C(=O)NC23CC4CC(CC(C4)C2)C3)c(=O)n2nc(-c3ccccc3Cl)cc12,0.8382352941176471,7.008773924307505,8.20690839982342,-1.1981344755159142,False
scaffold,CCCCCn1cc(C(=O)c2c(OC)ccc3ccccc23)c2ccccc21,CCCn1cc(C(=O)c2c(OC)ccc3ccccc23)c2ccccc21,0.8571428571428571,8.143029566517507,7.097018600202497,1.0460109663150101,False
scaffold,CCCCCn1cc(C(=O)c2ccc(Br)c3ccccc23)c2ccccc21,CCCn1cc(C(=O)c2ccc(Br)c3ccccc23)c2ccccc21,0.8409090909090909,8.958607314841775,7.568636235841012,1.3899710790007624,False
scaffold,CCCCCn1cc(C(=O)c2ccc(CC)c3ccccc23)c2ccccc21,CCCCCn1cc(C(=O)c2ccc(CCCC)c3ccccc23)c2ccccc21,0.8666666666666667,9.161025045044532,8.143029566517507,1.017995478527025,False
scaffold,CCCCCn1cc(C(=O)c2ccc(CC)c3ccccc23)c2ccccc21,CCCn1cc(C(=O)c2ccc(CC)c3ccccc23)c2ccccc21,0.8372093023255814,9.161025045044532,8.0,1.161025045044532,False
scaffold,CCCCCn1cc(C(=O)c2ccc(CCC)c3ccccc23)c2ccccc21,CCCCc1ccc(C(=O)c2cn(CCC)c3ccccc23)c2ccccc12,0.8085106382978723,8.95900230757651,7.2839966563652,1.6750056512113103,False
scaffold,CCCCCn1cc(C(=O)c2ccc(Cl)c3ccccc23)c2ccccc21,CCCn1cc(C(=O)c2ccc(Cl)c3ccccc23)c2ccccc21,0.8409090909090909,8.55284196865778,7.356547323513812,1.1962946451439684,False
scaffold,CCCCCn1cc(C(=O)c2ccc(F)c3ccccc23)c2ccccc21,CCCn1cc(C(=O)c2ccc(F)c3ccccc23)c2ccccc21,0.8409090909090909,8.494850021680094,7.481486060122112,1.0133639615579817,False
scaffold,CCCCCn1cc(C(=O)c2cccc3cc(OC)ccc23)c2ccccc21,CCCn1cc(C(=O)c2cccc3cc(OC)ccc23)c2ccccc21,0.8653846153846154,8.721017883134557,6.859995049380551,1.8610228337540065,False
scaffold,CCCCCn1cc(C(=O)c2cccc3ccc(CC)cc23)c2ccccc21,CCCn1cc(C(=O)c2cccc3ccc(CC)cc23)c2ccccc21,0.86,8.419987887470576,6.909988975992853,1.509998911477723,False
scaffold,CCCCCn1cc(C(=O)c2cccc3ccc(OC)cc23)c2ccccc21,CCCn1cc(C(=O)c2cccc3ccc(OC)cc23)c2ccccc21,0.8653846153846154,8.161025045044532,7.14898639317633,1.0120386518682025,False
scaffold,CCCCCn1cc(C(=O)c2cccc3cccc(Br)c23)c2ccccc21,CCCn1cc(C(=O)c2cccc3cccc(Br)c23)c2ccccc21,0.8541666666666666,8.267606240177031,6.71669877129645,1.550907468880581,False
scaffold,CCCCCn1cc(C(=O)c2cccc3cccc(Cl)c23)c2ccccc21,CCCn1cc(C(=O)c2cccc3cccc(Cl)c23)c2ccccc21,0.851063829787234,8.0,6.872895201635192,1.1271047983648081,False
scaffold,CCCCCn1cc(C(=O)c2cccc3cccc(I)c23)c2ccccc21,CCCn1cc(C(=O)c2cccc3cccc(I)c23)c2ccccc21,0.8541666666666666,8.481486060122112,6.818156412055227,1.6633296480668847,False
scaffold,CCCCCn1cc(C(=O)c2cccc3ccccc23)c2ccccc21,CCCn1cc(C(=O)c2cccc3ccccc23)c2ccccc21,0.8333333333333334,8.199970640755865,6.770011163455189,1.4299594773006756,False
scaffold,CCCCN1C(=O)C(C(=O)NC23CC4CC(CC(C4)C2)C3)=C(O)C2C1C=NN2C,CCCCN1C(=O)C(C(=O)NC23CC4CC(CC(O)(C4)C2)C3)=C(O)C2C1C=NN2C,0.8333333333333334,8.744727494896694,7.714442690992226,1.0302848039044674,False
scaffold,CCCCOc1cc(O)cc(OCCCCCCCCCCC(=O)NC2CC2)c1,O=C(CCCCCCCCCCOc1cc(O)cc(O)c1)NC1CC1,0.8292682926829268,6.910413760203845,5.0,1.910413760203845,False
scaffold,CCCCn1c(=O)c(C(=O)NC2CCC(C)CC2)cc2cccnc21,CCCCn1c(=O)c(C(=O)NC2CCCCC2)cc2cccnc21,0.8392857142857143,8.4089353929735,7.154901959985743,1.2540334329877574,False
scaffold,CCCn1c(C)c(C(=O)c2cccc3cc(OC)ccc23)c2ccccc21,CCCn1c(C)c(C(=O)c2cccc3ccc(OC)cc23)c2ccccc21,0.8461538461538461,7.522878745280337,6.356004794421518,1.166873950858819,False
scaffold,CCCn1c(C)c(C(=O)c2cccc3ccc(C)cc23)c2ccccc21,CCCn1c(C)c(C(=O)c2cccc3ccc(CC)cc23)c2ccccc21,0.8,7.795880017344075,6.620005959834258,1.1758740575098168,False
scaffold,CN1N=CC2C1C(O)=C(C(=O)NC13CC4CC(CC(C4)C1)C3)C(=O)N2CCCCF,CN1N=CC2C1C(O)=C(C(=O)NC13CC4CC(CC(O)(C4)C1)C3)C(=O)N2CCCCF,0.8387096774193549,8.853871964321762,7.723538195826756,1.1303337684950057,False
scaffold,C[C@H]1CC[C@@H](NC(=O)c2cc3cc(-c4cccs4)cnc3n(Cc3ccc(F)cc3)c2=O)CC1,C[C@H]1CC[C@H](NC(=O)c2cc3cc(-c4cccs4)cnc3n(Cc3ccc(F)cc3)c2=O)CC1,1.0,9.017728766960431,7.18309616062434,1.8346326063360907,True
scaffold,C[C@H]1CC[C@@H](NC(=O)c2cc3cccnc3n(Cc3ccc(F)cc3)c2=O)CC1,C[C@H]1CC[C@H](NC(=O)c2cc3cccnc3n(Cc3ccc(F)cc3)c2=O)CC1,1.0,9.154901959985745,8.045757490560675,1.10914446942507,True
scaffold,C[C@H]1CC[C@@H](NC(=O)c2cc3cccnc3n(Cc3ccc(F)cc3)c2=O)CC1,C[C@H]1CC[C@H](NC(=O)c2cc3cccnc3n(Cc3ccccc3)c2=O)CC1,0.8448275862068966,9.154901959985745,7.400116927926312,1.7547850320594325,False
scaffold,O=C(NC1CCCCC1)c1cc2cccnc2n(Cc2ccc(F)cc2)c1=O,O=C(NC1CCCCC1)c1cc2cccnc2n(Cc2ccccc2)c1=O,0.8392857142857143,8.657577319177793,7.508638306165727,1.1489390130120665,False
