split_strategy,initialization_seed,model_variant,training_phase,training_structures,epoch,training_mse_pki2
random,42,baseline,final_full_refit,2860,1,2.6749283135673214
random,42,baseline,final_full_refit,2860,2,1.3775162716473024
random,42,baseline,final_full_refit,2860,3,1.0110254189367818
random,42,baseline,final_full_refit,2860,4,0.8318963458261996
random,42,baseline,final_full_refit,2860,5,0.7176062000702321
random,42,baseline,final_full_refit,2860,6,0.6372808281480045
random,42,baseline,final_full_refit,2860,7,0.5773935649436462
random,42,baseline,final_full_refit,2860,8,0.5306565621185169
random,42,baseline,final_full_refit,2860,9,0.4912826942505268
random,42,baseline,final_full_refit,2860,10,0.46090682773803066
random,42,baseline,final_full_refit,2860,11,0.43508114294829653
random,42,baseline,final_full_refit,2860,12,0.4094094789535075
random,42,baseline,final_full_refit,2860,13,0.3822438044702371
random,42,baseline,final_full_refit,2860,14,0.3597592840595002
random,42,baseline,final_full_refit,2860,15,0.3393844458773341
random,42,baseline,final_full_refit,2860,16,0.31964264302751355
random,42,baseline,final_full_refit,2860,17,0.30233483738383315
random,7,baseline,final_full_refit,2860,1,2.0961020800518373
random,7,baseline,final_full_refit,2860,2,1.3032170865328954
random,7,baseline,final_full_refit,2860,3,0.9688424335655352
random,7,baseline,final_full_refit,2860,4,0.7866459373001807
random,7,baseline,final_full_refit,2860,5,0.6614438246866976
random,7,baseline,final_full_refit,2860,6,0.5731710576216504
random,7,baseline,final_full_refit,2860,7,0.5062535348137781
random,7,baseline,final_full_refit,2860,8,0.45189896178530803
random,7,baseline,final_full_refit,2860,9,0.40811432779034645
random,7,baseline,final_full_refit,2860,10,0.3701033044971635
random,7,baseline,final_full_refit,2860,11,0.33813862246714604
random,7,baseline,final_full_refit,2860,12,0.31035311212124456
random,7,baseline,final_full_refit,2860,13,0.28635657003773485
random,7,baseline,final_full_refit,2860,14,0.26542260297902
random,7,baseline,final_full_refit,2860,15,0.24688152871855606
random,21,baseline,final_full_refit,2860,1,4.3061309853410545
random,21,baseline,final_full_refit,2860,2,1.4044863856614647
random,21,baseline,final_full_refit,2860,3,1.060496104446173
random,21,baseline,final_full_refit,2860,4,0.8827387691715602
random,21,baseline,final_full_refit,2860,5,0.7686117685671296
random,21,baseline,final_full_refit,2860,6,0.6869232731762885
random,21,baseline,final_full_refit,2860,7,0.6239396023949225
random,21,baseline,final_full_refit,2860,8,0.573435671728703
random,21,baseline,final_full_refit,2860,9,0.5314484020461319
random,21,baseline,final_full_refit,2860,10,0.4953451441436265
random,21,baseline,final_full_refit,2860,11,0.46311845352699516
random,21,baseline,final_full_refit,2860,12,0.43389174485970305
random,21,baseline,final_full_refit,2860,13,0.40747637208451776
random,21,baseline,final_full_refit,2860,14,0.38270267559948123
random,21,baseline,final_full_refit,2860,15,0.3595102552822047
random,21,baseline,final_full_refit,2860,16,0.33752464220888945
random,21,baseline,final_full_refit,2860,17,0.3166994128365718
random,21,baseline,final_full_refit,2860,18,0.2963426775978824
random,21,baseline,final_full_refit,2860,19,0.2779568314194371
random,84,baseline,final_full_refit,2860,1,5.397459685461905
random,84,baseline,final_full_refit,2860,2,1.3714740117757174
random,84,baseline,final_full_refit,2860,3,1.0478498717198783
random,84,baseline,final_full_refit,2860,4,0.8672893735414829
random,84,baseline,final_full_refit,2860,5,0.7472780867662674
random,84,baseline,final_full_refit,2860,6,0.6595053529698022
random,84,baseline,final_full_refit,2860,7,0.5924173805176058
random,84,baseline,final_full_refit,2860,8,0.5395898375094293
random,84,baseline,final_full_refit,2860,9,0.49582081759802793
random,84,baseline,final_full_refit,2860,10,0.4592975125473592
random,84,baseline,final_full_refit,2860,11,0.4266653308249801
random,84,baseline,final_full_refit,2860,12,0.3977923115334792
random,84,baseline,final_full_refit,2860,13,0.37235311636638646
random,84,baseline,final_full_refit,2860,14,0.35043479049450693
random,84,baseline,final_full_refit,2860,15,0.3296629423078126
random,84,baseline,final_full_refit,2860,16,0.31044094820036544
random,84,baseline,final_full_refit,2860,17,0.29296536172542526
random,84,baseline,final_full_refit,2860,18,0.2764214564612111
random,84,baseline,final_full_refit,2860,19,0.2619185996929329
random,2026,baseline,final_full_refit,2860,1,2.6017015169356386
random,2026,baseline,final_full_refit,2860,2,1.2007695272931416
random,2026,baseline,final_full_refit,2860,3,0.9175529109319916
random,2026,baseline,final_full_refit,2860,4,0.7547159760896196
random,2026,baseline,final_full_refit,2860,5,0.6436994292188793
random,2026,baseline,final_full_refit,2860,6,0.5636648725965762
random,2026,baseline,final_full_refit,2860,7,0.5019176348570079
random,2026,baseline,final_full_refit,2860,8,0.45228275131660783
random,2026,baseline,final_full_refit,2860,9,0.4111016584373697
random,2026,baseline,final_full_refit,2860,10,0.3744698179517217
random,2026,baseline,final_full_refit,2860,11,0.342719016275175
random,2026,baseline,final_full_refit,2860,12,0.31466150901409023
random,2026,baseline,final_full_refit,2860,13,0.2884682184716777
random,2026,baseline,final_full_refit,2860,14,0.26662692692134604
random,2026,baseline,final_full_refit,2860,15,0.24677279649913006
random,2026,baseline,final_full_refit,2860,16,0.2289917128766038
scaffold,42,baseline,final_full_refit,2778,1,2.8757199159735047
scaffold,42,baseline,final_full_refit,2778,2,1.304836131856554
scaffold,42,baseline,final_full_refit,2778,3,0.9654572085583365
scaffold,42,baseline,final_full_refit,2778,4,0.7915276651782697
scaffold,42,baseline,final_full_refit,2778,5,0.6807270284068568
scaffold,42,baseline,final_full_refit,2778,6,0.6034920825318455
scaffold,42,baseline,final_full_refit,2778,7,0.5454116245852412
scaffold,42,baseline,final_full_refit,2778,8,0.4985621428841762
scaffold,42,baseline,final_full_refit,2778,9,0.45916912232042345
scaffold,42,baseline,final_full_refit,2778,10,0.42485850760571303
scaffold,42,baseline,final_full_refit,2778,11,0.3949558021979178
scaffold,42,baseline,final_full_refit,2778,12,0.36922617599318447
scaffold,42,baseline,final_full_refit,2778,13,0.34723127890852856
scaffold,42,baseline,final_full_refit,2778,14,0.3241805333471743
scaffold,7,baseline,final_full_refit,2778,1,2.1147729745778254
scaffold,7,baseline,final_full_refit,2778,2,1.2541396184445133
scaffold,7,baseline,final_full_refit,2778,3,0.9213185584548137
scaffold,7,baseline,final_full_refit,2778,4,0.7403618953766483
scaffold,7,baseline,final_full_refit,2778,5,0.6200364744173739
scaffold,7,baseline,final_full_refit,2778,6,0.5380784626580949
scaffold,7,baseline,final_full_refit,2778,7,0.4783237515126738
scaffold,7,baseline,final_full_refit,2778,8,0.43138978619323914
scaffold,7,baseline,final_full_refit,2778,9,0.39175564971651283
scaffold,21,baseline,final_full_refit,2778,1,4.62517053164282
scaffold,21,baseline,final_full_refit,2778,2,1.3914164251536194
scaffold,21,baseline,final_full_refit,2778,3,1.026213386519355
scaffold,21,baseline,final_full_refit,2778,4,0.8417166188234748
scaffold,21,baseline,final_full_refit,2778,5,0.7228912294713811
scaffold,21,baseline,final_full_refit,2778,6,0.6395077024907242
scaffold,21,baseline,final_full_refit,2778,7,0.5766990789305809
scaffold,21,baseline,final_full_refit,2778,8,0.5278314358523533
scaffold,21,baseline,final_full_refit,2778,9,0.4880636710887139
scaffold,21,baseline,final_full_refit,2778,10,0.45430242617558647
scaffold,21,baseline,final_full_refit,2778,11,0.42416531809552643
scaffold,21,baseline,final_full_refit,2778,12,0.39722318241279847
scaffold,21,baseline,final_full_refit,2778,13,0.3718512976996283
scaffold,21,baseline,final_full_refit,2778,14,0.34862468648406175
scaffold,84,baseline,final_full_refit,2778,1,6.377843905009835
scaffold,84,baseline,final_full_refit,2778,2,1.3440767541943104
scaffold,84,baseline,final_full_refit,2778,3,0.9727946532710001
scaffold,84,baseline,final_full_refit,2778,4,0.7723175816446056
scaffold,84,baseline,final_full_refit,2778,5,0.6442278313840505
scaffold,84,baseline,final_full_refit,2778,6,0.5582996570960661
scaffold,84,baseline,final_full_refit,2778,7,0.4963304456952248
scaffold,84,baseline,final_full_refit,2778,8,0.44853033779255264
scaffold,84,baseline,final_full_refit,2778,9,0.4101113529097177
scaffold,84,baseline,final_full_refit,2778,10,0.3774969700921394
scaffold,84,baseline,final_full_refit,2778,11,0.34996041015801854
scaffold,84,baseline,final_full_refit,2778,12,0.32545903222708716
scaffold,84,baseline,final_full_refit,2778,13,0.30379504269675206
scaffold,2026,baseline,final_full_refit,2778,1,2.6022309368537306
scaffold,2026,baseline,final_full_refit,2778,2,1.1995623266003979
scaffold,2026,baseline,final_full_refit,2778,3,0.9050613535971955
scaffold,2026,baseline,final_full_refit,2778,4,0.7408536101966857
scaffold,2026,baseline,final_full_refit,2778,5,0.6347114807746869
scaffold,2026,baseline,final_full_refit,2778,6,0.5605489726290029
scaffold,2026,baseline,final_full_refit,2778,7,0.5037335644979852
scaffold,2026,baseline,final_full_refit,2778,8,0.45707667268226665
scaffold,2026,baseline,final_full_refit,2778,9,0.4176429569335704
scaffold,2026,baseline,final_full_refit,2778,10,0.3833666452805804
