split_strategy,initialization_seed,model_variant,training_phase,epoch,fit_mse_pki2,stopping_mse_pki2
random,42,baseline,internal_selection,1,8.130643689710634,7.991206332150134
random,42,baseline,internal_selection,2,1.5462316788953778,1.6523162577820634
random,42,baseline,internal_selection,3,1.139697793168139,1.313241315398745
random,42,baseline,internal_selection,4,0.9339323002734136,1.1560848857480521
random,42,baseline,internal_selection,5,0.8039858230675607,1.0609145694382534
random,42,baseline,internal_selection,6,0.7084303920883813,0.9920080273972881
random,42,baseline,internal_selection,7,0.6326671824413214,0.941953118593685
random,42,baseline,internal_selection,8,0.570379558827918,0.9065596993502998
random,42,baseline,internal_selection,9,0.5191462140402093,0.882795580508483
random,42,baseline,internal_selection,10,0.4767134689720776,0.8666651216461546
random,42,baseline,internal_selection,11,0.4401174040322016,0.8560693925784015
random,42,baseline,internal_selection,12,0.4088488517470084,0.8495528992558044
random,42,baseline,internal_selection,13,0.3814168429828662,0.8443363743143614
random,42,baseline,internal_selection,14,0.3573460903194126,0.8410005649077573
random,42,baseline,internal_selection,15,0.33698360106849085,0.838858300594416
random,42,baseline,internal_selection,16,0.31844879453554287,0.8368089126789621
random,42,baseline,internal_selection,17,0.30191277358135116,0.8365230959489638
random,42,baseline,internal_selection,18,0.28740047602792324,0.837069400570971
random,42,baseline,internal_selection,19,0.27335882090062974,0.837104258419774
random,42,baseline,internal_selection,20,0.26142898774028844,0.8373456421365929
random,42,baseline,internal_selection,21,0.2500606750583773,0.8395477605407999
random,42,baseline,internal_selection,22,0.2397829387690482,0.8440810759279492
random,42,baseline,internal_selection,23,0.23014067111991424,0.8428662446384023
random,42,baseline,internal_selection,24,0.22126598938647285,0.84731925150914
random,42,baseline,internal_selection,25,0.2128749455741626,0.8510312562322191
random,42,baseline,internal_selection,26,0.20502252754385672,0.8543824628716303
random,42,baseline,internal_selection,27,0.1977604307496493,0.8584103287621242
random,42,baseline,internal_selection,28,0.1908984008233696,0.8626107945361672
random,42,baseline,internal_selection,29,0.18452743136771999,0.865897407788288
random,42,baseline,internal_selection,30,0.17878655776498362,0.8707452149837186
random,42,baseline,internal_selection,31,0.17310004317518968,0.8781528170322355
random,42,baseline,internal_selection,32,0.1680862297672832,0.8797970710570692
random,42,baseline,internal_selection,33,0.16292239774162093,0.88760329544829
random,42,baseline,internal_selection,34,0.15860040002811857,0.8915912219825488
random,42,baseline,internal_selection,35,0.15394185063555466,0.8992329366333888
random,42,baseline,internal_selection,36,0.14991803771885132,0.9052635539027787
random,42,baseline,internal_selection,37,0.1456860937432663,0.9118789502090926
random,7,baseline,internal_selection,1,4.50708284905119,4.405314966594816
random,7,baseline,internal_selection,2,1.4556162896966924,1.5474176744347095
random,7,baseline,internal_selection,3,1.0827959992628304,1.2623625440181956
random,7,baseline,internal_selection,4,0.8769638408370803,1.1132273117473406
random,7,baseline,internal_selection,5,0.7416609557812164,1.0185602085878513
random,7,baseline,internal_selection,6,0.6383322262511882,0.9505924254199098
random,7,baseline,internal_selection,7,0.5556831754237624,0.9024461096573183
random,7,baseline,internal_selection,8,0.49009307626315435,0.8716480993496001
random,7,baseline,internal_selection,9,0.4365837010903916,0.8493209147517119
random,7,baseline,internal_selection,10,0.3922203206001869,0.8350162207095012
random,7,baseline,internal_selection,11,0.3548070079374789,0.8214860971675916
random,7,baseline,internal_selection,12,0.3226994383523167,0.8144161287431192
random,7,baseline,internal_selection,13,0.2939116338364907,0.8091394081211009
random,7,baseline,internal_selection,14,0.26941372815010156,0.8002424087781737
random,7,baseline,internal_selection,15,0.24790000771180248,0.7977184462700558
random,7,baseline,internal_selection,16,0.22927219337510327,0.8007279273008441
random,7,baseline,internal_selection,17,0.21168784465405055,0.8003224927956126
random,7,baseline,internal_selection,18,0.19588483025386866,0.8037137176119658
random,7,baseline,internal_selection,19,0.18105281901426085,0.8058349913682096
random,7,baseline,internal_selection,20,0.1676898602909428,0.8090124482914982
random,7,baseline,internal_selection,21,0.15621719845445947,0.8153414015252276
random,7,baseline,internal_selection,22,0.14581048197960558,0.8191307467142326
random,7,baseline,internal_selection,23,0.13791297340257475,0.8295755270841382
random,7,baseline,internal_selection,24,0.12948853263087262,0.8358680527425226
random,7,baseline,internal_selection,25,0.12259809891059979,0.8423178712316373
random,7,baseline,internal_selection,26,0.1170416262424364,0.8523368894687733
random,7,baseline,internal_selection,27,0.11244634571926028,0.8625459132776779
random,7,baseline,internal_selection,28,0.10806112650377667,0.8720692434549984
random,7,baseline,internal_selection,29,0.10437583045580105,0.8775607921677652
random,7,baseline,internal_selection,30,0.10001775214601648,0.8833808251159175
random,7,baseline,internal_selection,31,0.098122701646112,0.8891769355353277
random,7,baseline,internal_selection,32,0.09343579681819617,0.8962966216628656
random,7,baseline,internal_selection,33,0.0912777463445934,0.902432390042124
random,7,baseline,internal_selection,34,0.08806880211881732,0.9065464528611265
random,7,baseline,internal_selection,35,0.0859697867634025,0.9154245666360824
random,21,baseline,internal_selection,1,11.254731595817638,11.11809986468636
random,21,baseline,internal_selection,2,1.836257404874614,1.9446080121012481
random,21,baseline,internal_selection,3,1.1962117827220127,1.3609584784616477
random,21,baseline,internal_selection,4,0.9788300273837379,1.1974494516424354
random,21,baseline,internal_selection,5,0.8438633304940448,1.0983373916334633
random,21,baseline,internal_selection,6,0.7489315650631567,1.0291553198403496
random,21,baseline,internal_selection,7,0.6768318561338386,0.9790903619264557
random,21,baseline,internal_selection,8,0.6194344412633731,0.9425596818308724
random,21,baseline,internal_selection,9,0.5721914344123021,0.916167507592783
random,21,baseline,internal_selection,10,0.5320548874132269,0.8965200679636551
random,21,baseline,internal_selection,11,0.4961188166006335,0.8806990456036686
random,21,baseline,internal_selection,12,0.4638003593789995,0.868324367257719
random,21,baseline,internal_selection,13,0.4345432287996513,0.8599869896546802
random,21,baseline,internal_selection,14,0.407618542835787,0.8511761992523246
random,21,baseline,internal_selection,15,0.38267800864522294,0.8436071894303797
random,21,baseline,internal_selection,16,0.36002590398495277,0.840386757663982
random,21,baseline,internal_selection,17,0.337776859018372,0.8330099771033311
random,21,baseline,internal_selection,18,0.3168106899108129,0.8313894329970841
random,21,baseline,internal_selection,19,0.297377606471044,0.8280544941244511
random,21,baseline,internal_selection,20,0.2792638224293521,0.829452237712349
random,21,baseline,internal_selection,21,0.2629082393204262,0.8315169257131001
random,21,baseline,internal_selection,22,0.24830892632203957,0.8327690216792593
random,21,baseline,internal_selection,23,0.23367131687758025,0.8327953446305867
random,21,baseline,internal_selection,24,0.2199897689291431,0.8380037617614675
random,21,baseline,internal_selection,25,0.20680038194250674,0.8391493019335279
random,21,baseline,internal_selection,26,0.19450001736858963,0.8437771439236943
random,21,baseline,internal_selection,27,0.18255373402067418,0.8505564181563846
random,21,baseline,internal_selection,28,0.17112106137387395,0.8507532967408118
random,21,baseline,internal_selection,29,0.16040695627081072,0.8580704818749644
random,21,baseline,internal_selection,30,0.15097195718558776,0.859492546350661
random,21,baseline,internal_selection,31,0.14288649809108983,0.8691187238940015
random,21,baseline,internal_selection,32,0.13455709521376005,0.8731900681785152
random,21,baseline,internal_selection,33,0.1264528595599162,0.8793691143207472
random,21,baseline,internal_selection,34,0.11961943030695792,0.8859642658357225
random,21,baseline,internal_selection,35,0.11278902107465824,0.8930202000731976
random,21,baseline,internal_selection,36,0.10639544323078308,0.8983635085080817
random,21,baseline,internal_selection,37,0.10120576908412918,0.9085764154487606
random,21,baseline,internal_selection,38,0.09797744496233414,0.9134015341836245
random,21,baseline,internal_selection,39,0.09265623282681455,0.920779877784603
random,84,baseline,internal_selection,1,12.709739042200743,12.553458977767573
random,84,baseline,internal_selection,2,1.79117989513035,1.8898486426027052
random,84,baseline,internal_selection,3,1.1774237859049888,1.321164133839426
random,84,baseline,internal_selection,4,0.9503946848280306,1.1556164033342349
random,84,baseline,internal_selection,5,0.8068288186394024,1.0548137624688296
random,84,baseline,internal_selection,6,0.7051785937779758,0.98438475903879
random,84,baseline,internal_selection,7,0.6263195190959743,0.9333786131609694
random,84,baseline,internal_selection,8,0.5642025850080769,0.8971574999054475
random,84,baseline,internal_selection,9,0.5141843136154696,0.8726985735577153
random,84,baseline,internal_selection,10,0.4728580498196274,0.8551687711676397
random,84,baseline,internal_selection,11,0.43826700020794535,0.8441543690769742
random,84,baseline,internal_selection,12,0.40869683467491247,0.8323988804198174
random,84,baseline,internal_selection,13,0.3810332376152529,0.824669411780279
random,84,baseline,internal_selection,14,0.3575586936152393,0.8175936368813149
random,84,baseline,internal_selection,15,0.3341709830703106,0.8120322105991384
random,84,baseline,internal_selection,16,0.3135656350928475,0.8090103655032159
random,84,baseline,internal_selection,17,0.2965002154229934,0.8086353946939369
random,84,baseline,internal_selection,18,0.2784254133810682,0.80613518169645
random,84,baseline,internal_selection,19,0.26161526791922185,0.8030660073591278
random,84,baseline,internal_selection,20,0.24729530475806674,0.8034283995407279
random,84,baseline,internal_selection,21,0.23415163258456662,0.8060909030332433
random,84,baseline,internal_selection,22,0.22068641005834813,0.807040497796333
random,84,baseline,internal_selection,23,0.20842802410003858,0.8081708232018419
random,84,baseline,internal_selection,24,0.1989493915083119,0.8111896534908912
random,84,baseline,internal_selection,25,0.18890337206121324,0.8127350979623749
random,84,baseline,internal_selection,26,0.1805649303953789,0.8162078079088211
random,84,baseline,internal_selection,27,0.17361528341576613,0.8201616303024261
random,84,baseline,internal_selection,28,0.16560895493822597,0.8258869520949503
random,84,baseline,internal_selection,29,0.1595257169910598,0.8289715775682367
random,84,baseline,internal_selection,30,0.15176669238011808,0.8343420442016826
random,84,baseline,internal_selection,31,0.14513528113409188,0.8355670927049018
random,84,baseline,internal_selection,32,0.13979071474590615,0.8421606704166229
random,84,baseline,internal_selection,33,0.13486340233097552,0.8459038688456639
random,84,baseline,internal_selection,34,0.13007696084568815,0.8509394410459727
random,84,baseline,internal_selection,35,0.12602181568949136,0.8564483505010055
random,84,baseline,internal_selection,36,0.12281925179870276,0.8612889676715896
random,84,baseline,internal_selection,37,0.11804231125717586,0.867076730851421
random,84,baseline,internal_selection,38,0.11522816494851464,0.8688592838998436
random,84,baseline,internal_selection,39,0.11274573936652303,0.8796146845670435
random,2026,baseline,internal_selection,1,2.311300079035787,2.260458446883704
random,2026,baseline,internal_selection,2,1.4253469483388235,1.5134821465823542
random,2026,baseline,internal_selection,3,1.0471772979618323,1.2355110408459808
random,2026,baseline,internal_selection,4,0.8601524881356458,1.1032058672065717
random,2026,baseline,internal_selection,5,0.7344831041865096,1.017418394951075
random,2026,baseline,internal_selection,6,0.6419138584328514,0.9598170163152545
random,2026,baseline,internal_selection,7,0.5704920847288655,0.9223759657424514
random,2026,baseline,internal_selection,8,0.5137836250189453,0.8976535655042743
random,2026,baseline,internal_selection,9,0.4674822185549105,0.881527019250232
random,2026,baseline,internal_selection,10,0.4286395082178785,0.8696342876463098
random,2026,baseline,internal_selection,11,0.39478045599458805,0.8634565220173526
random,2026,baseline,internal_selection,12,0.3653374048112295,0.8581850257640072
random,2026,baseline,internal_selection,13,0.3387873158660846,0.8543629549590263
random,2026,baseline,internal_selection,14,0.3131951059983901,0.8515595389241455
random,2026,baseline,internal_selection,15,0.2907022094029444,0.8513390622853448
random,2026,baseline,internal_selection,16,0.27037844943519224,0.8494690875609997
random,2026,baseline,internal_selection,17,0.2522934176942594,0.8518213553653057
random,2026,baseline,internal_selection,18,0.23382610253677935,0.8509579144293814
random,2026,baseline,internal_selection,19,0.2178459987735383,0.8518813235451747
random,2026,baseline,internal_selection,20,0.20406285439576496,0.8546870782592362
random,2026,baseline,internal_selection,21,0.19074317434575758,0.857786181837084
random,2026,baseline,internal_selection,22,0.17971497019242577,0.8609779175403643
random,2026,baseline,internal_selection,23,0.16832504376265406,0.8631845582022211
random,2026,baseline,internal_selection,24,0.1584553877354877,0.8671600102489829
random,2026,baseline,internal_selection,25,0.14998317474299958,0.873375809831162
random,2026,baseline,internal_selection,26,0.14153939215305675,0.8762624842115491
random,2026,baseline,internal_selection,27,0.13562080085301387,0.880173036588314
random,2026,baseline,internal_selection,28,0.12847984107810356,0.8867584842883764
random,2026,baseline,internal_selection,29,0.12216420736566215,0.8918988827490414
random,2026,baseline,internal_selection,30,0.11865377473378874,0.8975681055340092
random,2026,baseline,internal_selection,31,0.11325326913601154,0.9035791007395436
random,2026,baseline,internal_selection,32,0.10821225076994953,0.9101188513922364
random,2026,baseline,internal_selection,33,0.10385006579200348,0.9160489461540109
random,2026,baseline,internal_selection,34,0.10230390891475336,0.925326873252932
random,2026,baseline,internal_selection,35,0.09899432242862014,0.9253981767653787
random,2026,baseline,internal_selection,36,0.0931218551380863,0.9301506767367523
scaffold,42,baseline,internal_selection,1,9.730791099397033,9.60012536397699
scaffold,42,baseline,internal_selection,2,1.5539404391241436,1.7785602774393852
scaffold,42,baseline,internal_selection,3,1.0714347773127002,1.50501517132177
scaffold,42,baseline,internal_selection,4,0.8716519095919056,1.3908922876428986
scaffold,42,baseline,internal_selection,5,0.7451580539305547,1.297420663121745
scaffold,42,baseline,internal_selection,6,0.6572853783858645,1.2234044320962558
scaffold,42,baseline,internal_selection,7,0.5915491059769087,1.1635082065516797
scaffold,42,baseline,internal_selection,8,0.5403997432742917,1.117109682347321
scaffold,42,baseline,internal_selection,9,0.4996548657465942,1.082909069573772
scaffold,42,baseline,internal_selection,10,0.46660622656868855,1.058888218547761
scaffold,42,baseline,internal_selection,11,0.4393239583562184,1.0431603793920057
scaffold,42,baseline,internal_selection,12,0.41640456195003095,1.0339943536712437
scaffold,42,baseline,internal_selection,13,0.396809820101353,1.0297771458606677
scaffold,42,baseline,internal_selection,14,0.3797232145278377,1.0293953040801693
scaffold,42,baseline,internal_selection,15,0.36461833796678,1.031711284911549
scaffold,42,baseline,internal_selection,16,0.3511515711705976,1.0359191415719045
scaffold,42,baseline,internal_selection,17,0.3390366700001946,1.0419195860256552
scaffold,42,baseline,internal_selection,18,0.3278453405975504,1.0490513469276501
scaffold,42,baseline,internal_selection,19,0.31774818360408114,1.0563607393455892
scaffold,42,baseline,internal_selection,20,0.3083748062046398,1.0641551534150955
scaffold,42,baseline,internal_selection,21,0.2994392468674986,1.0728219184655905
scaffold,42,baseline,internal_selection,22,0.2912514161862295,1.0816113000390681
scaffold,42,baseline,internal_selection,23,0.28385003053004826,1.0903721958006596
scaffold,42,baseline,internal_selection,24,0.2763729491982135,1.0988633395402556
scaffold,42,baseline,internal_selection,25,0.26947830633133946,1.108179011564694
scaffold,42,baseline,internal_selection,26,0.26289692770059736,1.1176777005358522
scaffold,42,baseline,internal_selection,27,0.2571506650507073,1.1262221136059956
scaffold,42,baseline,internal_selection,28,0.25081447252469863,1.1352771747185528
scaffold,42,baseline,internal_selection,29,0.24537296758977628,1.1458585826377004
scaffold,42,baseline,internal_selection,30,0.23980406451048314,1.1540968236383264
scaffold,42,baseline,internal_selection,31,0.23446296623792381,1.164025080006609
scaffold,42,baseline,internal_selection,32,0.22969776131396005,1.172971672890443
scaffold,42,baseline,internal_selection,33,0.22436614140420374,1.1838826655556434
scaffold,42,baseline,internal_selection,34,0.21993506716871167,1.1942052109245513
scaffold,7,baseline,internal_selection,1,5.893310892593189,5.673439458037663
scaffold,7,baseline,internal_selection,2,1.4868770666172118,1.6829006062162624
scaffold,7,baseline,internal_selection,3,0.9910818744510088,1.4055662333865868
scaffold,7,baseline,internal_selection,4,0.756656442708326,1.2606147714500031
scaffold,7,baseline,internal_selection,5,0.6183879310054654,1.1540814419437253
scaffold,7,baseline,internal_selection,6,0.5254450099803435,1.0871522904763313
scaffold,7,baseline,internal_selection,7,0.4592529566323077,1.0517876004688025
scaffold,7,baseline,internal_selection,8,0.40851007041308507,1.0383885408911062
scaffold,7,baseline,internal_selection,9,0.3678093958139747,1.0319914450604826
scaffold,7,baseline,internal_selection,10,0.33409364547171666,1.0333368284224471
scaffold,7,baseline,internal_selection,11,0.30582312488896074,1.0366929608790785
scaffold,7,baseline,internal_selection,12,0.28086957325972045,1.0376987226978003
scaffold,7,baseline,internal_selection,13,0.25915793286204697,1.045999167690271
scaffold,7,baseline,internal_selection,14,0.24061664682107228,1.0540902088107715
scaffold,7,baseline,internal_selection,15,0.22350435118273565,1.062806931223317
scaffold,7,baseline,internal_selection,16,0.2086234909726409,1.0740957247698661
scaffold,7,baseline,internal_selection,17,0.19458474478209895,1.078640616639102
scaffold,7,baseline,internal_selection,18,0.18161950296321824,1.0827121181534514
scaffold,7,baseline,internal_selection,19,0.1706057831404426,1.0910140726722377
scaffold,7,baseline,internal_selection,20,0.1598861002774205,1.0969807074421538
scaffold,7,baseline,internal_selection,21,0.14960604469227326,1.1007957710390548
scaffold,7,baseline,internal_selection,22,0.14080895594511408,1.1094508164550851
scaffold,7,baseline,internal_selection,23,0.13268946533822162,1.117299807875314
scaffold,7,baseline,internal_selection,24,0.12591974434125852,1.1305482357588352
scaffold,7,baseline,internal_selection,25,0.11968233843926843,1.1338663121417758
scaffold,7,baseline,internal_selection,26,0.11451859568192263,1.1466452123159163
scaffold,7,baseline,internal_selection,27,0.10884629857020364,1.1512663929521763
scaffold,7,baseline,internal_selection,28,0.10454866968342845,1.1588590380582333
scaffold,7,baseline,internal_selection,29,0.10153500160113145,1.1671700292715164
scaffold,21,baseline,internal_selection,1,12.92805804174732,12.805267404726413
scaffold,21,baseline,internal_selection,2,1.915171908472047,1.945468460860461
scaffold,21,baseline,internal_selection,3,1.195430085863497,1.5844155591121538
scaffold,21,baseline,internal_selection,4,0.953938188236054,1.405181146171508
scaffold,21,baseline,internal_selection,5,0.810602651529531,1.3173231098672178
scaffold,21,baseline,internal_selection,6,0.7115357389225146,1.2485509268927366
scaffold,21,baseline,internal_selection,7,0.6378495374145466,1.1915188068658904
scaffold,21,baseline,internal_selection,8,0.5803040618427266,1.1462342474239007
scaffold,21,baseline,internal_selection,9,0.5337987240661949,1.1117966971805784
scaffold,21,baseline,internal_selection,10,0.49529443017567626,1.0876683142298587
scaffold,21,baseline,internal_selection,11,0.46261702106733404,1.0705349998998126
scaffold,21,baseline,internal_selection,12,0.4336766575597294,1.0620886922173622
scaffold,21,baseline,internal_selection,13,0.40789595578949533,1.054238581912152
scaffold,21,baseline,internal_selection,14,0.3846626340937591,1.0517662253104152
scaffold,21,baseline,internal_selection,15,0.3631700236741183,1.0532605297442486
scaffold,21,baseline,internal_selection,16,0.34280142896564175,1.0552908109738524
scaffold,21,baseline,internal_selection,17,0.3233713092214089,1.0599350830166974
scaffold,21,baseline,internal_selection,18,0.30503701009239015,1.0652359713594022
scaffold,21,baseline,internal_selection,19,0.28760298715182353,1.0699115611069023
scaffold,21,baseline,internal_selection,20,0.2710166421610337,1.077814422419618
scaffold,21,baseline,internal_selection,21,0.25533095830008024,1.0811446433742988
scaffold,21,baseline,internal_selection,22,0.23978662280906318,1.0890073229380446
scaffold,21,baseline,internal_selection,23,0.22522722049842167,1.0992328392318491
scaffold,21,baseline,internal_selection,24,0.21140114467575355,1.1090600045066126
scaffold,21,baseline,internal_selection,25,0.19905047981978677,1.118629108606257
scaffold,21,baseline,internal_selection,26,0.18731410738786158,1.1261440452272753
scaffold,21,baseline,internal_selection,27,0.17609909650263347,1.1319564938171731
scaffold,21,baseline,internal_selection,28,0.16462680972952332,1.1476862904346143
scaffold,21,baseline,internal_selection,29,0.15319296255305329,1.1581397916087122
scaffold,21,baseline,internal_selection,30,0.1413597315335822,1.1660662899083132
scaffold,21,baseline,internal_selection,31,0.13040996277462608,1.1683620948460662
scaffold,21,baseline,internal_selection,32,0.12002714067693562,1.1825548121949352
scaffold,21,baseline,internal_selection,33,0.11127532349013088,1.1758588323653787
scaffold,21,baseline,internal_selection,34,0.10253481096757264,1.1887170880913367
scaffold,84,baseline,internal_selection,1,14.620213807984628,14.253887446736028
scaffold,84,baseline,internal_selection,2,1.84839230570111,1.909619432040876
scaffold,84,baseline,internal_selection,3,1.1428230547619325,1.520219054208626
scaffold,84,baseline,internal_selection,4,0.8927367710703975,1.3532901153439327
scaffold,84,baseline,internal_selection,5,0.7462870539458512,1.2670539139072712
scaffold,84,baseline,internal_selection,6,0.6463905721895342,1.1924620254965865
scaffold,84,baseline,internal_selection,7,0.5727055627200078,1.124130389276752
scaffold,84,baseline,internal_selection,8,0.5159357400780077,1.0736716864754394
scaffold,84,baseline,internal_selection,9,0.4700862721824775,1.037903578705919
scaffold,84,baseline,internal_selection,10,0.4319484655597929,1.0117324766145308
scaffold,84,baseline,internal_selection,11,0.39970976629980104,0.9974581355239734
scaffold,84,baseline,internal_selection,12,0.37001204801913185,0.9939803012515209
scaffold,84,baseline,internal_selection,13,0.34340934650918997,0.9886469706975282
scaffold,84,baseline,internal_selection,14,0.32020006931964035,0.9954306511286092
scaffold,84,baseline,internal_selection,15,0.29898298550748276,0.9972745985896833
scaffold,84,baseline,internal_selection,16,0.28064978507419486,1.0046743141961914
scaffold,84,baseline,internal_selection,17,0.2642324257061949,1.0085992616035502
scaffold,84,baseline,internal_selection,18,0.2483184929839374,1.0177001619409354
scaffold,84,baseline,internal_selection,19,0.2356766584184253,1.0210037819444215
scaffold,84,baseline,internal_selection,20,0.22215979945056616,1.0232345700830014
scaffold,84,baseline,internal_selection,21,0.20990321249027777,1.023085566301558
scaffold,84,baseline,internal_selection,22,0.19668343881857053,1.039866796087342
scaffold,84,baseline,internal_selection,23,0.1856789288208444,1.041489192920088
scaffold,84,baseline,internal_selection,24,0.17612582876101804,1.0459585071317157
scaffold,84,baseline,internal_selection,25,0.16690155679144084,1.0562834180338991
scaffold,84,baseline,internal_selection,26,0.15819521073515677,1.0608350729623688
scaffold,84,baseline,internal_selection,27,0.1499762018577948,1.0763209944197785
scaffold,84,baseline,internal_selection,28,0.14280651653817636,1.0816960472196475
scaffold,84,baseline,internal_selection,29,0.1362489323277797,1.0909755812470774
scaffold,84,baseline,internal_selection,30,0.13056988658401122,1.1011429248679216
scaffold,84,baseline,internal_selection,31,0.12564931485184183,1.1107225134678573
scaffold,84,baseline,internal_selection,32,0.12119831789212188,1.1189054828458178
scaffold,84,baseline,internal_selection,33,0.11611961374791621,1.1265440578429333
scaffold,2026,baseline,internal_selection,1,2.882910042221281,2.847857076115608
scaffold,2026,baseline,internal_selection,2,1.4034549873798658,1.735060791017809
scaffold,2026,baseline,internal_selection,3,1.013135051222055,1.4525404711979628
scaffold,2026,baseline,internal_selection,4,0.8111574927889356,1.3265991084782771
scaffold,2026,baseline,internal_selection,5,0.6854613635292579,1.2226716940567164
scaffold,2026,baseline,internal_selection,6,0.5970586668473082,1.1430927530501624
scaffold,2026,baseline,internal_selection,7,0.5302636526391798,1.091700045831595
scaffold,2026,baseline,internal_selection,8,0.47734956130894246,1.06254502389297
scaffold,2026,baseline,internal_selection,9,0.43507937063435126,1.048613216663804
scaffold,2026,baseline,internal_selection,10,0.3988563361227024,1.0441545770157172
scaffold,2026,baseline,internal_selection,11,0.3642232035146733,1.051954156214316
scaffold,2026,baseline,internal_selection,12,0.33436468062456287,1.05649337931772
scaffold,2026,baseline,internal_selection,13,0.3097293937783484,1.061021679725222
scaffold,2026,baseline,internal_selection,14,0.28690876005788424,1.0723280211581383
scaffold,2026,baseline,internal_selection,15,0.2659062785772794,1.086637382621666
scaffold,2026,baseline,internal_selection,16,0.24450859827990934,1.0970055997512898
scaffold,2026,baseline,internal_selection,17,0.22922000477879073,1.1076545017563548
scaffold,2026,baseline,internal_selection,18,0.2146947176120063,1.115813295088938
scaffold,2026,baseline,internal_selection,19,0.20084273909002917,1.1157572478209032
scaffold,2026,baseline,internal_selection,20,0.187506797980406,1.1339707972576587
scaffold,2026,baseline,internal_selection,21,0.17690518807640926,1.1380141487858637
scaffold,2026,baseline,internal_selection,22,0.1660608818713334,1.1513777003641297
scaffold,2026,baseline,internal_selection,23,0.15409371389305274,1.1657606945067802
scaffold,2026,baseline,internal_selection,24,0.1434882051698486,1.1739465306022656
scaffold,2026,baseline,internal_selection,25,0.1346441511723522,1.1847623224346007
scaffold,2026,baseline,internal_selection,26,0.12549819138528995,1.196288868169658
scaffold,2026,baseline,internal_selection,27,0.11782786326187521,1.2109097894212486
scaffold,2026,baseline,internal_selection,28,0.1109818266466363,1.22066171657878
scaffold,2026,baseline,internal_selection,29,0.10471604520618406,1.2339904519917275
scaffold,2026,baseline,internal_selection,30,0.09973092403055002,1.2521970015262351
