split_strategy,subset,n_structures,mae_pki,rmse_pki,r2,r2_status,model_variant
random,train,2860,0.9597456223934044,1.1509135021170596,0.0,defined,dummy_mean
random,validation,358,0.9724890831044309,1.189047231090542,-0.0014744721263555416,defined,dummy_mean
random,train,2860,0.9594577685618998,1.1512165394850813,-0.0005266725302577324,defined,dummy_median
random,validation,358,0.9710406746847542,1.1883268991438358,-0.0002614411805650363,defined,dummy_median
scaffold,train,2778,0.959478573705196,1.1523054783179925,0.0,defined,dummy_mean
scaffold,validation,461,0.9560160162119107,1.1458978316923605,-0.0016198997437215645,defined,dummy_mean
scaffold,train,2778,0.9591568351857879,1.1526353890362633,-0.0005726917939883336,defined,dummy_median
scaffold,validation,461,0.9558406645740102,1.1473377023825877,-0.0041386395337841275,defined,dummy_median
random,train,2860,0.9597456223934044,1.1509135021170596,0.0,defined,cv_selected
random,validation,358,0.9724890831044309,1.189047231090542,-0.0014744721263555416,defined,cv_selected
scaffold,train,2778,0.9591568351857879,1.1526353890362633,-0.0005726917939883336,defined,cv_selected
scaffold,validation,461,0.9558406645740102,1.1473377023825877,-0.0041386395337841275,defined,cv_selected
